-- EBT data load into fleet `ebt` schema. Pilot FKs remapped onto public.pilots.
-- USER triggers disabled so derived-data triggers (carryover/evaluate/snapshot) do not
-- re-fire during bulk load; FK constraints stay enforced to reject any orphan pilot_id.
-- One-time EBT data load (not idempotent under db reset; prod is remote-only).
-- Pre-seed the 8 EBT-only (departed) pilots into fleet public.pilots as inactive,
-- reusing their EBT uuid so their training reports need no remap.
insert into "public"."pilots" ("id","first_name","last_name","role","employee_id","is_active") values
  ('8bdab6b8-8f18-471c-80ff-65406f27cc63', 'Esmond', 'Yasi', 'Captain', '3123', false),
  ('63ae7d44-c88f-44f3-b7bc-c369e8493e1d', 'Stuart', 'Hannah', 'First Officer', '6280', false),
  ('99c17a12-c657-4a98-a3c1-c0bb1037aa06', 'Fred', 'Puni', 'First Officer', '6819', false),
  ('926ffcc7-a46d-4275-9077-6055f00f0051', 'Kieth', 'Williams', 'First Officer', '6828', false),
  ('f6da0ec3-b610-4b3c-80e8-da937d4508ec', 'William', 'Ker', 'Captain', '6962', false),
  ('774f1634-2370-4179-8148-72165bba64de', 'Alex', 'Porter', 'Captain', '7671', false),
  ('62858c09-57e9-4581-9598-a08b81c760fd', 'Brian', 'Eleepe', 'First Officer', '8145', false),
  ('e2f7639b-a341-46fd-ab4c-673c7f34add8', 'Joe', 'Boma', 'First Officer', '8868', false)
on conflict ("id") do nothing;

alter table "ebt"."aircraft_types" disable trigger user;
alter table "ebt"."check_types" disable trigger user;
alter table "ebt"."competencies" disable trigger user;
alter table "ebt"."grade_descriptors" disable trigger user;
alter table "ebt"."licences" disable trigger user;
alter table "ebt"."medicals" disable trigger user;
alter table "ebt"."observable_behaviours" disable trigger user;
alter table "ebt"."qualifications" disable trigger user;
alter table "ebt"."pilot_qualifications" disable trigger user;
alter table "ebt"."profiles" disable trigger user;
alter table "ebt"."record_retention" disable trigger user;
alter table "ebt"."training_reports" disable trigger user;
alter table "ebt"."report_carryover_focus" disable trigger user;
alter table "ebt"."report_competency_grades" disable trigger user;
alter table "ebt"."report_phases" disable trigger user;
alter table "ebt"."report_qualifications" disable trigger user;
alter table "ebt"."specialised_training" disable trigger user;
alter table "ebt"."report_specialised_training" disable trigger user;
alter table "ebt"."state_transitions" disable trigger user;
alter table "ebt"."user_roles" disable trigger user;
alter table "ebt"."remedial_requirements" disable trigger user;
alter table "ebt"."report_documents" disable trigger user;
alter table "ebt"."report_observed_behaviours" disable trigger user;
alter table "ebt"."report_signatures" disable trigger user;
alter table "ebt"."pilot_ext" disable trigger user;

INSERT INTO "ebt"."aircraft_types" ("id", "code", "name", "active") VALUES
	('a70bb699-c8ea-4eef-92dd-ec701b783fa0', 'B767', 'Boeing 767-300', true);


--
-- Data for Name: check_types; Type: TABLE DATA; Schema: public; Owner: postgres
--

INSERT INTO "ebt"."check_types" ("id", "code", "name", "active") VALUES
	('34a934bf-7681-4e25-a976-00f91296c76b', 'SIM_RECURRENT', 'Simulator Recurrent Training', true),
	('11b56cd9-7b05-4eb6-a0ec-31f67f8fce95', 'LINE_CHECK', 'Line Check', true),
	('b3e5e36f-adb5-4ca9-90c1-e91ba9004568', 'TYPE_RATING', 'Type Rating', true);


--
-- Data for Name: competencies; Type: TABLE DATA; Schema: public; Owner: postgres
--

INSERT INTO "ebt"."competencies" ("code", "full_name", "display_name", "sort_order", "effective_from", "effective_to") VALUES
	('KNO', 'Application of Knowledge', 'Knowledge', 1, '2024-01-01', NULL),
	('FPM', 'Aeroplane Flight Path Management - manual control', 'Flight Path Management - Manual', 2, '2024-01-01', NULL),
	('FPA', 'Aeroplane Flight Path Management - automation', 'Flight Path Management - Automation', 3, '2024-01-01', NULL),
	('PRO', 'Application of Procedures and Compliance with Regulations', 'Application of Procedures', 4, '2024-01-01', NULL),
	('WLM', 'Workload Management', 'Workload Management', 5, '2024-01-01', NULL),
	('SAW', 'Situation Awareness and Management of Information', 'Situational Awareness', 6, '2024-01-01', NULL),
	('PSD', 'Problem Solving and Decision Making', 'Problem Solving and Decision Making', 7, '2024-01-01', NULL),
	('COM', 'Communication', 'Communication', 8, '2024-01-01', NULL),
	('LTW', 'Leadership and Teamwork', 'Leadership and Teamwork', 9, '2024-01-01', NULL);


--
-- Data for Name: grade_descriptors; Type: TABLE DATA; Schema: public; Owner: postgres
--

INSERT INTO "ebt"."grade_descriptors" ("grade", "label", "is_pass_threshold") VALUES
	(1, 'Ineffective', false),
	(2, 'Minimal acceptable', false),
	(3, 'Adequate', true),
	(4, 'Effective', false),
	(5, 'Exemplary', false);


--
-- Data for Name: pilots; Type: TABLE DATA; Schema: public; Owner: postgres
--

INSERT INTO "ebt"."licences" ("id", "pilot_id", "licence_type", "licence_no", "issuing_authority", "issue_date", "expiry", "created_at", "updated_at") VALUES
	('b5aba779-eb4e-4ad9-ba4d-205808164766', '6c9478c6-594f-4c06-b5cf-973a763d954d', 'ATPL', 'P20320', NULL, NULL, NULL, '2026-06-06 03:11:35.949892+00', '2026-06-06 03:11:35.949892+00'),
	('32f57cea-0108-428b-81a4-586a4784f5c3', '84a5b504-08b0-470f-a7ec-431c1cb5529b', 'ATPL', 'P20264', NULL, NULL, NULL, '2026-06-06 03:11:35.949892+00', '2026-06-06 03:11:35.949892+00'),
	('a596eabc-afd2-434b-9cb9-ecb1f6bc4f34', '1df41aae-b556-4563-b5b2-43d92c47b5fa', 'ATPL', 'P20232', NULL, NULL, NULL, '2026-06-06 03:11:35.949892+00', '2026-06-06 03:11:35.949892+00'),
	('ab6a813e-393d-48d9-90cf-addeec1355d1', '1a490ad6-51c1-4627-8dc2-d751d043a202', 'ATPL', 'P20289', NULL, NULL, NULL, '2026-06-06 03:11:35.949892+00', '2026-06-06 03:11:35.949892+00'),
	('5b33b2d2-0947-424a-8cdf-c54089846e7b', '63375827-27bd-495f-8e76-d0d6beefd75d', 'ATPL', 'P20179', NULL, NULL, NULL, '2026-06-06 03:11:35.949892+00', '2026-06-06 03:11:35.949892+00'),
	('7279f8b3-a3fc-48f1-bd94-a579dcd96ea9', '81a02873-0ee4-4a6b-823b-5f73b00e12b7', 'ATPL', 'P20491', NULL, NULL, NULL, '2026-06-06 03:11:35.949892+00', '2026-06-06 03:11:35.949892+00'),
	('ebafee00-406f-43df-97df-9aeb0ffbebce', 'cfdb499a-96f7-4859-8441-b3b1797d492e', 'ATPL', 'P20325', NULL, NULL, NULL, '2026-06-06 03:11:35.949892+00', '2026-06-06 03:11:35.949892+00'),
	('1c1e5980-c3ba-4e49-8c1e-2f4a85cd9f6c', '755c646a-e369-4cc5-92bf-2d24838c054d', 'ATPL', 'P20105', NULL, NULL, NULL, '2026-06-06 03:11:35.949892+00', '2026-06-06 03:11:35.949892+00'),
	('28018f24-02a1-43d4-8f76-0a84772f9024', '24ba455d-95ea-411f-a6d6-8e7f7a9ee18e', 'ATPL', 'P20295', NULL, NULL, NULL, '2026-06-06 03:11:35.949892+00', '2026-06-06 03:11:35.949892+00'),
	('08207812-33e5-4c12-bef7-03e2ac32deb9', '7eac0a9a-a1ec-4ad9-98ee-be4852272e1a', 'ATPL', 'P20161', NULL, NULL, NULL, '2026-06-06 03:11:35.949892+00', '2026-06-06 03:11:35.949892+00'),
	('0c400497-d45a-4071-ad3e-8e01cfe7be49', 'e2b5a78d-3c1f-428e-9124-e5f02c362746', 'ATPL', 'P20221', NULL, NULL, NULL, '2026-06-06 03:11:35.949892+00', '2026-06-06 03:11:35.949892+00'),
	('6320d21f-56e7-4541-8f9c-58701f3d36c3', 'aa0b038e-05a0-409b-acaa-84deb222a25d', 'ATPL', 'P20307', NULL, NULL, NULL, '2026-06-06 03:11:35.949892+00', '2026-06-06 03:11:35.949892+00'),
	('d9582ae8-a76c-48ea-ae99-97be328ab846', '2c82d0c5-10f7-46cb-bca5-5684cdb0bed4', 'ATPL', 'P20124', NULL, NULL, NULL, '2026-06-06 03:11:35.949892+00', '2026-06-06 03:11:35.949892+00'),
	('f5c99cf8-af4d-4f1d-a56c-34c4b3865546', 'a12cca73-4acd-4a23-92a6-4dd361ed4e64', 'ATPL', 'P210012', NULL, NULL, NULL, '2026-06-06 03:11:35.949892+00', '2026-06-06 03:11:35.949892+00'),
	('89cbc328-7088-41fb-970f-d41a710e93bf', 'c11a9879-2fcf-4efb-bb63-ec985360f9eb', 'ATPL', 'P21021', NULL, NULL, NULL, '2026-06-06 03:11:35.949892+00', '2026-06-06 03:11:35.949892+00'),
	('1e8df61a-46e2-43b3-bcf1-6984ecf5336f', 'd15163d3-8d5f-462b-8fdc-4138a6352bca', 'ATPL', 'P21352', NULL, NULL, NULL, '2026-06-06 03:11:35.949892+00', '2026-06-06 03:11:35.949892+00'),
	('e1f60240-cff4-4e67-851f-663904da2ad2', '75a8a05f-62b8-4e82-8e5b-7ef286066cc7', 'ATPL', 'P21040', NULL, NULL, NULL, '2026-06-06 03:11:35.949892+00', '2026-06-06 03:11:35.949892+00'),
	('5459716f-1625-40e2-aab1-4e7fdce9596c', '7ac58220-d06b-4166-9c38-7fb8bbc7d09b', 'ATPL', 'P21041', NULL, NULL, NULL, '2026-06-06 03:11:35.949892+00', '2026-06-06 03:11:35.949892+00'),
	('f124876f-604d-4eae-8f24-7c38f0978d76', 'e4652105-7a4a-4a49-ae48-ccd6995f9f70', 'ATPL', NULL, NULL, NULL, NULL, '2026-06-06 03:11:35.949892+00', '2026-06-06 03:11:35.949892+00'),
	('c35a5965-b2d1-42de-9d92-c3783c495002', 'c92c8825-1e46-4294-a8c3-43350d06280e', 'ATPL', 'P21064', NULL, NULL, NULL, '2026-06-06 03:11:35.949892+00', '2026-06-06 03:11:35.949892+00'),
	('87234172-4aba-4637-ab4c-62fb3981030f', '4e7637b0-2bb6-403f-b0bb-8b546165a3ae', 'ATPL', 'P21066', NULL, NULL, NULL, '2026-06-06 03:11:35.949892+00', '2026-06-06 03:11:35.949892+00'),
	('9ede9551-2961-4d82-b53f-3277ce3b43bd', '3595d38b-8240-40ec-a867-58716c8d5828', 'ATPL', 'P21080', NULL, NULL, NULL, '2026-06-06 03:11:35.949892+00', '2026-06-06 03:11:35.949892+00'),
	('c0c5ed3a-7066-44c8-8e8a-baf6a46ba9ae', '207553c3-0c32-4eb9-b878-db18ab10a3e6', 'ATPL', 'P21079', NULL, NULL, NULL, '2026-06-06 03:11:35.949892+00', '2026-06-06 03:11:35.949892+00'),
	('67fbe72e-2578-4d24-93c0-14d643a0fe54', 'b6c7b1ee-1d3e-437d-8390-e8a403b07419', 'ATPL', NULL, NULL, NULL, NULL, '2026-06-06 03:11:35.949892+00', '2026-06-06 03:11:35.949892+00'),
	('266e2d66-a62b-4945-96f6-11c9099f1f3b', '8489db45-471f-4b86-8025-f4e2a3c8ebe9', 'ATPL', 'P20151', NULL, NULL, NULL, '2026-06-06 03:11:35.949892+00', '2026-06-06 03:11:35.949892+00'),
	('7b30f55a-fe0a-4413-b85c-41eb7c393d2a', '1a1aa6bc-bf1e-4fd3-b710-efa490754a26', 'ATPL', 'P20451', NULL, NULL, NULL, '2026-06-06 03:11:35.949892+00', '2026-06-06 03:11:35.949892+00'),
	('d9e48532-62a7-4557-a759-4bd1d87d5151', 'a8f7abec-a88e-401e-a74c-5425dc07178b', 'ATPL', 'P20443', NULL, NULL, NULL, '2026-06-06 03:11:35.949892+00', '2026-06-06 03:11:35.949892+00'),
	('50e5b161-1e16-448b-8c7f-4a5ff5998e43', '8bdab6b8-8f18-471c-80ff-65406f27cc63', 'ATPL', 'P20034', 'CASA PNG', NULL, NULL, '2026-06-06 05:41:54.751145+00', '2026-06-06 05:41:54.751145+00'),
	('56a2c152-22c3-4538-a406-b4fbbe256348', '63ae7d44-c88f-44f3-b7bc-c369e8493e1d', 'ATPL', 'P20608', 'CASA PNG', NULL, NULL, '2026-06-06 05:41:55.785108+00', '2026-06-06 05:41:55.785108+00'),
	('e18e876b-e578-4286-9f79-bdbd91829e49', '99c17a12-c657-4a98-a3c1-c0bb1037aa06', 'ATPL', 'P2 0763', 'CASA PNG', NULL, NULL, '2026-06-06 05:41:56.839942+00', '2026-06-06 05:41:56.839942+00'),
	('8f84faaa-bba5-4729-ac92-0c1223c18608', '926ffcc7-a46d-4275-9077-6055f00f0051', 'ATPL', 'P21727', 'CASA PNG', NULL, NULL, '2026-06-06 05:41:57.884547+00', '2026-06-06 05:41:57.884547+00'),
	('6a345f38-56c8-4b68-845a-e36a73aecbb3', 'f6da0ec3-b610-4b3c-80e8-da937d4508ec', 'ATPL', 'P21553', 'CASA PNG', NULL, NULL, '2026-06-06 05:41:58.935237+00', '2026-06-06 05:41:58.935237+00'),
	('1dff9363-c195-4926-93c3-ec318856e1c3', '774f1634-2370-4179-8148-72165bba64de', 'ATPL', 'P20109', 'CASA PNG', NULL, NULL, '2026-06-06 05:41:59.980277+00', '2026-06-06 05:41:59.980277+00'),
	('e5868258-86e7-45b7-afc0-445a7daa500f', '62858c09-57e9-4581-9598-a08b81c760fd', 'ATPL', 'P20167', 'CASA PNG', NULL, NULL, '2026-06-06 05:42:01.026505+00', '2026-06-06 05:42:01.026505+00'),
	('99c275ba-bee1-48e3-a95b-c243a1b340f2', 'e2f7639b-a341-46fd-ab4c-673c7f34add8', 'ATPL', 'P20553', 'CASA PNG', NULL, NULL, '2026-06-06 05:42:02.070825+00', '2026-06-06 05:42:02.070825+00');


--
-- Data for Name: medicals; Type: TABLE DATA; Schema: public; Owner: postgres
--

INSERT INTO "ebt"."medicals" ("id", "pilot_id", "medical_class", "issue_date", "expiry", "limitations", "created_at", "updated_at") VALUES
	('4fb22540-6ab3-41ad-922c-3bd48ee15b4e', '6c9478c6-594f-4c06-b5cf-973a763d954d', 'Class 1', NULL, '2026-07-29', NULL, '2026-06-06 03:11:35.949892+00', '2026-06-06 03:11:35.949892+00'),
	('20dd2742-b2ae-4fb9-a24a-1b0df9a26afc', '84a5b504-08b0-470f-a7ec-431c1cb5529b', 'Class 1', NULL, '2026-07-24', NULL, '2026-06-06 03:11:35.949892+00', '2026-06-06 03:11:35.949892+00'),
	('e971d99d-6e5a-4410-8427-7b98c7e8630b', '1df41aae-b556-4563-b5b2-43d92c47b5fa', 'Class 1', NULL, '2026-11-11', NULL, '2026-06-06 03:11:35.949892+00', '2026-06-06 03:11:35.949892+00'),
	('7ad9dcc8-0ec2-42b9-92bf-fa295da22545', '1a490ad6-51c1-4627-8dc2-d751d043a202', 'Class 1', NULL, '2026-07-07', NULL, '2026-06-06 03:11:35.949892+00', '2026-06-06 03:11:35.949892+00'),
	('7240dcdb-2ca7-4dd8-be49-bacfddd62e64', '63375827-27bd-495f-8e76-d0d6beefd75d', 'Class 1', NULL, '2026-08-15', NULL, '2026-06-06 03:11:35.949892+00', '2026-06-06 03:11:35.949892+00'),
	('bc4fc7f6-2ac7-4a43-8d3a-d16c1206f6dc', '81a02873-0ee4-4a6b-823b-5f73b00e12b7', 'Class 1', NULL, NULL, NULL, '2026-06-06 03:11:35.949892+00', '2026-06-06 03:11:35.949892+00'),
	('4fb8bbe0-1b09-46aa-9f7a-90c75b73eda9', 'cfdb499a-96f7-4859-8441-b3b1797d492e', 'Class 1', NULL, '2026-12-02', NULL, '2026-06-06 03:11:35.949892+00', '2026-06-06 03:11:35.949892+00'),
	('c9a0e147-4c22-4304-b1af-36bacf5bb6f0', '755c646a-e369-4cc5-92bf-2d24838c054d', 'Class 1', NULL, '2026-06-21', NULL, '2026-06-06 03:11:35.949892+00', '2026-06-06 03:11:35.949892+00'),
	('ced58dd7-7475-4e44-8b81-44d8a32cb930', '24ba455d-95ea-411f-a6d6-8e7f7a9ee18e', 'Class 1', NULL, '2027-06-06', NULL, '2026-06-06 03:11:35.949892+00', '2026-06-06 03:11:35.949892+00'),
	('ad387482-8a92-4849-b9a7-ef7940e9f171', '7eac0a9a-a1ec-4ad9-98ee-be4852272e1a', 'Class 1', NULL, '2026-09-26', NULL, '2026-06-06 03:11:35.949892+00', '2026-06-06 03:11:35.949892+00'),
	('151184c5-11fa-480f-a020-94358e7734a2', 'e2b5a78d-3c1f-428e-9124-e5f02c362746', 'Class 1', NULL, '2026-09-26', NULL, '2026-06-06 03:11:35.949892+00', '2026-06-06 03:11:35.949892+00'),
	('ae4a8b26-fedd-46f3-b758-c28da8387a99', 'aa0b038e-05a0-409b-acaa-84deb222a25d', 'Class 1', NULL, '2027-03-31', NULL, '2026-06-06 03:11:35.949892+00', '2026-06-06 03:11:35.949892+00'),
	('6c2b7839-ba45-40fc-bb70-062d1bf76fc6', '2c82d0c5-10f7-46cb-bca5-5684cdb0bed4', 'Class 1', NULL, '2026-08-09', NULL, '2026-06-06 03:11:35.949892+00', '2026-06-06 03:11:35.949892+00'),
	('55cb6043-f5a2-42e3-bea8-a43b6fb5edf2', 'a12cca73-4acd-4a23-92a6-4dd361ed4e64', 'Class 1', NULL, NULL, NULL, '2026-06-06 03:11:35.949892+00', '2026-06-06 03:11:35.949892+00'),
	('6debfab6-2fe2-4b44-ae15-94f776ce79f6', 'c11a9879-2fcf-4efb-bb63-ec985360f9eb', 'Class 1', NULL, '2026-12-14', NULL, '2026-06-06 03:11:35.949892+00', '2026-06-06 03:11:35.949892+00'),
	('313988eb-89b1-4174-86d6-85525ee317ec', 'd15163d3-8d5f-462b-8fdc-4138a6352bca', 'Class 1', NULL, '2027-03-06', NULL, '2026-06-06 03:11:35.949892+00', '2026-06-06 03:11:35.949892+00'),
	('8662c0ce-e4b0-4b3d-8e27-70565cba04e4', '75a8a05f-62b8-4e82-8e5b-7ef286066cc7', 'Class 1', NULL, '2027-03-10', NULL, '2026-06-06 03:11:35.949892+00', '2026-06-06 03:11:35.949892+00'),
	('2ac551ce-7dec-4002-bb95-281ad5a8297e', '7ac58220-d06b-4166-9c38-7fb8bbc7d09b', 'Class 1', NULL, '2026-05-24', NULL, '2026-06-06 03:11:35.949892+00', '2026-06-06 03:11:35.949892+00'),
	('8ef2cea5-5209-4412-a428-587ce0ba58a0', 'e4652105-7a4a-4a49-ae48-ccd6995f9f70', 'Class 1', NULL, '2026-07-17', NULL, '2026-06-06 03:11:35.949892+00', '2026-06-06 03:11:35.949892+00'),
	('35006cc7-4f19-4650-8f2e-7eb11c0db580', 'c92c8825-1e46-4294-a8c3-43350d06280e', 'Class 1', NULL, '2027-02-13', NULL, '2026-06-06 03:11:35.949892+00', '2026-06-06 03:11:35.949892+00'),
	('17e06bd7-1dcd-476a-b41d-96c04a40d965', '4e7637b0-2bb6-403f-b0bb-8b546165a3ae', 'Class 1', NULL, '2026-07-09', NULL, '2026-06-06 03:11:35.949892+00', '2026-06-06 03:11:35.949892+00'),
	('69b60323-8d4c-40be-ab08-d07be0a7d386', '3595d38b-8240-40ec-a867-58716c8d5828', 'Class 1', NULL, '2026-07-02', NULL, '2026-06-06 03:11:35.949892+00', '2026-06-06 03:11:35.949892+00'),
	('87e54947-4b20-4332-8626-0c7e62ad613b', '207553c3-0c32-4eb9-b878-db18ab10a3e6', 'Class 1', NULL, '2026-07-03', NULL, '2026-06-06 03:11:35.949892+00', '2026-06-06 03:11:35.949892+00'),
	('ca1895b0-7ce7-457e-ac12-cc2e1a3aeca9', 'b6c7b1ee-1d3e-437d-8390-e8a403b07419', 'Class 1', NULL, '2027-10-23', NULL, '2026-06-06 03:11:35.949892+00', '2026-06-06 03:11:35.949892+00'),
	('0cf2ae6f-4d04-4831-af29-0406873d4a98', '8489db45-471f-4b86-8025-f4e2a3c8ebe9', 'Class 1', NULL, '2026-08-18', NULL, '2026-06-06 03:11:35.949892+00', '2026-06-06 03:11:35.949892+00'),
	('c67e83d6-5494-4289-acb8-92597de04b5b', '1a1aa6bc-bf1e-4fd3-b710-efa490754a26', 'Class 1', NULL, '2027-02-24', NULL, '2026-06-06 03:11:35.949892+00', '2026-06-06 03:11:35.949892+00'),
	('0db9b84b-1c37-49c1-a122-6926cd21352c', 'a8f7abec-a88e-401e-a74c-5425dc07178b', 'Class 1', NULL, '2026-11-11', NULL, '2026-06-06 03:11:35.949892+00', '2026-06-06 03:11:35.949892+00'),
	('83b27ad4-0698-456a-929f-d73d8ec371a2', '8bdab6b8-8f18-471c-80ff-65406f27cc63', 'Class 1', NULL, '2026-10-31', NULL, '2026-06-06 05:41:54.967874+00', '2026-06-06 05:41:54.967874+00'),
	('be6d6896-e952-48a6-aefd-2e5c005dcbdf', '63ae7d44-c88f-44f3-b7bc-c369e8493e1d', 'Class 1', NULL, '2023-12-09', NULL, '2026-06-06 05:41:56.003282+00', '2026-06-06 05:41:56.003282+00'),
	('0cf2b1dd-d0de-47a8-8e8c-94f5f620c19c', '99c17a12-c657-4a98-a3c1-c0bb1037aa06', 'Class 1', NULL, '2023-11-25', NULL, '2026-06-06 05:41:57.069296+00', '2026-06-06 05:41:57.069296+00'),
	('95736441-6e5f-4340-a046-fb34c2e55f87', '926ffcc7-a46d-4275-9077-6055f00f0051', 'Class 1', NULL, '2024-11-15', NULL, '2026-06-06 05:41:58.114081+00', '2026-06-06 05:41:58.114081+00'),
	('11511b56-698d-4d82-ba69-40e98a39a56b', 'f6da0ec3-b610-4b3c-80e8-da937d4508ec', 'Class 1', NULL, '2025-04-25', NULL, '2026-06-06 05:41:59.163957+00', '2026-06-06 05:41:59.163957+00'),
	('9b60c08c-0ab7-4578-922e-ee39c16bce83', '774f1634-2370-4179-8148-72165bba64de', 'Class 1', NULL, '2026-01-26', NULL, '2026-06-06 05:42:00.197021+00', '2026-06-06 05:42:00.197021+00'),
	('3dbe5206-6d50-4256-a78a-5673698e723c', '62858c09-57e9-4581-9598-a08b81c760fd', 'Class 1', NULL, '2025-06-08', NULL, '2026-06-06 05:42:01.298083+00', '2026-06-06 05:42:01.298083+00'),
	('52f2fcee-9222-4543-8cb4-41a5ad8834e4', 'e2f7639b-a341-46fd-ab4c-673c7f34add8', 'Class 1', NULL, '2025-05-31', NULL, '2026-06-06 05:42:02.291936+00', '2026-06-06 05:42:02.291936+00');


--
-- Data for Name: observable_behaviours; Type: TABLE DATA; Schema: public; Owner: postgres
--

INSERT INTO "ebt"."observable_behaviours" ("id", "competency_code", "code", "description", "sort_order", "effective_from", "effective_to") VALUES
	('c6437f74-2c37-4792-b855-44de27932866', 'KNO', '0.1', 'Demonstrates practical and applicable knowledge of limitations and systems and their interaction', 1, '2024-01-01', NULL),
	('58fe6a04-b1bb-453b-9056-4aa1f2fcaef2', 'KNO', '0.2', 'Demonstrates required knowledge of published operating instructions.', 2, '2024-01-01', NULL),
	('e982da02-6a01-4b9e-9ea3-0888d697435c', 'KNO', '0.3', 'Demonstrates knowledge of the physical environment, the air traffic environment including routings, weather, airports and operational infrastructure.', 3, '2024-01-01', NULL),
	('da21b9d6-0aa0-4374-aaa3-e9086f8d3597', 'KNO', '0.4', 'Demonstrates appropriate knowledge of applicable legislation.', 4, '2024-01-01', NULL),
	('fb2a1d25-2f03-47bd-b4ce-8378470a7a4d', 'KNO', '0.5', 'Knows where to source required information.', 5, '2024-01-01', NULL),
	('085b85a0-61a0-4be6-a26f-733573615084', 'KNO', '0.6', 'Demonstrates a positive interest in acquiring knowledge.', 6, '2024-01-01', NULL),
	('f8170ba5-38b9-434a-88a6-0bc82d432624', 'KNO', '0.7', 'Is able to apply knowledge effectively.', 7, '2024-01-01', NULL),
	('13c53416-0054-4665-9021-129f6d13f876', 'PRO', '1.1', 'Identifies where to find procedures and regulations.', 1, '2024-01-01', NULL),
	('056da88e-52f6-481c-8ef3-823fdbd18aea', 'PRO', '1.2', 'Applies relevant operating instructions, procedures and techniques in a timely manner.', 2, '2024-01-01', NULL),
	('385d7aa1-9519-41a1-8635-8a509bc124b5', 'PRO', '1.3', 'Follows SOPs unless a higher degree of safety dictates an appropriate deviation.', 3, '2024-01-01', NULL),
	('b12416ab-60a2-44ee-a9c2-cea4c19912a6', 'PRO', '1.4', 'Operates aircraft systems and associated equipment correctly.', 4, '2024-01-01', NULL),
	('b0210163-6abd-4dd5-b317-262a6687f467', 'PRO', '1.5', 'Monitors aircraft systems status.', 5, '2024-01-01', NULL),
	('6a350b2a-d607-4e0e-bf92-9b135009f12f', 'PRO', '1.6', 'Complies with applicable regulations.', 6, '2024-01-01', NULL),
	('f8d2af66-fcb5-4abd-a407-496ce48fe70c', 'PRO', '1.7', 'Applies relevant procedural knowledge.', 7, '2024-01-01', NULL),
	('67a6990e-a3b2-42e7-8ec5-3ca37f3af8fe', 'COM', '2.1', 'Determines that the recipient is ready and able to receive the information.', 1, '2024-01-01', NULL),
	('e20ebb40-9e51-4718-a8fb-71be9aa60e4a', 'COM', '2.2', 'Selects appropriately what, when, how and with whom to communicate.', 2, '2024-01-01', NULL),
	('3de54b6b-3c7d-423f-9b8a-7edb3856b223', 'COM', '2.3', 'Conveys messages clearly, accurately and concisely.', 3, '2024-01-01', NULL),
	('0347f8b6-96f3-4dfd-b6d7-933162817221', 'COM', '2.4', 'Confirms that the recipient correctly understands important information.', 4, '2024-01-01', NULL),
	('39351cdd-70d6-4eef-8891-359bb5e31d0e', 'COM', '2.5', 'Listens actively and demonstrates understanding when receiving information.', 5, '2024-01-01', NULL),
	('93275dba-1463-411e-ac7f-c3f2c8356df8', 'COM', '2.6', 'Asks relevant and effective questions.', 6, '2024-01-01', NULL),
	('2589a678-972b-4908-bd64-3b78ab09bb20', 'COM', '2.7', 'Uses appropriate escalation in communication to resolve identified deviations.', 7, '2024-01-01', NULL),
	('16ac074f-1393-4da2-8221-66b088665735', 'COM', '2.8', 'Uses and interprets non-verbal communication in a manner appropriate to the organisational and social culture.', 8, '2024-01-01', NULL),
	('fe0eb03f-b505-4aa7-af11-0ebe104ee815', 'COM', '2.9', 'Adheres to standard radiotelephone phraseology and procedures.', 9, '2024-01-01', NULL),
	('40c06617-fc24-405a-a90a-2d9f001bd830', 'COM', '2.10', 'Accurately reads, interprets, constructs and responds to datalink messages in English.', 10, '2024-01-01', NULL),
	('91cf502a-796e-42d7-81d7-46b250f26a12', 'FPA', '3.1', 'Uses appropriate flight management, guidance systems and automation, as installed and appropriate to the conditions.', 1, '2024-01-01', NULL),
	('8ba30a5e-bba5-467d-b6ef-4b60c24c04ad', 'FPA', '3.2', 'Monitors and detects deviations from the intended flight path and takes appropriate action.', 2, '2024-01-01', NULL),
	('550bbcf6-d649-4cbb-8816-d3499bc40567', 'FPA', '3.3', 'Manages the flight path safely to achieve optimum operational performance.', 3, '2024-01-01', NULL),
	('1097e437-69ce-4261-adc4-5d73738f18cf', 'FPA', '3.4', 'Maintains the intended flight path during flight using automation while managing other tasks and distractions.', 4, '2024-01-01', NULL),
	('3509c5be-52fd-4589-96d7-fd51dc5bc495', 'FPA', '3.5', 'Selects appropriate level and mode of automation in a timely manner considering phase of flight and workload.', 5, '2024-01-01', NULL),
	('2bc1746f-9a99-4467-a48d-7477fd433a40', 'FPA', '3.6', 'Effectively manages automation, including engagement and automatic mode transitions.', 6, '2024-01-01', NULL),
	('3201deb1-ed58-49ff-9e7f-729e15848cc7', 'FPM', '4.1', 'Controls the aircraft manually with accuracy and smoothness as appropriate to the situation.', 1, '2024-01-01', NULL),
	('48d4c4b6-5b8f-456f-90cc-71c69289a939', 'FPM', '4.2', 'Monitors and detects deviations from the intended flight path and takes appropriate action.', 2, '2024-01-01', NULL),
	('ce2f18cf-d474-469e-a61a-78cc93f1df79', 'FPM', '4.3', 'Manually controls the aircraft using the relationship between aircraft attitude, speed and thrust and navigation signals or visual information.', 3, '2024-01-01', NULL),
	('91f3b8cb-cb14-4778-bde5-809de201500f', 'FPM', '4.4', 'Manages the flight path safely to achieve optimum operational performance.', 4, '2024-01-01', NULL),
	('f3d7f55b-6b16-457a-9f2a-8b93baa2b37f', 'FPM', '4.5', 'Maintains the intended flight path during manual flight while managing other tasks and distractions.', 5, '2024-01-01', NULL),
	('af925716-cb18-40cc-ad39-aaf66ea3c3a6', 'FPM', '4.6', 'Uses appropriate flight management and guidance systems as installed and applicable to the conditions.', 6, '2024-01-01', NULL),
	('be178dbb-4bc9-43ad-bcc3-7a4e116ab1f7', 'FPM', '4.7', 'Effectively monitors flight guidance systems including engagement and automatic mode transitions.', 7, '2024-01-01', NULL),
	('b897373d-9988-4b17-b5f4-5167c16e1790', 'LTW', '5.1', 'Encourages team participation and open communication.', 1, '2024-01-01', NULL),
	('5eb6c757-4e9c-4cec-8d66-e5b68da85161', 'LTW', '5.2', 'Demonstrates initiative and provides direction when required.', 2, '2024-01-01', NULL),
	('e95c6c3a-e4d4-4145-b128-d2c90f8f03fc', 'LTW', '5.3', 'Engages others in planning.', 3, '2024-01-01', NULL),
	('bdf00317-8134-4f21-bf68-7465cfe37c4c', 'LTW', '5.4', 'Considers inputs from others.', 4, '2024-01-01', NULL),
	('c008e338-ec2b-4ad2-9cf3-95efc29934f2', 'LTW', '5.5', 'Gives and receives feedback constructively.', 5, '2024-01-01', NULL),
	('1a561306-80a3-4124-8919-af12fd17513f', 'LTW', '5.6', 'Addresses and resolves conflicts and disagreements in a constructive manner.', 6, '2024-01-01', NULL),
	('499cc1ce-a48a-415a-80c3-0d7493dc3a14', 'LTW', '5.7', 'Exercises decisive leadership when required.', 7, '2024-01-01', NULL),
	('95283d85-482c-451f-b14c-802095ea87bd', 'LTW', '5.8', 'Accepts responsibility for decisions and actions.', 8, '2024-01-01', NULL),
	('b4423f36-00a3-4160-a262-3d8925f233e8', 'LTW', '5.9', 'Carries out instructions when directed.', 9, '2024-01-01', NULL),
	('b96710d7-4196-4017-90e7-0fc9e960b694', 'LTW', '5.10', 'Applies effective intervention strategies to resolve identified differences.', 10, '2024-01-01', NULL),
	('640ecc20-3fa8-4fe4-b5e3-f51334795870', 'LTW', '5.11', 'Manages cultural and language challenges, as applicable.', 11, '2024-01-01', NULL),
	('c071248b-b545-4f49-b83b-06cff97ac12b', 'PSD', '6.1', 'Identifies, assesses and manages threats and errors in a timely manner.', 1, '2024-01-01', NULL),
	('9505c4f5-2889-4121-89fa-8734e376480b', 'PSD', '6.2', 'Seeks accurate and adequate information from appropriate sources.', 2, '2024-01-01', NULL),
	('b92c8afe-2bc7-4ded-a29f-dbd42a7754ef', 'PSD', '6.3', 'Identifies and verifies what and why things have gone wrong, if appropriate.', 3, '2024-01-01', NULL),
	('c8f8b2e0-9192-4633-87dc-48b7379eb5fc', 'PSD', '6.4', 'Perseveres in working through problems without reducing safety.', 4, '2024-01-01', NULL),
	('7d13e8b3-982b-45d7-906b-d8de264812fe', 'PSD', '6.5', 'Identifies and considers appropriate options.', 5, '2024-01-01', NULL),
	('38ba4f38-b776-4634-a391-7433bae8f25d', 'PSD', '6.6', 'Applies appropriate and timely decision-making techniques.', 6, '2024-01-01', NULL),
	('d8f06e12-1210-4812-9144-16128e13db10', 'PSD', '6.7', 'Monitors, reviews, and adapts decisions as required.', 7, '2024-01-01', NULL),
	('d775c179-7f9f-41a4-89f9-9f51a479fa40', 'PSD', '6.8', 'Adapts when faced with situations where no guidance or procedure exists.', 8, '2024-01-01', NULL),
	('6c27d485-7966-42a8-9746-caf38275ebe1', 'PSD', '6.9', 'Demonstrates resilience when encountering an unexpected event.', 9, '2024-01-01', NULL),
	('6ec02ee5-18d5-486b-a181-c94f07c4d7e4', 'SAW', '7.1', 'Monitors and assesses the state of the aircraft and its systems.', 1, '2024-01-01', NULL),
	('003e54d5-57e6-43d3-a36a-a3256a3d7dd6', 'SAW', '7.2', 'Monitors and assesses the aircraft''s energy state and its anticipated flight path.', 2, '2024-01-01', NULL),
	('893b8606-9d6e-43d9-aa76-5a9bb1edd87e', 'SAW', '7.3', 'Monitors and assesses the environment as it may affect the operation.', 3, '2024-01-01', NULL),
	('7c95dbd1-16bc-4396-bd6a-5a58a74fdbd1', 'SAW', '7.4', 'Validates the accuracy of information and checks for gross errors.', 4, '2024-01-01', NULL),
	('f61e39e3-ed34-43c1-8d8d-d35652d2005b', 'SAW', '7.5', 'Maintains awareness of the people involved in or affected by the operation and their capacity to perform as expected.', 5, '2024-01-01', NULL),
	('54ddf5c8-7d52-4627-a7ea-180b7bab069b', 'SAW', '7.6', 'Develops effective contingency plans based upon potential risks associated with threats and errors.', 6, '2024-01-01', NULL),
	('c4e7e3de-27a6-40ae-9d19-045b5ef5059e', 'SAW', '7.7', 'Responds to indications of reduced situational awareness.', 7, '2024-01-01', NULL),
	('816b23d7-7481-4ee1-9815-19baf5f51ca1', 'WLM', '8.1', 'Exercises self-control in all situations.', 1, '2024-01-01', NULL),
	('1f989de9-73f9-4777-917a-1efe186ad7d0', 'WLM', '8.2', 'Plans, prioritizes and schedules appropriate tasks effectively.', 2, '2024-01-01', NULL),
	('a81c7501-bb6c-4c9d-94f7-bf35c8c3ce11', 'WLM', '8.3', 'Manages time efficiently when carrying out tasks.', 3, '2024-01-01', NULL),
	('236cb12f-b8a4-4f76-94ba-39d3323f2c18', 'WLM', '8.4', 'Offers and gives assistance.', 4, '2024-01-01', NULL),
	('8e461264-1e5f-4be5-85e4-817b6e816896', 'WLM', '8.5', 'Delegates tasks.', 5, '2024-01-01', NULL),
	('0ba37e04-d4ce-49aa-a79c-a35d200b2dba', 'WLM', '8.6', 'Seeks and accepts assistance, when appropriate.', 6, '2024-01-01', NULL),
	('6146562a-8523-4199-b311-009635611434', 'WLM', '8.7', 'Monitors, reviews and cross-checks actions conscientiously.', 7, '2024-01-01', NULL),
	('2c1f60e4-7321-46ff-bb93-cc9cbf6573cc', 'WLM', '8.8', 'Verifies that tasks are completed to the expected outcome.', 8, '2024-01-01', NULL),
	('c776ace1-55f5-46d0-93c8-8fd209a5c788', 'WLM', '8.9', 'Manages and recovers from interruptions, distractions, variations and failures effectively while performing tasks.', 9, '2024-01-01', NULL);


--
-- Data for Name: qualifications; Type: TABLE DATA; Schema: public; Owner: postgres
--

INSERT INTO "ebt"."qualifications" ("id", "code", "name", "active", "sort_order") VALUES
	('4e7e4277-309f-4b39-8ac0-3a352438cd83', 'PROFICIENCY', 'Proficiency', true, 1),
	('b3d68c23-144c-48c6-8fd9-8ec21febcdb2', 'TAKEOFF_LANDING', 'Take-off and Landing', true, 2),
	('16bcbaff-9d1f-472d-87f8-602ffdae6e34', 'INSTRUMENT_RATING', 'Instrument Rating', true, 3),
	('301525ec-6c7f-444b-b557-f2079c88011d', 'RIGHT_HAND_SEAT', 'Right Hand Seat', true, 4);


--
-- Data for Name: pilot_qualifications; Type: TABLE DATA; Schema: public; Owner: postgres
--

INSERT INTO "ebt"."pilot_qualifications" ("id", "pilot_id", "qualification_id", "valid_from", "valid_to", "created_at", "updated_at") VALUES
	('3c7cb55d-06ad-4e40-b464-04144c0f7357', '6c9478c6-594f-4c06-b5cf-973a763d954d', '16bcbaff-9d1f-472d-87f8-602ffdae6e34', NULL, '2027-08-15', '2026-06-06 03:11:35.949892+00', '2026-06-06 03:11:35.949892+00'),
	('baa233b2-4a66-45a9-81e8-e207e350b416', '84a5b504-08b0-470f-a7ec-431c1cb5529b', '16bcbaff-9d1f-472d-87f8-602ffdae6e34', NULL, '2027-04-18', '2026-06-06 03:11:35.949892+00', '2026-06-06 03:11:35.949892+00'),
	('6b69c224-c98d-446e-a916-74407cacd756', '1df41aae-b556-4563-b5b2-43d92c47b5fa', '16bcbaff-9d1f-472d-87f8-602ffdae6e34', NULL, '2026-11-28', '2026-06-06 03:11:35.949892+00', '2026-06-06 03:11:35.949892+00'),
	('66d66745-a86a-4ddc-98b8-710a4ca6ade8', '1a490ad6-51c1-4627-8dc2-d751d043a202', '16bcbaff-9d1f-472d-87f8-602ffdae6e34', NULL, '2026-08-27', '2026-06-06 03:11:35.949892+00', '2026-06-06 03:11:35.949892+00'),
	('56117df2-8e7a-45e1-b688-87446e91a3d5', '63375827-27bd-495f-8e76-d0d6beefd75d', '16bcbaff-9d1f-472d-87f8-602ffdae6e34', NULL, '2026-12-22', '2026-06-06 03:11:35.949892+00', '2026-06-06 03:11:35.949892+00'),
	('fc516552-59ca-4d69-8330-8ddcdc177054', '81a02873-0ee4-4a6b-823b-5f73b00e12b7', '16bcbaff-9d1f-472d-87f8-602ffdae6e34', NULL, '2027-04-18', '2026-06-06 03:11:35.949892+00', '2026-06-06 03:11:35.949892+00'),
	('d470b3ec-e961-408a-978f-ac14b7eb4446', 'cfdb499a-96f7-4859-8441-b3b1797d492e', '16bcbaff-9d1f-472d-87f8-602ffdae6e34', NULL, '2026-08-08', '2026-06-06 03:11:35.949892+00', '2026-06-06 03:11:35.949892+00'),
	('8aa758db-dc82-4c79-aa44-07582e7c86fb', '755c646a-e369-4cc5-92bf-2d24838c054d', '16bcbaff-9d1f-472d-87f8-602ffdae6e34', NULL, '2027-01-11', '2026-06-06 03:11:35.949892+00', '2026-06-06 03:11:35.949892+00'),
	('e5570155-ff82-4f20-9d1a-0297bbc68c87', '24ba455d-95ea-411f-a6d6-8e7f7a9ee18e', '16bcbaff-9d1f-472d-87f8-602ffdae6e34', NULL, '2026-08-28', '2026-06-06 03:11:35.949892+00', '2026-06-06 03:11:35.949892+00'),
	('6497c97a-bd39-45b0-9986-2fbc2b634e37', '7eac0a9a-a1ec-4ad9-98ee-be4852272e1a', '16bcbaff-9d1f-472d-87f8-602ffdae6e34', NULL, '2026-12-19', '2026-06-06 03:11:35.949892+00', '2026-06-06 03:11:35.949892+00'),
	('0ee07e41-3b39-4024-86f1-f7e4a9f998fc', 'e2b5a78d-3c1f-428e-9124-e5f02c362746', '16bcbaff-9d1f-472d-87f8-602ffdae6e34', NULL, '2026-11-28', '2026-06-06 03:11:35.949892+00', '2026-06-06 03:11:35.949892+00'),
	('7cf5f577-f3e3-4c8d-b233-27e284b6c7ad', 'aa0b038e-05a0-409b-acaa-84deb222a25d', '16bcbaff-9d1f-472d-87f8-602ffdae6e34', NULL, '2027-07-04', '2026-06-06 03:11:35.949892+00', '2026-06-06 03:11:35.949892+00'),
	('477d6a60-9d69-4e48-ab4d-bafcb95c81a4', '2c82d0c5-10f7-46cb-bca5-5684cdb0bed4', '16bcbaff-9d1f-472d-87f8-602ffdae6e34', NULL, '2026-11-23', '2026-06-06 03:11:35.949892+00', '2026-06-06 03:11:35.949892+00'),
	('cbb7905b-5692-4e13-967c-fe2fd236b2b4', 'a12cca73-4acd-4a23-92a6-4dd361ed4e64', '16bcbaff-9d1f-472d-87f8-602ffdae6e34', NULL, '2026-11-12', '2026-06-06 03:11:35.949892+00', '2026-06-06 03:11:35.949892+00'),
	('df0b1a1d-cf85-40c1-97b1-5b097da28828', 'c11a9879-2fcf-4efb-bb63-ec985360f9eb', '16bcbaff-9d1f-472d-87f8-602ffdae6e34', NULL, '2026-12-03', '2026-06-06 03:11:35.949892+00', '2026-06-06 03:11:35.949892+00'),
	('2369e3fa-72c4-4406-8817-93096f428109', 'd15163d3-8d5f-462b-8fdc-4138a6352bca', '16bcbaff-9d1f-472d-87f8-602ffdae6e34', NULL, '2026-12-03', '2026-06-06 03:11:35.949892+00', '2026-06-06 03:11:35.949892+00'),
	('cf60b4a2-f5ed-4d28-a3e2-848ad757f065', '75a8a05f-62b8-4e82-8e5b-7ef286066cc7', '16bcbaff-9d1f-472d-87f8-602ffdae6e34', NULL, '2027-01-12', '2026-06-06 03:11:35.949892+00', '2026-06-06 03:11:35.949892+00'),
	('38e8780e-71bd-4240-a4ee-02268951bd1f', '7ac58220-d06b-4166-9c38-7fb8bbc7d09b', '16bcbaff-9d1f-472d-87f8-602ffdae6e34', NULL, '2026-11-20', '2026-06-06 03:11:35.949892+00', '2026-06-06 03:11:35.949892+00'),
	('06c09dc7-7e0c-4f6f-86be-d6d258f0dce1', 'e4652105-7a4a-4a49-ae48-ccd6995f9f70', '16bcbaff-9d1f-472d-87f8-602ffdae6e34', NULL, '2027-01-11', '2026-06-06 03:11:35.949892+00', '2026-06-06 03:11:35.949892+00'),
	('38d0fee3-6837-4d09-9fab-894b229dc0e2', 'c92c8825-1e46-4294-a8c3-43350d06280e', '16bcbaff-9d1f-472d-87f8-602ffdae6e34', NULL, '2026-11-20', '2026-06-06 03:11:35.949892+00', '2026-06-06 03:11:35.949892+00'),
	('8c455f21-aeb1-4ea4-8d86-cf8a3ac6ee9e', '4e7637b0-2bb6-403f-b0bb-8b546165a3ae', '16bcbaff-9d1f-472d-87f8-602ffdae6e34', NULL, '2026-08-14', '2026-06-06 03:11:35.949892+00', '2026-06-06 03:11:35.949892+00'),
	('7d4c8959-ac77-41d0-8231-5cc37142fc3a', '3595d38b-8240-40ec-a867-58716c8d5828', '16bcbaff-9d1f-472d-87f8-602ffdae6e34', NULL, '2027-01-11', '2026-06-06 03:11:35.949892+00', '2026-06-06 03:11:35.949892+00'),
	('b8714e7a-ad44-4d12-b05a-6f9d91893937', '207553c3-0c32-4eb9-b878-db18ab10a3e6', '16bcbaff-9d1f-472d-87f8-602ffdae6e34', NULL, '2026-08-28', '2026-06-06 03:11:35.949892+00', '2026-06-06 03:11:35.949892+00'),
	('b4c9ff9a-a719-4ef2-9c84-0ece15bcac8c', 'b6c7b1ee-1d3e-437d-8390-e8a403b07419', '16bcbaff-9d1f-472d-87f8-602ffdae6e34', NULL, '2026-10-17', '2026-06-06 03:11:35.949892+00', '2026-06-06 03:11:35.949892+00'),
	('a60dd52b-9282-4360-9957-c0b795bec399', '8489db45-471f-4b86-8025-f4e2a3c8ebe9', '16bcbaff-9d1f-472d-87f8-602ffdae6e34', NULL, '2026-10-07', '2026-06-06 03:11:35.949892+00', '2026-06-06 03:11:35.949892+00'),
	('bb0d6ccf-adce-400b-81d5-a785df93b0dd', '1a1aa6bc-bf1e-4fd3-b710-efa490754a26', '16bcbaff-9d1f-472d-87f8-602ffdae6e34', NULL, '2026-11-14', '2026-06-06 03:11:35.949892+00', '2026-06-06 03:11:35.949892+00'),
	('104fcd2d-77db-4bf7-aa3f-b730a4c4c5f2', 'a8f7abec-a88e-401e-a74c-5425dc07178b', '16bcbaff-9d1f-472d-87f8-602ffdae6e34', NULL, '2026-08-28', '2026-06-06 03:11:35.949892+00', '2026-06-06 03:11:35.949892+00'),
	('4896d4c1-b722-478a-ac70-7f572571fb84', '6c9478c6-594f-4c06-b5cf-973a763d954d', '4e7e4277-309f-4b39-8ac0-3a352438cd83', NULL, '2027-02-15', '2026-06-06 03:11:35.949892+00', '2026-06-06 03:11:35.949892+00'),
	('3fd7dff9-861c-4c48-b51c-797cc844c9ec', '84a5b504-08b0-470f-a7ec-431c1cb5529b', '4e7e4277-309f-4b39-8ac0-3a352438cd83', NULL, '2026-10-18', '2026-06-06 03:11:35.949892+00', '2026-06-06 03:11:35.949892+00'),
	('9b90782e-681d-40f7-9bb8-e6d6f177bc6d', '1df41aae-b556-4563-b5b2-43d92c47b5fa', '4e7e4277-309f-4b39-8ac0-3a352438cd83', NULL, '2026-11-28', '2026-06-06 03:11:35.949892+00', '2026-06-06 03:11:35.949892+00'),
	('afc5da5f-9210-4f82-a075-f087417defb5', '1a490ad6-51c1-4627-8dc2-d751d043a202', '4e7e4277-309f-4b39-8ac0-3a352438cd83', NULL, '2026-08-27', '2026-06-06 03:11:35.949892+00', '2026-06-06 03:11:35.949892+00'),
	('e8df2dc1-45fb-439b-8f7a-248436fdc13b', '63375827-27bd-495f-8e76-d0d6beefd75d', '4e7e4277-309f-4b39-8ac0-3a352438cd83', NULL, '2026-12-22', '2026-06-06 03:11:35.949892+00', '2026-06-06 03:11:35.949892+00'),
	('b3c0a853-980c-4b31-96bd-091390a2a7c6', '81a02873-0ee4-4a6b-823b-5f73b00e12b7', '4e7e4277-309f-4b39-8ac0-3a352438cd83', NULL, '2026-10-18', '2026-06-06 03:11:35.949892+00', '2026-06-06 03:11:35.949892+00'),
	('58528a1d-c503-4f27-9de9-0fe95bf7ab6f', 'cfdb499a-96f7-4859-8441-b3b1797d492e', '4e7e4277-309f-4b39-8ac0-3a352438cd83', NULL, '2026-08-08', '2026-06-06 03:11:35.949892+00', '2026-06-06 03:11:35.949892+00'),
	('e04061d9-2a30-44f4-8510-d432ff6546f7', '755c646a-e369-4cc5-92bf-2d24838c054d', '4e7e4277-309f-4b39-8ac0-3a352438cd83', NULL, '2027-01-11', '2026-06-06 03:11:35.949892+00', '2026-06-06 03:11:35.949892+00'),
	('bb4906af-a4d7-402d-a24c-7b0ea4b06cb3', '24ba455d-95ea-411f-a6d6-8e7f7a9ee18e', '4e7e4277-309f-4b39-8ac0-3a352438cd83', NULL, '2026-08-28', '2026-06-06 03:11:35.949892+00', '2026-06-06 03:11:35.949892+00'),
	('5343a112-9a89-452f-b7f9-19ff32c32df7', '7eac0a9a-a1ec-4ad9-98ee-be4852272e1a', '4e7e4277-309f-4b39-8ac0-3a352438cd83', NULL, '2026-12-19', '2026-06-06 03:11:35.949892+00', '2026-06-06 03:11:35.949892+00'),
	('66147f43-59cd-4b78-bfc1-c30d473c10b0', 'e2b5a78d-3c1f-428e-9124-e5f02c362746', '4e7e4277-309f-4b39-8ac0-3a352438cd83', NULL, '2026-11-28', '2026-06-06 03:11:35.949892+00', '2026-06-06 03:11:35.949892+00'),
	('c6434e1b-e127-4009-85d0-aa7a6bb0a8b0', 'aa0b038e-05a0-409b-acaa-84deb222a25d', '4e7e4277-309f-4b39-8ac0-3a352438cd83', NULL, '2027-02-14', '2026-06-06 03:11:35.949892+00', '2026-06-06 03:11:35.949892+00'),
	('796b08f4-01ff-43dc-ae71-1d3c0f828468', '2c82d0c5-10f7-46cb-bca5-5684cdb0bed4', '4e7e4277-309f-4b39-8ac0-3a352438cd83', NULL, '2026-11-23', '2026-06-06 03:11:35.949892+00', '2026-06-06 03:11:35.949892+00'),
	('7f1636f6-4580-4d56-84c5-f1a1f83e7898', 'a12cca73-4acd-4a23-92a6-4dd361ed4e64', '4e7e4277-309f-4b39-8ac0-3a352438cd83', NULL, '2026-08-31', '2026-06-06 03:11:35.949892+00', '2026-06-06 03:11:35.949892+00'),
	('48f11a8c-e5c8-40bc-b40b-280b4c1241be', 'c11a9879-2fcf-4efb-bb63-ec985360f9eb', '4e7e4277-309f-4b39-8ac0-3a352438cd83', NULL, '2026-12-03', '2026-06-06 03:11:35.949892+00', '2026-06-06 03:11:35.949892+00'),
	('05703e0d-4a29-4fc4-bf48-b812b164bb7a', 'd15163d3-8d5f-462b-8fdc-4138a6352bca', '4e7e4277-309f-4b39-8ac0-3a352438cd83', NULL, '2026-12-10', '2026-06-06 03:11:35.949892+00', '2026-06-06 03:11:35.949892+00'),
	('e3e054f6-fe3a-4ce5-ad98-038704a28374', '75a8a05f-62b8-4e82-8e5b-7ef286066cc7', '4e7e4277-309f-4b39-8ac0-3a352438cd83', NULL, '2027-01-12', '2026-06-06 03:11:35.949892+00', '2026-06-06 03:11:35.949892+00'),
	('95ce7b57-84f7-43a0-9706-e70c3843f911', '7ac58220-d06b-4166-9c38-7fb8bbc7d09b', '4e7e4277-309f-4b39-8ac0-3a352438cd83', NULL, '2026-11-20', '2026-06-06 03:11:35.949892+00', '2026-06-06 03:11:35.949892+00'),
	('ed9ed776-a111-4dc1-a2b4-1d86534f88e1', 'e4652105-7a4a-4a49-ae48-ccd6995f9f70', '4e7e4277-309f-4b39-8ac0-3a352438cd83', NULL, '2027-01-11', '2026-06-06 03:11:35.949892+00', '2026-06-06 03:11:35.949892+00'),
	('edce9c22-6ee4-4b7b-8535-6db6d050a3e4', 'c92c8825-1e46-4294-a8c3-43350d06280e', '4e7e4277-309f-4b39-8ac0-3a352438cd83', NULL, '2026-07-11', '2026-06-06 03:11:35.949892+00', '2026-06-06 03:11:35.949892+00'),
	('dcb8ca31-2249-45c4-964f-75cae19fcc24', '4e7637b0-2bb6-403f-b0bb-8b546165a3ae', '4e7e4277-309f-4b39-8ac0-3a352438cd83', NULL, '2026-08-14', '2026-06-06 03:11:35.949892+00', '2026-06-06 03:11:35.949892+00'),
	('23d71224-ac2f-4432-8031-e74036a03267', '3595d38b-8240-40ec-a867-58716c8d5828', '4e7e4277-309f-4b39-8ac0-3a352438cd83', NULL, '2027-02-09', '2026-06-06 03:11:35.949892+00', '2026-06-06 03:11:35.949892+00'),
	('fbd76dc5-3c56-44c3-8953-edeaf3da3ef9', '207553c3-0c32-4eb9-b878-db18ab10a3e6', '4e7e4277-309f-4b39-8ac0-3a352438cd83', NULL, '2026-08-28', '2026-06-06 03:11:35.949892+00', '2026-06-06 03:11:35.949892+00'),
	('a78456fd-d4f7-4830-8c44-b474498dc455', 'b6c7b1ee-1d3e-437d-8390-e8a403b07419', '4e7e4277-309f-4b39-8ac0-3a352438cd83', NULL, '2026-10-17', '2026-06-06 03:11:35.949892+00', '2026-06-06 03:11:35.949892+00'),
	('f9e9ad5a-7e52-46fe-9b9f-d388f1cd5236', '8489db45-471f-4b86-8025-f4e2a3c8ebe9', '4e7e4277-309f-4b39-8ac0-3a352438cd83', NULL, '2026-10-07', '2026-06-06 03:11:35.949892+00', '2026-06-06 03:11:35.949892+00'),
	('54daef2e-c058-4c85-9e40-b84b7ce6f3f9', '1a1aa6bc-bf1e-4fd3-b710-efa490754a26', '4e7e4277-309f-4b39-8ac0-3a352438cd83', NULL, '2026-11-14', '2026-06-06 03:11:35.949892+00', '2026-06-06 03:11:35.949892+00'),
	('778254a5-8a71-450e-af47-99735c6bfb95', 'a8f7abec-a88e-401e-a74c-5425dc07178b', '4e7e4277-309f-4b39-8ac0-3a352438cd83', NULL, '2026-08-28', '2026-06-06 03:11:35.949892+00', '2026-06-06 03:11:35.949892+00'),
	('9e85b1ed-a2ef-45db-a6bb-02fc7d6a56dc', '8bdab6b8-8f18-471c-80ff-65406f27cc63', '16bcbaff-9d1f-472d-87f8-602ffdae6e34', NULL, '2026-11-28', '2026-06-06 05:41:55.260019+00', '2026-06-06 05:41:55.260019+00'),
	('6b035b19-704e-432a-8317-8a6009f680d8', '8bdab6b8-8f18-471c-80ff-65406f27cc63', '4e7e4277-309f-4b39-8ac0-3a352438cd83', NULL, '2026-05-28', '2026-06-06 05:41:55.260019+00', '2026-06-06 05:41:55.260019+00'),
	('c2a6fd34-8a34-435e-bbf0-0ff448fef735', '63ae7d44-c88f-44f3-b7bc-c369e8493e1d', '16bcbaff-9d1f-472d-87f8-602ffdae6e34', NULL, '2024-08-11', '2026-06-06 05:41:56.308517+00', '2026-06-06 05:41:56.308517+00'),
	('71bff1e6-6642-44aa-bda0-16f2e9b280ff', '63ae7d44-c88f-44f3-b7bc-c369e8493e1d', '4e7e4277-309f-4b39-8ac0-3a352438cd83', NULL, '2024-02-11', '2026-06-06 05:41:56.308517+00', '2026-06-06 05:41:56.308517+00'),
	('bb89efc7-7a12-48bc-9d3a-e3b2e1287eea', '99c17a12-c657-4a98-a3c1-c0bb1037aa06', '16bcbaff-9d1f-472d-87f8-602ffdae6e34', NULL, '2024-12-21', '2026-06-06 05:41:57.374508+00', '2026-06-06 05:41:57.374508+00'),
	('e153b537-97d5-43fd-9c9f-e57f037d9579', '99c17a12-c657-4a98-a3c1-c0bb1037aa06', '4e7e4277-309f-4b39-8ac0-3a352438cd83', NULL, '2024-06-26', '2026-06-06 05:41:57.374508+00', '2026-06-06 05:41:57.374508+00'),
	('7a437311-12ac-4584-bafe-2f2900edc982', '926ffcc7-a46d-4275-9077-6055f00f0051', '16bcbaff-9d1f-472d-87f8-602ffdae6e34', NULL, '2025-01-29', '2026-06-06 05:41:58.40866+00', '2026-06-06 05:41:58.40866+00'),
	('197e4df4-3332-4b56-a634-391cb7bacf35', '926ffcc7-a46d-4275-9077-6055f00f0051', '4e7e4277-309f-4b39-8ac0-3a352438cd83', NULL, '2024-07-26', '2026-06-06 05:41:58.40866+00', '2026-06-06 05:41:58.40866+00'),
	('0eebb641-eee6-469e-a80d-6cdfe291d333', 'f6da0ec3-b610-4b3c-80e8-da937d4508ec', '16bcbaff-9d1f-472d-87f8-602ffdae6e34', NULL, '2026-03-29', '2026-06-06 05:41:59.451623+00', '2026-06-06 05:41:59.451623+00'),
	('56789e91-8394-4201-878b-80e65470b74a', 'f6da0ec3-b610-4b3c-80e8-da937d4508ec', '4e7e4277-309f-4b39-8ac0-3a352438cd83', NULL, '2025-08-28', '2026-06-06 05:41:59.451623+00', '2026-06-06 05:41:59.451623+00'),
	('98d387b5-d5c2-425e-ae84-9e9cb00b45b8', '774f1634-2370-4179-8148-72165bba64de', '16bcbaff-9d1f-472d-87f8-602ffdae6e34', NULL, '2026-10-10', '2026-06-06 05:42:00.509677+00', '2026-06-06 05:42:00.509677+00'),
	('97711ef5-71ff-4303-b7ba-bf25e105bf11', '774f1634-2370-4179-8148-72165bba64de', '4e7e4277-309f-4b39-8ac0-3a352438cd83', NULL, '2026-04-10', '2026-06-06 05:42:00.509677+00', '2026-06-06 05:42:00.509677+00'),
	('63fe804a-041f-4a0e-991f-69e1527da13d', '62858c09-57e9-4581-9598-a08b81c760fd', '16bcbaff-9d1f-472d-87f8-602ffdae6e34', NULL, '2025-11-23', '2026-06-06 05:42:01.561193+00', '2026-06-06 05:42:01.561193+00'),
	('6ffa4cdc-b41f-45bf-b286-49f1f1d73011', '62858c09-57e9-4581-9598-a08b81c760fd', '4e7e4277-309f-4b39-8ac0-3a352438cd83', NULL, '2025-06-13', '2026-06-06 05:42:01.561193+00', '2026-06-06 05:42:01.561193+00'),
	('6ec1e4d1-27c7-48bf-94d5-41667f9b3f92', 'e2f7639b-a341-46fd-ab4c-673c7f34add8', '16bcbaff-9d1f-472d-87f8-602ffdae6e34', NULL, '2025-08-20', '2026-06-06 05:42:02.597884+00', '2026-06-06 05:42:02.597884+00'),
	('4be06183-3c2a-4346-97da-811fbc85ebc6', 'e2f7639b-a341-46fd-ab4c-673c7f34add8', '4e7e4277-309f-4b39-8ac0-3a352438cd83', NULL, '2025-04-12', '2026-06-06 05:42:02.597884+00', '2026-06-06 05:42:02.597884+00');


--
-- Data for Name: profiles; Type: TABLE DATA; Schema: public; Owner: postgres
--

INSERT INTO "ebt"."profiles" ("id", "full_name", "ioa_number", "active", "created_at", "updated_at") VALUES
	('7668de40-8e88-4d7c-adc3-7a703b44215d', 'Neil Sexton', '61/028/2024', true, '2026-06-06 05:41:53.064768+00', '2026-06-06 05:41:53.064768+00'),
	('2c71fd2e-df7a-4ddb-ba82-e52f2b98b270', 'Alexander Porter', '61/055/2024', true, '2026-06-06 05:41:53.919784+00', '2026-06-06 05:41:53.919784+00'),
	('c86fc17c-1951-4a37-badf-2882500bde3d', 'Maurice Rondeau', '61/018/2024', true, '2026-06-06 05:41:54.207175+00', '2026-06-06 05:41:54.207175+00');


--
-- Data for Name: record_retention; Type: TABLE DATA; Schema: public; Owner: postgres
--

INSERT INTO "ebt"."record_retention" ("record_type", "retention_months", "retention_note", "legal_basis") VALUES
	('training_checking', 36, NULL, 'EASA ORO.MLR.115 (3 years)'),
	('recent_experience', 15, NULL, 'EASA ORO.MLR.115 (15 months)'),
	('licence', NULL, 'Retain while privileges are exercised', 'EASA ORO.MLR.115 / Part-FCL'),
	('operator_records', 60, NULL, 'EASA ORO.MLR.115 (5 years)');


--
-- Data for Name: training_reports; Type: TABLE DATA; Schema: public; Owner: postgres
--

INSERT INTO "ebt"."training_reports" ("id", "pilot_id", "check_type_id", "training_date", "is_resit", "module_no", "status", "examiner_id", "day2_deferred", "declaration_released", "additional_comments", "ioa_number", "sim_hours", "if_hours", "sim_location", "sim_level", "sign_off_date", "signed_off_by", "finalized_at", "form_version", "snap_name", "snap_staff_no", "snap_rank", "snap_licence", "snap_medical_class", "snap_medical_expiry", "snap_next_ir_expiry", "snap_next_proficiency_expiry", "snap_aircraft_type", "created_at", "updated_at", "version", "deleted_at", "submitted_at", "source_response_id") VALUES
	('67624fe7-f7fb-4b8d-aefb-b4a45a333c02', 'e4652105-7a4a-4a49-ae48-ccd6995f9f70', '34a934bf-7681-4e25-a976-00f91296c76b', '2026-05-19', false, 6, 'finalized', '7668de40-8e88-4d7c-adc3-7a703b44215d', false, true, 'Good check', '61/019/2026', '8.0', '3.0', 'Dongguan', 'D', '2026-05-19', '7668de40-8e88-4d7c-adc3-7a703b44215d', '2026-05-21 00:36:53+00', 'ANGTER RF-293 v1.1', 'Craig Owen DUFFIELD', '6967', 'Captain', 'ATPL · P21065', 'Class 1', '2026-07-15', '2027-01-11', '2027-01-11', 'Boeing 767-300', '2026-06-06 05:45:09.787397+00', '2026-06-06 06:26:25.181317+00', 2, NULL, '2026-05-21 00:36:53+00', '31461'),
	('57d63447-39ed-4786-a222-8edb4d56781c', '755c646a-e369-4cc5-92bf-2d24838c054d', '34a934bf-7681-4e25-a976-00f91296c76b', '2026-05-23', false, 6, 'finalized', 'c86fc17c-1951-4a37-badf-2882500bde3d', false, true, 'Good EBT exercises', '61/020/2026', '8:00', '4', 'DONGGUAN', 'D', '2026-05-24', 'c86fc17c-1951-4a37-badf-2882500bde3d', '2026-05-24 06:27:40+00', 'ANGTER RF-293 v1.1', 'Samiu TAUFA', '3564', 'Captain', 'ATPL · P20105', 'Class 1', '2026-07-24', '2027-01-11', '2027-01-11', 'Boeing 767-300', '2026-06-06 05:45:12.922566+00', '2026-06-06 06:26:25.181317+00', 2, NULL, '2026-05-24 06:27:40+00', '31497'),
	('514dd5d0-d4be-4f4e-b9d4-7996d87bf821', '75a8a05f-62b8-4e82-8e5b-7ef286066cc7', '34a934bf-7681-4e25-a976-00f91296c76b', '2026-05-25', false, 6, 'finalized', 'c86fc17c-1951-4a37-badf-2882500bde3d', false, false, 'Monitor FPM, WLM and PRO 2 on Module 1', '61/020/2026', '8', '4', 'DONGGUAN', 'D', '2026-05-26', 'c86fc17c-1951-4a37-badf-2882500bde3d', '2026-05-31 00:00:50+00', 'ANGTER RF-293 v1.1', 'Nathan Douglas George JOHNSON', '6947', 'First Officer', 'ATPL · P21040', 'Class 1', '2027-03-10', '2027-01-12', '2027-01-12', 'Boeing 767-300', '2026-06-06 05:45:15.541959+00', '2026-06-06 06:26:25.181317+00', 2, NULL, '2026-05-31 00:00:50+00', '31512'),
	('37f0360e-148a-4b4a-895f-710f5266af07', 'c11a9879-2fcf-4efb-bb63-ec985360f9eb', '34a934bf-7681-4e25-a976-00f91296c76b', '2026-06-01', false, 6, 'finalized', 'c86fc17c-1951-4a37-badf-2882500bde3d', false, true, 'Good check', '61/020/2026', '8:00', '4:00', 'Dongguan', 'D', '2026-06-02', 'c86fc17c-1951-4a37-badf-2882500bde3d', '2026-06-03 00:01:38+00', 'ANGTER RF-293 v1.1', 'Pesi Sione SOAKAI', '6916', 'Captain', 'ATPL · P21021', 'Class 1', '2026-12-14', '2026-12-03', '2026-12-03', 'Boeing 767-300', '2026-06-06 05:45:21.013507+00', '2026-06-06 06:26:25.181317+00', 2, NULL, '2026-06-03 00:01:38+00', '31577'),
	('817eac20-91dc-4ff5-a572-7bf98c23ee9b', '7eac0a9a-a1ec-4ad9-98ee-be4852272e1a', '34a934bf-7681-4e25-a976-00f91296c76b', '2026-06-03', false, 6, 'finalized', 'c86fc17c-1951-4a37-badf-2882500bde3d', false, true, 'Good check', '61/020/2026', '8:00', '4:00', 'Dongguan', 'D', '2026-06-02', 'c86fc17c-1951-4a37-badf-2882500bde3d', '2026-06-06 04:51:14+00', 'ANGTER RF-293 v1.1', 'Stewart Augustine KADIKO', '4628', 'Captain', 'ATPL · P20161', 'Class 1', '2026-09-26', '2026-12-19', '2026-12-19', 'Boeing 767-300', '2026-06-06 05:45:23.71036+00', '2026-06-06 06:26:25.181317+00', 2, NULL, '2026-06-06 04:51:14+00', '31594'),
	('d04f24b3-edc3-4c1f-af08-c451f4998917', '6c9478c6-594f-4c06-b5cf-973a763d954d', '34a934bf-7681-4e25-a976-00f91296c76b', '2026-06-01', false, 6, 'finalized', 'c86fc17c-1951-4a37-badf-2882500bde3d', false, true, NULL, '61/020/2026', '8:00', '4', 'DONGGUAN', 'D', '2026-06-02', 'c86fc17c-1951-4a37-badf-2882500bde3d', '2026-06-06 04:50:35+00', 'ANGTER RF-293 v1.1', 'Daniel WANMA', '1042', 'Captain', 'ATPL · P20320', 'Class 1', '2026-08-29', '2027-08-15', '2027-02-15', 'Boeing 767-300', '2026-06-06 05:45:22.367396+00', '2026-06-06 06:26:25.181317+00', 2, NULL, '2026-06-06 04:50:35+00', '31576'),
	('bfa37d04-b655-454d-a565-125bf3eda24e', '7eac0a9a-a1ec-4ad9-98ee-be4852272e1a', '34a934bf-7681-4e25-a976-00f91296c76b', '2023-07-26', false, 1, 'finalized', '7668de40-8e88-4d7c-adc3-7a703b44215d', false, true, 'None', '61/024/2022', '8:00', '3:00', 'QF BNE', 'D', '2023-07-26', '7668de40-8e88-4d7c-adc3-7a703b44215d', '2023-07-26 22:06:39+00', 'ANGTER RF-293 v1.1', 'Stewart Augustine KADIKO', '4628', 'Captain', 'ATPL · P20161', 'Class 1', '2023-09-20', '2024-07-26', '2024-01-26', 'Boeing 767-300', '2026-06-06 05:42:02.819395+00', '2026-06-06 06:26:25.181317+00', 2, NULL, '2023-07-26 22:06:39+00', '22810'),
	('cbfa4702-9aac-467a-85b3-3ea151ce64e6', 'cfdb499a-96f7-4859-8441-b3b1797d492e', '34a934bf-7681-4e25-a976-00f91296c76b', '2023-07-26', false, 1, 'finalized', '7668de40-8e88-4d7c-adc3-7a703b44215d', false, true, 'Good check.', '61/024/2022', '8:00', '3:00', 'QF BNE', 'D', '2023-07-26', '7668de40-8e88-4d7c-adc3-7a703b44215d', '2023-07-26 22:07:11+00', 'ANGTER RF-293 v1.1', 'Lawrence KOYAMA', '3563', 'Captain', 'ATPL · P20325', 'Class 1', '2023-12-02', '2024-07-29', '2024-01-29', 'Boeing 767-300', '2026-06-06 05:42:03.898021+00', '2026-06-06 06:26:25.181317+00', 2, NULL, '2023-07-26 22:07:11+00', '22809'),
	('57f972f0-5218-41a1-9433-836261807695', '63ae7d44-c88f-44f3-b7bc-c369e8493e1d', '34a934bf-7681-4e25-a976-00f91296c76b', '2023-08-04', false, 1, 'finalized', '7668de40-8e88-4d7c-adc3-7a703b44215d', false, true, NULL, '61/024/2022', '8:00', '7:00', 'QF BNE', 'D', '2023-08-04', '7668de40-8e88-4d7c-adc3-7a703b44215d', '2023-08-04 23:43:53+00', 'ANGTER RF-293 v1.1', 'Stuart Hannah', '6280', 'First Officer', 'ATPL · P20608', 'Class 1', '2023-12-09', '2024-08-11', '2024-02-11', 'Boeing 767-300', '2026-06-06 05:42:04.929963+00', '2026-06-06 06:26:25.181317+00', 2, NULL, '2023-08-04 23:43:53+00', '22937'),
	('5ca550ca-eec8-4765-9d17-d4df9f202155', '1a490ad6-51c1-4627-8dc2-d751d043a202', '34a934bf-7681-4e25-a976-00f91296c76b', '2023-08-04', false, 1, 'finalized', '7668de40-8e88-4d7c-adc3-7a703b44215d', false, true, 'Review non precision approach procedures. Especially for those that do not have a procedure in the FMC Database.', '61/024/2022', '8:00', '7:00', 'QF BNE', 'D', '2023-08-04', '7668de40-8e88-4d7c-adc3-7a703b44215d', '2023-08-04 23:44:27+00', 'ANGTER RF-293 v1.1', 'Naime AIHI', '2683', 'Captain', 'ATPL · P20289', 'Class 1', '2024-01-07', '2024-08-27', '2024-02-27', 'Boeing 767-300', '2026-06-06 05:42:06.029537+00', '2026-06-06 06:26:25.181317+00', 2, NULL, '2023-08-04 23:44:27+00', '22936'),
	('14d77904-51e8-4ec9-a6b7-c678bef06517', 'aa0b038e-05a0-409b-acaa-84deb222a25d', '34a934bf-7681-4e25-a976-00f91296c76b', '2023-08-05', false, 1, 'finalized', '7668de40-8e88-4d7c-adc3-7a703b44215d', false, true, NULL, '61/024/2022', '8:00', '7:00', 'QF Brisbane', 'D', '2023-08-06', '7668de40-8e88-4d7c-adc3-7a703b44215d', '2023-08-07 00:35:07+00', 'ANGTER RF-293 v1.1', 'Ian Bruce PEARSON', '6196', 'First Officer', 'ATPL · P20307', 'Class 1', '2024-03-31', '2024-08-12', '2023-02-12', 'Boeing 767-300', '2026-06-06 05:42:07.062913+00', '2026-06-06 06:26:25.181317+00', 2, NULL, '2023-08-07 00:35:07+00', '22945'),
	('228ea722-495d-45e3-a319-b318e1afa4b9', 'a12cca73-4acd-4a23-92a6-4dd361ed4e64', '34a934bf-7681-4e25-a976-00f91296c76b', '2023-09-26', false, 1, 'finalized', '7668de40-8e88-4d7c-adc3-7a703b44215d', false, true, 'Neil', '61/024/2022', '8.0', '3.0', 'QF Brisbane', 'D', '2023-09-27', '7668de40-8e88-4d7c-adc3-7a703b44215d', '2023-09-27 09:43:54+00', 'ANGTER RF-293 v1.1', 'William COCKER', '6797', 'First Officer', 'ATPL · P210012', 'Class 1', '2023-10-05', '2023-09-27', '2024-03-27', 'Boeing 767-300', '2026-06-06 05:42:08.073503+00', '2026-06-06 06:26:25.181317+00', 2, NULL, '2023-09-27 09:43:54+00', '23514'),
	('d1354639-5ba6-46fd-9457-9d62e4f43223', '774f1634-2370-4179-8148-72165bba64de', '34a934bf-7681-4e25-a976-00f91296c76b', '2023-09-26', false, 1, 'finalized', '7668de40-8e88-4d7c-adc3-7a703b44215d', false, true, 'Nil', '61/024/2022', '8.0', '3.0', 'QF Brisbane', 'D', '2023-09-27', '7668de40-8e88-4d7c-adc3-7a703b44215d', '2023-09-27 09:53:13+00', 'ANGTER RF-293 v1.1', 'Alex Porter', '7671', 'Captain', 'ATPL · P20109', 'Class 1', '2023-09-27', '2024-10-08', '2024-04-08', 'Boeing 767-300', '2026-06-06 05:42:09.148546+00', '2026-06-06 06:26:25.181317+00', 2, NULL, '2023-09-27 09:53:13+00', '23512'),
	('f51d052a-57e2-4706-a197-1dfdc908f3bf', '8489db45-471f-4b86-8025-f4e2a3c8ebe9', '34a934bf-7681-4e25-a976-00f91296c76b', '2023-09-29', false, 1, 'finalized', '2c71fd2e-df7a-4ddb-ba82-e52f2b98b270', false, true, 'NIL', '61/055/2024', '8', '4', 'BNE', 'D', '2023-09-29', '2c71fd2e-df7a-4ddb-ba82-e52f2b98b270', '2023-10-09 23:02:32+00', 'ANGTER RF-293 v1.1', 'Neil Christopher SEXTON', '7305', 'Captain', 'ATPL · P20151', 'Class 1', '2024-02-06', '2024-09-08', '2024-04-08', 'Boeing 767-300', '2026-06-06 05:42:10.183687+00', '2026-06-06 06:26:25.181317+00', 2, NULL, '2023-10-09 23:02:32+00', '23584'),
	('538d2229-22df-4239-a5c2-a3147271e478', 'e2f7639b-a341-46fd-ab4c-673c7f34add8', '34a934bf-7681-4e25-a976-00f91296c76b', '2023-09-29', false, 1, 'finalized', '2c71fd2e-df7a-4ddb-ba82-e52f2b98b270', false, true, '1st Check since Endoresment .', '61/055/2024', '8', '4', 'BNE', 'D', '2023-09-29', '2c71fd2e-df7a-4ddb-ba82-e52f2b98b270', '2023-10-15 11:22:43+00', 'ANGTER RF-293 v1.1', 'Joe Boma', '8868', 'First Officer', 'ATPL · P20555', 'Class 1', '2024-05-30', '2024-10-16', '2024-04-16', 'Boeing 767-300', '2026-06-06 05:42:11.225022+00', '2026-06-06 06:26:25.181317+00', 2, NULL, '2023-10-15 11:22:43+00', '23583'),
	('296d8aed-6eb4-4370-b19b-78a469091134', 'e2b5a78d-3c1f-428e-9124-e5f02c362746', '34a934bf-7681-4e25-a976-00f91296c76b', '2023-10-15', false, 1, 'finalized', '2c71fd2e-df7a-4ddb-ba82-e52f2b98b270', false, true, 'Nil', '61/055/2024', '8', '4', 'Brisbane', 'D', '2023-10-16', '2c71fd2e-df7a-4ddb-ba82-e52f2b98b270', '2023-10-21 10:50:30+00', 'ANGTER RF-293 v1.1', 'David INNES', '6068', 'Captain', 'ATPL · P20221', 'Class 1', '2024-11-13', '2024-10-16', '2024-04-16', 'Boeing 767-300', '2026-06-06 05:42:12.043984+00', '2026-06-06 06:26:25.181317+00', 2, NULL, '2023-10-21 10:50:30+00', '23716'),
	('5e5c590f-70b1-4139-863c-a2369c4fe451', '62858c09-57e9-4581-9598-a08b81c760fd', '34a934bf-7681-4e25-a976-00f91296c76b', '2023-10-16', false, 1, 'finalized', '2c71fd2e-df7a-4ddb-ba82-e52f2b98b270', false, true, NULL, '61/055/2024', '8', '4', 'Brisbane', 'D', '2023-10-16', '2c71fd2e-df7a-4ddb-ba82-e52f2b98b270', '2023-10-21 10:51:27+00', 'ANGTER RF-293 v1.1', 'Brian Eleepe', '8145', 'First Officer', 'ATPL · P20167', 'Class 1', '2024-06-08', '2024-11-19', '2024-06-13', 'Boeing 767-300', '2026-06-06 05:42:13.224994+00', '2026-06-06 06:26:25.181317+00', 2, NULL, '2023-10-21 10:51:27+00', '23717'),
	('f0726035-c14c-4d47-a45f-57262b10d7f7', '2c82d0c5-10f7-46cb-bca5-5684cdb0bed4', '34a934bf-7681-4e25-a976-00f91296c76b', '2023-10-21', false, 1, 'finalized', '2c71fd2e-df7a-4ddb-ba82-e52f2b98b270', false, true, 'Nil', '61/055/2024', '8', '4', 'BNE', 'D', '2023-10-22', '2c71fd2e-df7a-4ddb-ba82-e52f2b98b270', '2023-10-24 01:51:10+00', 'ANGTER RF-293 v1.1', 'Paul Frank DAWANINCURA', '6276', 'Captain', 'ATPL · P20124', 'Class 1', '2024-09-26', '2024-10-25', '2024-06-13', 'Boeing 767-300', '2026-06-06 05:42:14.274733+00', '2026-06-06 06:26:25.181317+00', 2, NULL, '2023-10-24 01:51:10+00', '23781'),
	('f0b5a283-0aee-466f-8bad-4a0241911b7a', '63375827-27bd-495f-8e76-d0d6beefd75d', '34a934bf-7681-4e25-a976-00f91296c76b', '2023-10-21', false, 1, 'finalized', '2c71fd2e-df7a-4ddb-ba82-e52f2b98b270', false, true, 'Minor points discussed with standards  calls etc', '61/055/2024', '8', '4', 'BNE', 'D', '2023-10-22', '2c71fd2e-df7a-4ddb-ba82-e52f2b98b270', '2023-10-24 01:53:40+00', 'ANGTER RF-293 v1.1', 'Nama MARIOLE', '3009', 'Captain', 'ATPL · P20179', 'Class 1', '2024-08-15', '2024-12-03', '2024-05-26', 'Boeing 767-300', '2026-06-06 05:42:15.521776+00', '2026-06-06 06:26:25.181317+00', 2, NULL, '2023-10-24 01:53:40+00', '23782'),
	('cb425d5c-cfa0-40cd-a7c8-4b1284745207', '755c646a-e369-4cc5-92bf-2d24838c054d', '34a934bf-7681-4e25-a976-00f91296c76b', '2023-11-11', false, 1, 'finalized', '7668de40-8e88-4d7c-adc3-7a703b44215d', false, true, 'Nil', '61/024/2022', '8:00', '3:00', 'QF BNE', 'D', '2023-11-12', '7668de40-8e88-4d7c-adc3-7a703b44215d', '2023-11-12 06:05:09+00', 'ANGTER RF-293 v1.1', 'Samiu TAUFA', '3564', 'Captain', 'ATPL · P20105', 'Class 1', '2023-12-16', '2024-11-19', '2024-05-19', 'Boeing 767-300', '2026-06-06 05:42:16.56237+00', '2026-06-06 06:26:25.181317+00', 2, NULL, '2023-11-12 06:05:09+00', '23941'),
	('03f822fb-1aec-43be-92ba-c8f93967ac5f', '1df41aae-b556-4563-b5b2-43d92c47b5fa', '34a934bf-7681-4e25-a976-00f91296c76b', '2023-11-12', false, 1, 'finalized', '7668de40-8e88-4d7c-adc3-7a703b44215d', false, true, 'Nil', '61/024/2022', '8:00', '3:00', 'QF BNE', 'D', '2023-11-12', '7668de40-8e88-4d7c-adc3-7a703b44215d', '2023-11-12 05:58:26+00', 'ANGTER RF-293 v1.1', 'Maurice RONDEAU', '2393', 'Captain', 'ATPL · P20232', 'Class 1', '2024-11-11', '2024-11-22', '2024-05-22', 'Boeing 767-300', '2026-06-06 05:42:17.622573+00', '2026-06-06 06:26:25.181317+00', 2, NULL, '2023-11-12 05:58:26+00', '23942'),
	('53f2e0e9-5926-46a9-a893-007215b02be3', '8bdab6b8-8f18-471c-80ff-65406f27cc63', '34a934bf-7681-4e25-a976-00f91296c76b', '2023-11-25', false, 1, 'finalized', '2c71fd2e-df7a-4ddb-ba82-e52f2b98b270', false, true, 'Good check', '61/055/2024', '8:00', '4:00', 'BNE', 'D', '2023-11-25', '2c71fd2e-df7a-4ddb-ba82-e52f2b98b270', '2023-11-27 00:06:22+00', 'ANGTER RF-293 v1.1', 'Esmond Yasi', '3123', 'Captain', 'ATPL · P20034', 'Class 1', '2023-11-25', '2024-11-26', '2024-05-26', 'Boeing 767-300', '2026-06-06 05:42:18.685858+00', '2026-06-06 06:26:25.181317+00', 2, NULL, '2023-11-27 00:06:22+00', '23878'),
	('a6aa6987-a444-4277-851a-40f29e2cc7a9', '99c17a12-c657-4a98-a3c1-c0bb1037aa06', '34a934bf-7681-4e25-a976-00f91296c76b', '2023-11-25', false, 1, 'finalized', '2c71fd2e-df7a-4ddb-ba82-e52f2b98b270', false, true, 'Nil', '61/055/2024', '8', '4', 'BNE', 'D', '2023-11-25', '2c71fd2e-df7a-4ddb-ba82-e52f2b98b270', '2023-11-27 00:10:04+00', 'ANGTER RF-293 v1.1', 'Fred Puni', '6819', 'First Officer', 'ATPL · P2 0763', 'Class 1', '2023-11-25', '2024-12-21', '2024-06-26', 'Boeing 767-300', '2026-06-06 05:42:19.741388+00', '2026-06-06 06:26:25.181317+00', 2, NULL, '2023-11-27 00:10:04+00', '24024'),
	('a153c06b-37ac-4e29-a8f0-5fd4585cf6bd', 'cfdb499a-96f7-4859-8441-b3b1797d492e', '34a934bf-7681-4e25-a976-00f91296c76b', '2024-01-25', false, 2, 'finalized', '2c71fd2e-df7a-4ddb-ba82-e52f2b98b270', false, true, 'Nil', '61/047/2024', '8', '4', 'BNE', 'D', '2024-01-26', '2c71fd2e-df7a-4ddb-ba82-e52f2b98b270', '2024-02-01 05:51:09+00', 'ANGTER RF-293 v1.1', 'Lawrence KOYAMA', '3563', 'Captain', 'ATPL · P20325', 'Class 1', '2024-12-02', '2025-01-29', '2024-07-29', 'Boeing 767-300', '2026-06-06 05:42:20.790354+00', '2026-06-06 06:26:25.181317+00', 2, NULL, '2024-02-01 05:51:09+00', '24462'),
	('70888f48-8cfa-4f21-a0ae-9b49d1b08778', '926ffcc7-a46d-4275-9077-6055f00f0051', '34a934bf-7681-4e25-a976-00f91296c76b', '2024-01-25', false, 2, 'finalized', '2c71fd2e-df7a-4ddb-ba82-e52f2b98b270', false, true, 'Nil', '61/055/2024', '8', '4', 'BNE', 'D', '2024-01-26', '2c71fd2e-df7a-4ddb-ba82-e52f2b98b270', '2024-02-01 06:11:41+00', 'ANGTER RF-293 v1.1', 'Kieth Williams', '6828', 'First Officer', 'ATPL · P21727', 'Class 1', '2024-11-15', '2025-01-29', '2024-07-26', 'Boeing 767-300', '2026-06-06 05:42:22.100099+00', '2026-06-06 06:26:25.181317+00', 2, NULL, '2024-02-01 06:11:41+00', '24320'),
	('858006ac-d300-4309-b25d-22c1dd36302d', '7eac0a9a-a1ec-4ad9-98ee-be4852272e1a', '34a934bf-7681-4e25-a976-00f91296c76b', '2024-01-28', false, 2, 'finalized', '2c71fd2e-df7a-4ddb-ba82-e52f2b98b270', false, true, 'Overall good CHECK', '61/055/2024', '8.0', '4.0', 'BNE', 'D', '2024-01-28', '2c71fd2e-df7a-4ddb-ba82-e52f2b98b270', '2024-02-01 05:12:31+00', 'ANGTER RF-293 v1.1', 'Stewart Augustine KADIKO', '4628', 'Captain', 'ATPL · P20161', 'Class 1', '2024-09-20', '2025-01-28', '2024-07-28', 'Boeing 767-300', '2026-06-06 05:42:23.134+00', '2026-06-06 06:26:25.181317+00', 2, NULL, '2024-02-01 05:12:31+00', '24438'),
	('ed413c6a-3108-4c37-9acf-2dd5d9303f92', '6c9478c6-594f-4c06-b5cf-973a763d954d', '34a934bf-7681-4e25-a976-00f91296c76b', '2024-01-28', false, 2, 'finalized', '2c71fd2e-df7a-4ddb-ba82-e52f2b98b270', false, true, 'NIL', '61/055/2024', '8.0', '4.0', 'BNE', 'D', '2024-01-28', '2c71fd2e-df7a-4ddb-ba82-e52f2b98b270', '2024-02-01 05:20:07+00', 'ANGTER RF-293 v1.1', 'Daniel WANMA', '1042', 'Captain', 'ATPL · P20320', 'Class 1', '2024-07-29', '2025-02-11', '2024-08-11', 'Boeing 767-300', '2026-06-06 05:42:24.155891+00', '2026-06-06 06:26:25.181317+00', 2, NULL, '2024-02-01 05:20:07+00', '24437'),
	('c36dbde0-4335-4cf0-bbed-9c415ea1b1eb', '1a490ad6-51c1-4627-8dc2-d751d043a202', '34a934bf-7681-4e25-a976-00f91296c76b', '2024-02-06', false, 2, 'finalized', '2c71fd2e-df7a-4ddb-ba82-e52f2b98b270', false, true, 'RNP TNG DONE   3 01L BNE   APP’s ( GPS FAIL / GA ENG FAIL .', '61/055/2024', '8', '4', 'BNE', 'D', '2024-02-07', '2c71fd2e-df7a-4ddb-ba82-e52f2b98b270', '2024-02-07 09:47:48+00', 'ANGTER RF-293 v1.1', 'Naime AIHI', '2683', 'Captain', 'ATPL · P20289', 'Class 1', '2024-07-07', '2025-02-27', '2024-08-27', 'Boeing 767-300', '2026-06-06 05:42:25.261619+00', '2026-06-06 06:26:25.181317+00', 2, NULL, '2024-02-07 09:47:48+00', '24499'),
	('ede18524-33f3-4b7a-86e0-08115e94a91d', '24ba455d-95ea-411f-a6d6-8e7f7a9ee18e', '34a934bf-7681-4e25-a976-00f91296c76b', '2024-02-06', false, 2, 'finalized', '2c71fd2e-df7a-4ddb-ba82-e52f2b98b270', false, true, 'Exercises flown from RHS', '61/055/2024', '8', '4', 'BNE', 'D', '2024-02-07', '2c71fd2e-df7a-4ddb-ba82-e52f2b98b270', '2024-02-07 09:49:08+00', 'ANGTER RF-293 v1.1', 'John RONDEAU', '4246', 'Captain', 'ATPL · P20295', 'Class 1', '2024-06-06', '2025-02-28', '2024-08-29', 'Boeing 767-300', '2026-06-06 05:42:26.398862+00', '2026-06-06 06:26:25.181317+00', 2, NULL, '2024-02-07 09:49:08+00', '24500'),
	('160418dd-b04e-4fca-989b-5de70d821bbf', 'aa0b038e-05a0-409b-acaa-84deb222a25d', '34a934bf-7681-4e25-a976-00f91296c76b', '2024-02-12', false, 2, 'finalized', '2c71fd2e-df7a-4ddb-ba82-e52f2b98b270', false, true, 'Minor points discussed 
REVEWED  MAPP PROCCEDRE FROM CIRCLE MINIMA', '61/055/2024', '8:00', '4:00', 'BNE', 'D', '2024-02-12', '2c71fd2e-df7a-4ddb-ba82-e52f2b98b270', '2024-02-12 16:54:00+00', 'ANGTER RF-293 v1.1', 'Ian Bruce PEARSON', '6196', 'First Officer', 'ATPL · P20307', 'Class 1', '2024-03-31', '2025-02-12', '2024-02-12', 'Boeing 767-300', '2026-06-06 05:42:46.563997+00', '2026-06-06 06:26:25.181317+00', 2, NULL, '2024-02-12 16:54:00+00', '24555'),
	('cb12c2d0-aebb-4ea5-8ec0-f92e3804dd71', '8489db45-471f-4b86-8025-f4e2a3c8ebe9', '34a934bf-7681-4e25-a976-00f91296c76b', '2024-03-22', false, 2, 'finalized', 'c86fc17c-1951-4a37-badf-2882500bde3d', false, NULL, NULL, NULL, NULL, NULL, NULL, NULL, NULL, 'c86fc17c-1951-4a37-badf-2882500bde3d', '2024-03-25 01:26:30+00', 'ANGTER RF-293 v1.1', 'Neil Christopher SEXTON', '7305', 'Captain', 'ATPL ·', 'Class 1', '2024-08-08', '2024-10-04', '2024-09-22', 'Boeing 767-300', '2026-06-06 05:42:47.70481+00', '2026-06-06 06:26:25.181317+00', 2, NULL, '2024-03-25 01:26:30+00', '24768'),
	('c49e3f81-9977-4cac-9e40-720e10dad7b1', 'a12cca73-4acd-4a23-92a6-4dd361ed4e64', '34a934bf-7681-4e25-a976-00f91296c76b', '2024-03-22', false, 2, 'finalized', 'c86fc17c-1951-4a37-badf-2882500bde3d', false, true, 'William IF scan rate slow and requires improvement on Module 3 IR check. Will need review the engine out procedures and be ahead of the aircraft carrying out the procedures as per SOP.', '0046', '8.0', '1.5', 'BNE', 'D', '2024-03-22', 'c86fc17c-1951-4a37-badf-2882500bde3d', '2024-03-25 02:11:10+00', 'ANGTER RF-293 v1.1', 'William COCKER', '6797', 'First Officer', 'ATPL · P210012', 'Class 1', '2024-10-05', '2024-09-27', '2024-09-21', 'Boeing 767-300', '2026-06-06 05:42:48.541623+00', '2026-06-06 06:26:25.181317+00', 2, NULL, '2024-03-25 02:11:10+00', '24769'),
	('da1b8e66-30bd-4fad-ad6e-3310eeed4e21', '774f1634-2370-4179-8148-72165bba64de', '34a934bf-7681-4e25-a976-00f91296c76b', '2024-03-24', false, 2, 'finalized', '7668de40-8e88-4d7c-adc3-7a703b44215d', false, true, 'Nil', '61/024/2022', '8:00', '3:00', 'Brisbane', 'D', '2024-03-24', '7668de40-8e88-4d7c-adc3-7a703b44215d', '2024-03-26 01:01:49+00', 'ANGTER RF-293 v1.1', 'Alex Porter', '7671', 'Captain', 'ATPL · P20109', 'Class 1', '2024-06-16', '2024-10-08', '2024-10-08', 'Boeing 767-300', '2026-06-06 05:42:49.618518+00', '2026-06-06 06:26:25.181317+00', 2, NULL, '2024-03-26 01:01:49+00', '24778'),
	('622c8a0a-5af9-462a-a92a-2aac33388eba', 'e2f7639b-a341-46fd-ab4c-673c7f34add8', '34a934bf-7681-4e25-a976-00f91296c76b', '2024-03-24', false, 2, 'finalized', '7668de40-8e88-4d7c-adc3-7a703b44215d', false, true, 'Nil', '61/024/2022', '8:00', '3:00', 'QFT Brisbane', 'D', '2024-03-24', '7668de40-8e88-4d7c-adc3-7a703b44215d', '2024-03-26 01:02:33+00', 'ANGTER RF-293 v1.1', 'Joe Boma', '8868', 'First Officer', 'ATPL · P20555', 'Class 1', '2024-05-30', '2024-10-12', '2024-10-12', 'Boeing 767-300', '2026-06-06 05:42:50.67253+00', '2026-06-06 06:26:25.181317+00', 2, NULL, '2024-03-26 01:02:33+00', '24779'),
	('35236318-5ef5-4876-8528-3c30e1423a36', 'e2b5a78d-3c1f-428e-9124-e5f02c362746', '34a934bf-7681-4e25-a976-00f91296c76b', '2024-03-26', false, 2, 'finalized', '2c71fd2e-df7a-4ddb-ba82-e52f2b98b270', false, true, NULL, '61/055/2024', '8:00', '4:00', 'BNE', 'D', '2024-03-26', '2c71fd2e-df7a-4ddb-ba82-e52f2b98b270', '2024-03-26 08:20:57+00', 'ANGTER RF-293 v1.1', 'David INNES', '6068', 'Captain', 'ATPL · P20221', 'Class 1', '2024-10-13', '2024-10-16', '2024-10-16', 'Boeing 767-300', '2026-06-06 05:42:51.718567+00', '2026-06-06 06:26:25.181317+00', 2, NULL, '2024-03-26 08:20:57+00', '24844'),
	('e0606be7-e195-4f8e-a386-9b9336a701b2', '755c646a-e369-4cc5-92bf-2d24838c054d', '34a934bf-7681-4e25-a976-00f91296c76b', '2024-05-04', false, 2, 'finalized', 'c86fc17c-1951-4a37-badf-2882500bde3d', false, true, NULL, '61/018/2024', '4:00', '1:30', 'BNE', 'D', '2024-05-04', 'c86fc17c-1951-4a37-badf-2882500bde3d', '2024-05-06 02:44:03+00', 'ANGTER RF-293 v1.1', 'Samiu TAUFA', '3564', 'Captain', 'ATPL · P20105', 'Class 1', '2024-06-20', '2024-11-19', '2024-11-19', 'Boeing 767-300', '2026-06-06 05:42:52.779627+00', '2026-06-06 06:26:25.181317+00', 2, NULL, '2024-05-06 02:44:03+00', '25094'),
	('3b93d7cc-ee5d-4c78-a198-85e76ff64967', 'd15163d3-8d5f-462b-8fdc-4138a6352bca', '34a934bf-7681-4e25-a976-00f91296c76b', '2024-05-04', false, 2, 'finalized', 'c86fc17c-1951-4a37-badf-2882500bde3d', false, true, 'Need to speak up clearly. Difficult understanding. Must read and follow the ORH checklist slowly and carefully.', '61/018/2024', '4:00', '1:30', 'BNE', 'D', '2024-05-05', 'c86fc17c-1951-4a37-badf-2882500bde3d', '2024-05-06 02:52:01+00', 'ANGTER RF-293 v1.1', 'Fotu Amanakianga TO''OFOHE', '6923', 'First Officer', 'ATPL · P21352', 'Class 1', '2025-03-06', '2024-11-20', '2024-11-20', 'Boeing 767-300', '2026-06-06 05:42:53.822204+00', '2026-06-06 06:26:25.181317+00', 2, NULL, '2024-05-06 02:52:01+00', '25095'),
	('26c871f6-889b-42e1-a2af-ce0a26d21a19', '63375827-27bd-495f-8e76-d0d6beefd75d', '34a934bf-7681-4e25-a976-00f91296c76b', '2024-05-11', false, 2, 'finalized', '2c71fd2e-df7a-4ddb-ba82-e52f2b98b270', false, true, 'NIL', '61/055/2024', '8.0', '4:00', 'BNE', 'D', '2024-05-12', '2c71fd2e-df7a-4ddb-ba82-e52f2b98b270', '2024-05-13 03:57:28+00', 'ANGTER RF-293 v1.1', 'Nama MARIOLE', '3009', 'Captain', 'ATPL · P20179', 'Class 1', '2024-08-15', '2025-03-26', '2024-11-26', 'Boeing 767-300', '2026-06-06 05:42:55.025658+00', '2026-06-06 06:26:25.181317+00', 2, NULL, '2024-05-13 03:57:28+00', '25196'),
	('f2b87ece-f4df-4ee3-b129-cef0a450ca1d', 'c11a9879-2fcf-4efb-bb63-ec985360f9eb', '34a934bf-7681-4e25-a976-00f91296c76b', '2024-05-11', false, 2, 'finalized', '2c71fd2e-df7a-4ddb-ba82-e52f2b98b270', false, true, 'Overall good standard', '61/055/2024', '8.00', '4:00', 'BNE', 'D', '2024-05-12', '2c71fd2e-df7a-4ddb-ba82-e52f2b98b270', '2024-05-13 03:57:54+00', 'ANGTER RF-293 v1.1', 'Pesi Sione SOAKAI', '6916', 'Captain', 'ATPL · P21021', 'Class 1', '2024-12-14', '2025-05-25', '2024-11-20', 'Boeing 767-300', '2026-06-06 05:42:56.179039+00', '2026-06-06 06:26:25.181317+00', 2, NULL, '2024-05-13 03:57:54+00', '25198'),
	('2cfa04f2-358e-4a83-9e8e-e43dbbee1600', '8bdab6b8-8f18-471c-80ff-65406f27cc63', '34a934bf-7681-4e25-a976-00f91296c76b', '2024-05-16', false, 2, 'finalized', '7668de40-8e88-4d7c-adc3-7a703b44215d', false, true, 'Nil', '61/024/2022', '8:00', '3:00', 'Brisbane', 'D', '2024-05-17', '7668de40-8e88-4d7c-adc3-7a703b44215d', '2024-05-17 04:51:26+00', 'ANGTER RF-293 v1.1', 'Esmond Yasi', '3123', 'Captain', 'ATPL · P20034', 'Class 1', '2024-10-31', '2024-11-26', '2024-11-26', 'Boeing 767-300', '2026-06-06 05:42:57.551263+00', '2026-06-06 06:26:25.181317+00', 2, NULL, '2024-05-17 04:51:26+00', '25210'),
	('f14c5456-6408-4911-8a9d-7cfbe48cca56', '1df41aae-b556-4563-b5b2-43d92c47b5fa', '34a934bf-7681-4e25-a976-00f91296c76b', '2024-05-16', false, 2, 'finalized', '7668de40-8e88-4d7c-adc3-7a703b44215d', false, true, 'Nil', '61/024/2022', '8:00', '3:00', 'Brisbane', 'D', '2024-05-17', '7668de40-8e88-4d7c-adc3-7a703b44215d', '2024-05-17 04:54:59+00', 'ANGTER RF-293 v1.1', 'Maurice RONDEAU', '2393', 'Captain', 'ATPL · P20232', 'Class 1', '2024-11-11', '2024-11-22', '2024-05-22', 'Boeing 767-300', '2026-06-06 05:42:58.746677+00', '2026-06-06 06:26:25.181317+00', 2, NULL, '2024-05-17 04:54:59+00', '25179'),
	('198811df-5cde-431a-9f79-37c4930b4be1', '62858c09-57e9-4581-9598-a08b81c760fd', '34a934bf-7681-4e25-a976-00f91296c76b', '2024-05-19', false, 2, 'finalized', '7668de40-8e88-4d7c-adc3-7a703b44215d', false, true, 'Achieved acceptable standard. Needs to work on OBs for FPM and PRO.', '61/024/2022', '8:00', '3:00', 'QF Brisbane', 'D', '2024-05-20', '7668de40-8e88-4d7c-adc3-7a703b44215d', '2024-05-20 22:18:38+00', 'ANGTER RF-293 v1.1', 'Brian Eleepe', '8145', 'First Officer', 'ATPL · P20167', 'Class 1', '2024-06-08', '2024-11-19', '2024-12-13', 'Boeing 767-300', '2026-06-06 05:43:00.043784+00', '2026-06-06 06:26:25.181317+00', 2, NULL, '2024-05-20 22:18:38+00', '25240'),
	('a7709576-d237-4695-a3d9-e016f566e374', '2c82d0c5-10f7-46cb-bca5-5684cdb0bed4', '34a934bf-7681-4e25-a976-00f91296c76b', '2024-05-19', false, 2, 'finalized', '7668de40-8e88-4d7c-adc3-7a703b44215d', false, true, 'Achieved acceptable standard. Needs to work on OBs for FPM and PRO.', '61/024/2022', '8:00', '3:00', 'QF Brisbane', 'D', '2024-05-20', '7668de40-8e88-4d7c-adc3-7a703b44215d', '2024-05-20 22:19:09+00', 'ANGTER RF-293 v1.1', 'Paul Frank DAWANINCURA', '6276', 'Captain', 'ATPL · P20124', 'Class 1', '2024-09-26', '2024-10-25', '2024-12-13', 'Boeing 767-300', '2026-06-06 05:43:01.338832+00', '2026-06-06 06:26:25.181317+00', 2, NULL, '2024-05-20 22:19:09+00', '25239'),
	('009f65ed-dcb2-4b4b-a74e-16622b8a9917', 'cfdb499a-96f7-4859-8441-b3b1797d492e', '34a934bf-7681-4e25-a976-00f91296c76b', '2024-07-12', false, 3, 'finalized', '2c71fd2e-df7a-4ddb-ba82-e52f2b98b270', false, true, 'Nil', '61/055/24', '4:00', '4:00', 'BNE', NULL, '2024-07-12', '2c71fd2e-df7a-4ddb-ba82-e52f2b98b270', '2024-07-15 00:34:59+00', 'ANGTER RF-293 v1.1', 'Lawrence KOYAMA', '3563', 'Captain', 'ATPL · P20325', 'Class 1', '2024-07-13', '2025-07-29', '2025-01-25', 'Boeing 767-300', '2026-06-06 05:43:02.580252+00', '2026-06-06 06:26:25.181317+00', 2, NULL, '2024-07-15 00:34:59+00', '25683'),
	('48ef0dba-652b-42b2-adaa-1ded63b333e7', '75a8a05f-62b8-4e82-8e5b-7ef286066cc7', '34a934bf-7681-4e25-a976-00f91296c76b', '2024-07-12', false, 3, 'finalized', '2c71fd2e-df7a-4ddb-ba82-e52f2b98b270', false, true, 'F.O. Johnson’s 1st SIM since Checked to line , he has stayed in the books .', '61/047/2024', '4:00', '4:00', 'BNE', 'D', '2024-07-13', '2c71fd2e-df7a-4ddb-ba82-e52f2b98b270', '2024-08-15 04:59:26+00', 'ANGTER RF-293 v1.1', 'Nathan Douglas George JOHNSON', '6947', 'First Officer', 'ATPL · 760034', 'Class 1', '2024-07-14', '2025-07-12', '2025-01-12', 'Boeing 767-300', '2026-06-06 05:43:03.82869+00', '2026-06-06 06:26:25.181317+00', 2, NULL, '2024-08-15 04:59:26+00', '25684'),
	('4fd0f9e9-9e41-4dda-87ad-817d85f09159', '7eac0a9a-a1ec-4ad9-98ee-be4852272e1a', '34a934bf-7681-4e25-a976-00f91296c76b', '2024-07-14', false, 3, 'finalized', '2c71fd2e-df7a-4ddb-ba82-e52f2b98b270', false, true, 'Check was supported by Cpt Koyama .', '61/047/2024', '3:00', '3:00', 'BNE', 'D', '2024-07-14', '2c71fd2e-df7a-4ddb-ba82-e52f2b98b270', '2024-07-15 03:44:48+00', 'ANGTER RF-293 v1.1', 'Stewart Augustine KADIKO', '4628', 'Captain', 'ATPL · P20161', 'Class 1', '2024-09-20', '2025-07-28', '2025-01-28', 'Boeing 767-300', '2026-06-06 05:43:05.154031+00', '2026-06-06 06:26:25.181317+00', 2, NULL, '2024-07-15 03:44:48+00', '25694'),
	('9cbe3306-56ed-4081-89ee-fcae43f880c4', '6c9478c6-594f-4c06-b5cf-973a763d954d', '34a934bf-7681-4e25-a976-00f91296c76b', '2024-08-08', false, 3, 'finalized', 'c86fc17c-1951-4a37-badf-2882500bde3d', false, true, 'Captain Wanma has good working KNO, PRO and WLW with high SAW.', '61/018/2024', '8:00', '2:00', 'BNE', 'D', '2024-08-09', 'c86fc17c-1951-4a37-badf-2882500bde3d', '2024-08-09 21:05:06+00', 'ANGTER RF-293 v1.1', 'Daniel WANMA', '1042', 'Captain', 'ATPL · P2320', 'Class 1', '2025-07-29', '2025-08-11', '2025-02-11', 'Boeing 767-300', '2026-06-06 05:43:06.378539+00', '2026-06-06 06:26:25.181317+00', 2, NULL, '2024-08-09 21:05:06+00', '25906'),
	('b5779034-0439-4cad-af18-99fe3958eeff', 'aa0b038e-05a0-409b-acaa-84deb222a25d', '34a934bf-7681-4e25-a976-00f91296c76b', '2024-08-08', false, 3, 'finalized', 'c86fc17c-1951-4a37-badf-2882500bde3d', false, true, 'Ian has good KNO, PRO and WLW. Contribution to the PSD to Captain decision making process.', '61/018/2024', '8:00', '2:00', 'Brisbane', 'D', '2024-08-09', 'c86fc17c-1951-4a37-badf-2882500bde3d', '2024-08-09 21:22:19+00', 'ANGTER RF-293 v1.1', 'Ian Bruce PEARSON', '6196', 'First Officer', 'ATPL · P2307', 'Class 1', '2025-03-31', '2025-08-12', '2025-02-12', 'Boeing 767-300', '2026-06-06 05:43:07.653894+00', '2026-06-06 06:26:25.181317+00', 2, NULL, '2024-08-09 21:22:19+00', '25907'),
	('801902b7-19a3-457a-9b7e-a0b353ade7ef', '1a490ad6-51c1-4627-8dc2-d751d043a202', '34a934bf-7681-4e25-a976-00f91296c76b', '2024-08-14', false, 3, 'finalized', '2c71fd2e-df7a-4ddb-ba82-e52f2b98b270', false, true, 'Nil', '61/055/2024', '8:00', '4:00', 'BNE', 'D', '2024-08-15', '2c71fd2e-df7a-4ddb-ba82-e52f2b98b270', '2024-08-16 01:00:53+00', 'ANGTER RF-293 v1.1', 'Naime AIHI', '2683', 'Captain', 'ATPL · P20289', 'Class 1', '2025-01-07', '2025-08-27', '2025-02-27', 'Boeing 767-300', '2026-06-06 05:43:08.981062+00', '2026-06-06 06:26:25.181317+00', 2, NULL, '2024-08-16 01:00:53+00', '26026'),
	('0192333b-c797-4707-bf26-7a2d84d745cd', '24ba455d-95ea-411f-a6d6-8e7f7a9ee18e', '34a934bf-7681-4e25-a976-00f91296c76b', '2024-08-14', false, 3, 'finalized', '2c71fd2e-df7a-4ddb-ba82-e52f2b98b270', false, true, 'NIL', '61/055/2024', '8:00', '4:00', 'BNE', 'D', '2024-08-16', '2c71fd2e-df7a-4ddb-ba82-e52f2b98b270', '2024-08-20 03:22:03+00', 'ANGTER RF-293 v1.1', 'John RONDEAU', '4246', 'Captain', 'ATPL · P20295', 'Class 1', '2025-06-05', '2024-08-15', '2025-02-28', 'Boeing 767-300', '2026-06-06 05:43:10.251405+00', '2026-06-06 06:26:25.181317+00', 2, NULL, '2024-08-20 03:22:03+00', '26025'),
	('305a5c4f-1d72-48d5-8a4b-2e707ff7e993', 'f6da0ec3-b610-4b3c-80e8-da937d4508ec', '34a934bf-7681-4e25-a976-00f91296c76b', '2024-08-19', false, 3, 'finalized', '2c71fd2e-df7a-4ddb-ba82-e52f2b98b270', false, true, 'CPT KER’S INITIAL EBT TRAINING.', '61/055/2024', '8:00', '4:00', 'BNE', 'D', '2024-08-20', '2c71fd2e-df7a-4ddb-ba82-e52f2b98b270', '2024-08-21 03:54:49+00', 'ANGTER RF-293 v1.1', 'William Ker', '6962', 'Captain', 'ATPL · P21553', 'Class 1', '2024-10-24', '2025-09-29', '2025-03-29', 'Boeing 767-300', '2026-06-06 05:43:11.589449+00', '2026-06-06 06:26:25.181317+00', 2, NULL, '2024-08-21 03:54:49+00', '26122'),
	('11f87e7b-301f-438a-a800-82b03287c9fc', 'e2f7639b-a341-46fd-ab4c-673c7f34add8', '34a934bf-7681-4e25-a976-00f91296c76b', '2024-08-19', false, 3, 'finalized', '2c71fd2e-df7a-4ddb-ba82-e52f2b98b270', false, true, 'Nil', '61/055/2024', '8:00', '4:00', 'BNE', 'D', '2024-08-20', '2c71fd2e-df7a-4ddb-ba82-e52f2b98b270', '2024-08-21 03:55:31+00', 'ANGTER RF-293 v1.1', 'Joe Boma', '8868', 'First Officer', 'ATPL · P20553', 'Class 1', '2025-05-31', '2025-08-20', '2025-04-12', 'Boeing 767-300', '2026-06-06 05:43:12.885604+00', '2026-06-06 06:26:25.181317+00', 2, NULL, '2024-08-21 03:55:31+00', '26120'),
	('8c2d3137-efe7-451f-9f8a-e0b8eba3fff0', 'a12cca73-4acd-4a23-92a6-4dd361ed4e64', '34a934bf-7681-4e25-a976-00f91296c76b', '2024-08-26', false, 3, 'finalized', '7668de40-8e88-4d7c-adc3-7a703b44215d', false, true, 'Nil', '61/028/2024', '8:00', '3:00', 'QF Brisbane', 'D', '2024-08-27', '7668de40-8e88-4d7c-adc3-7a703b44215d', '2024-08-27 13:14:54+00', 'ANGTER RF-293 v1.1', 'William COCKER', '6797', 'First Officer', 'ATPL · P210012', 'Class 1', '2024-10-05', '2025-09-27', '2025-03-27', 'Boeing 767-300', '2026-06-06 05:43:14.07435+00', '2026-06-06 06:26:25.181317+00', 2, NULL, '2024-08-27 13:14:54+00', '26098'),
	('da40917e-eecf-446b-aa06-ebb70044c8a6', '774f1634-2370-4179-8148-72165bba64de', '34a934bf-7681-4e25-a976-00f91296c76b', '2024-08-26', false, 3, 'finalized', '7668de40-8e88-4d7c-adc3-7a703b44215d', false, true, 'None', '61/028/2024', '8:00', '3:00', 'QF Brisbane', 'D', '2024-08-27', '7668de40-8e88-4d7c-adc3-7a703b44215d', '2024-08-27 13:18:26+00', 'ANGTER RF-293 v1.1', 'Alex Porter', '7671', 'Captain', 'ATPL · P20109', 'Class 1', '2024-12-16', '2025-10-08', '2025-04-08', 'Boeing 767-300', '2026-06-06 05:43:15.333141+00', '2026-06-06 06:26:25.181317+00', 2, NULL, '2024-08-27 13:18:26+00', '26099'),
	('ea3af0f5-dbc5-42c8-ae81-3c6f34232ab0', '8489db45-471f-4b86-8025-f4e2a3c8ebe9', '34a934bf-7681-4e25-a976-00f91296c76b', '2024-08-28', false, 3, 'finalized', '2c71fd2e-df7a-4ddb-ba82-e52f2b98b270', false, true, 'Nil', '61/055/2024', '8:00', '3:00', 'BNE', 'D', '2024-08-29', '2c71fd2e-df7a-4ddb-ba82-e52f2b98b270', '2024-08-29 05:31:50+00', 'ANGTER RF-293 v1.1', 'Neil Christopher SEXTON', '7305', 'Captain', 'ATPL · P20151', 'Class 1', '2025-02-08', '2025-10-04', '2025-04-04', 'Boeing 767-300', '2026-06-06 05:43:16.55475+00', '2026-06-06 06:26:25.181317+00', 2, NULL, '2024-08-29 05:31:50+00', '26135'),
	('395806a2-dfb5-4aa9-b5f9-398bedb53caa', '1a1aa6bc-bf1e-4fd3-b710-efa490754a26', '34a934bf-7681-4e25-a976-00f91296c76b', '2024-08-29', false, 3, 'finalized', '2c71fd2e-df7a-4ddb-ba82-e52f2b98b270', false, true, 'F.O Hehuni’s introduction to EBT and 1st SIM assesment since his Endoresment ( not yet checked to line )', '61/055/2024', '8:00', '3:00', 'BNE', 'D', '2024-08-29', '2c71fd2e-df7a-4ddb-ba82-e52f2b98b270', '2024-08-29 05:25:29+00', 'ANGTER RF-293 v1.1', 'Toea Kila HEHUNI', '8451', 'First Officer', 'ATPL · P20451', 'Class 1', '2025-02-24', '2025-10-18', '2025-04-18', 'Boeing 767-300', '2026-06-06 05:43:17.687157+00', '2026-06-06 06:26:25.181317+00', 2, NULL, '2024-08-29 05:25:29+00', '26136'),
	('dcaddb87-3171-4580-8b15-1370f42452f3', '62858c09-57e9-4581-9598-a08b81c760fd', '34a934bf-7681-4e25-a976-00f91296c76b', '2024-11-21', false, 3, 'finalized', 'c86fc17c-1951-4a37-badf-2882500bde3d', false, true, 'IR and COMP completed satisfactorily.', '61/018/2024', '8', '3', 'SF Airlines SZX', 'D', '2024-11-23', 'c86fc17c-1951-4a37-badf-2882500bde3d', '2024-11-23 02:45:17+00', 'ANGTER RF-293 v1.1', 'Brian Eleepe', '8145', 'First Officer', 'ATPL · P20167', 'Class 1', '2025-06-08', '2025-11-23', '2025-06-13', 'Boeing 767-300', '2026-06-06 05:43:18.89509+00', '2026-06-06 06:26:25.181317+00', 2, NULL, '2024-11-23 02:45:17+00', '26893'),
	('c10beba3-f34a-45eb-9f34-004beedf88a6', '63375827-27bd-495f-8e76-d0d6beefd75d', '34a934bf-7681-4e25-a976-00f91296c76b', '2024-11-25', false, 3, 'finalized', '2c71fd2e-df7a-4ddb-ba82-e52f2b98b270', false, true, NULL, '61/062/2024', '8:00', '4:00', 'SF AIRLINES SHENZEN', 'D', '2024-11-26', '2c71fd2e-df7a-4ddb-ba82-e52f2b98b270', '2024-11-26 04:52:18+00', 'ANGTER RF-293 v1.1', 'Nama MARIOLE', '3009', 'Captain', 'ATPL · P20179', 'Class 1', '2025-08-14', '2025-11-26', '2025-05-26', 'Boeing 767-300', '2026-06-06 05:43:20.293089+00', '2026-06-06 06:26:25.181317+00', 2, NULL, '2024-11-26 04:52:18+00', '26926'),
	('8b8f0663-7bb2-43c1-a386-00ad3bbd3b08', '8bdab6b8-8f18-471c-80ff-65406f27cc63', '34a934bf-7681-4e25-a976-00f91296c76b', '2024-11-25', false, 3, 'finalized', '2c71fd2e-df7a-4ddb-ba82-e52f2b98b270', false, true, 'Nil', '61/062/2024', '8:00', '4:00', 'SF AIRLINES SHENZEN', 'D', '2024-11-26', '2c71fd2e-df7a-4ddb-ba82-e52f2b98b270', '2024-11-26 12:26:20+00', 'ANGTER RF-293 v1.1', 'Esmond Yasi', '3123', 'Captain', 'ATPL · P20034', 'Class 1', '2025-10-10', '2025-11-26', '2025-05-26', 'Boeing 767-300', '2026-06-06 05:43:21.434961+00', '2026-06-06 06:26:25.181317+00', 2, NULL, '2024-11-26 12:26:20+00', '26925'),
	('e7438119-9780-44d1-ad40-22a26024efce', '1df41aae-b556-4563-b5b2-43d92c47b5fa', '34a934bf-7681-4e25-a976-00f91296c76b', '2024-11-28', false, 3, 'finalized', '2c71fd2e-df7a-4ddb-ba82-e52f2b98b270', false, true, 'Check Conducted from RHS', '61/062/2024', '8:00', '4:00', 'China', 'D', '2024-11-28', '2c71fd2e-df7a-4ddb-ba82-e52f2b98b270', '2024-11-28 04:52:40+00', 'ANGTER RF-293 v1.1', 'Maurice RONDEAU', '2393', 'Captain', 'ATPL · P20232', 'Class 1', '2024-11-28', '2024-11-28', '2025-05-28', 'Boeing 767-300', '2026-06-06 05:43:22.633821+00', '2026-06-06 06:26:25.181317+00', 2, NULL, '2024-11-28 04:52:40+00', '26948'),
	('302d9383-b4f5-4c42-9956-dce849acd5f1', 'e2b5a78d-3c1f-428e-9124-e5f02c362746', '34a934bf-7681-4e25-a976-00f91296c76b', '2024-11-28', false, 3, 'finalized', '2c71fd2e-df7a-4ddb-ba82-e52f2b98b270', false, true, NULL, '61/62/2024', '8:00', '4:00', 'CHINA', 'D', '2024-11-28', '2c71fd2e-df7a-4ddb-ba82-e52f2b98b270', '2024-12-04 03:45:18+00', 'ANGTER RF-293 v1.1', 'David INNES', '6068', 'Captain', 'ATPL · P20221', 'Class 1', '2025-04-13', '2025-11-28', '2025-05-28', 'Boeing 767-300', '2026-06-06 05:43:23.731762+00', '2026-06-06 06:26:25.181317+00', 2, NULL, '2024-12-04 03:45:18+00', '26916'),
	('e53445fa-0dce-43a7-8acd-93517872d24b', 'c11a9879-2fcf-4efb-bb63-ec985360f9eb', '34a934bf-7681-4e25-a976-00f91296c76b', '2024-12-03', false, 3, 'finalized', '2c71fd2e-df7a-4ddb-ba82-e52f2b98b270', false, true, 'Good standard', '61/062/2024', '8:00', '4:00', 'SHENZEN', 'D', '2024-12-03', '2c71fd2e-df7a-4ddb-ba82-e52f2b98b270', '2024-12-03 09:27:57+00', 'ANGTER RF-293 v1.1', 'Pesi Sione SOAKAI', '6916', 'Captain', 'ATPL · P21021', 'Class 1', '2024-12-14', '2025-12-03', '2025-06-03', 'Boeing 767-300', '2026-06-06 05:43:24.918624+00', '2026-06-06 06:26:25.181317+00', 2, NULL, '2024-12-03 09:27:57+00', '26979'),
	('a281f8a3-1a60-459b-85e6-4a9bca9e9b0a', 'd15163d3-8d5f-462b-8fdc-4138a6352bca', '34a934bf-7681-4e25-a976-00f91296c76b', '2024-12-03', false, 3, 'finalized', '2c71fd2e-df7a-4ddb-ba82-e52f2b98b270', false, true, 'Nil', '61/062/2024', '8:00', '4:00', 'SHENZEN', 'D', '2024-12-03', '2c71fd2e-df7a-4ddb-ba82-e52f2b98b270', '2024-12-03 09:28:11+00', 'ANGTER RF-293 v1.1', 'Fotu Amanakianga TO''OFOHE', '6923', 'First Officer', 'ATPL · P21352', 'Class 1', '2025-03-06', '2025-12-03', '2025-06-03', 'Boeing 767-300', '2026-06-06 05:43:26.075758+00', '2026-06-06 06:26:25.181317+00', 2, NULL, '2024-12-03 09:28:11+00', '26980'),
	('98557844-2246-4ea9-b3af-30eda0b95675', 'e4652105-7a4a-4a49-ae48-ccd6995f9f70', '34a934bf-7681-4e25-a976-00f91296c76b', '2024-12-08', false, 3, 'finalized', '2c71fd2e-df7a-4ddb-ba82-e52f2b98b270', false, true, 'Carried out CNS 33 LZZ FOR APORT REQUAL', '61/062/2024', '8:00', '4:00', 'SHENZEN', 'D', '2024-12-08', '2c71fd2e-df7a-4ddb-ba82-e52f2b98b270', '2024-12-09 10:04:39+00', 'ANGTER RF-293 v1.1', 'Craig Owen DUFFIELD', '6967', 'Captain', 'ATPL · P21065', 'Class 1', '2025-07-16', '2026-01-11', '2025-07-11', 'Boeing 767-300', '2026-06-06 05:43:27.209369+00', '2026-06-06 06:26:25.181317+00', 2, NULL, '2024-12-09 10:04:39+00', '27034'),
	('d55bc626-1304-4609-a6fe-a31dbdbe9d43', '75a8a05f-62b8-4e82-8e5b-7ef286066cc7', '34a934bf-7681-4e25-a976-00f91296c76b', '2024-12-08', false, 3, 'finalized', '2c71fd2e-df7a-4ddb-ba82-e52f2b98b270', false, true, 'Carried out CNS 33 LZZ APP FOR AIRPORT REQUAL', '61', '8:00', '4:00', 'SHENZEN', 'D', '2024-12-08', '2c71fd2e-df7a-4ddb-ba82-e52f2b98b270', '2024-12-09 10:19:25+00', 'ANGTER RF-293 v1.1', 'Nathan Douglas George JOHNSON', '6947', 'First Officer', 'ATPL · P21040', 'Class 1', '2025-03-10', '2026-01-12', '2025-07-12', 'Boeing 767-300', '2026-06-06 05:43:28.636413+00', '2026-06-06 06:26:25.181317+00', 2, NULL, '2024-12-09 10:19:25+00', '26950'),
	('702224c0-8efc-43ee-90e4-9dae5a61e10b', 'c92c8825-1e46-4294-a8c3-43350d06280e', '34a934bf-7681-4e25-a976-00f91296c76b', '2024-12-16', false, 3, 'finalized', 'c86fc17c-1951-4a37-badf-2882500bde3d', false, true, 'Capt Dovey is competent in all competencies. Flew to satifactory standards without and auto pilot during the EVAL.', '61/018/2024', '8:00', '4:00', 'SF Airlines SZX', 'D', '2024-12-17', 'c86fc17c-1951-4a37-badf-2882500bde3d', '2024-12-18 03:54:23+00', 'ANGTER RF-293 v1.1', 'Brett William DOVEY', '6968', 'Captain', 'ATPL · P21064', 'Class 1', '2025-04-06', '1926-01-11', '2025-07-11', 'Boeing 767-300', '2026-06-06 05:43:29.946197+00', '2026-06-06 06:26:25.181317+00', 2, NULL, '2024-12-18 03:54:23+00', '27108'),
	('dfd07f04-3c22-421e-8290-0bc7af822b25', '755c646a-e369-4cc5-92bf-2d24838c054d', '34a934bf-7681-4e25-a976-00f91296c76b', '2024-12-17', false, 3, 'finalized', 'c86fc17c-1951-4a37-badf-2882500bde3d', false, true, 'Capt. Taufa completed Module 3 satisfactorily and is competent in all competencies.', '61/16/2024', '8:00', '4:00', 'SF Airlines, SZX', 'D', '2024-12-17', 'c86fc17c-1951-4a37-badf-2882500bde3d', '2024-12-18 03:45:07+00', 'ANGTER RF-293 v1.1', 'Samiu TAUFA', '3564', 'Captain', 'ATPL · P20105', 'Class 1', '2024-12-21', '2025-12-17', '2025-06-17', 'Boeing 767-300', '2026-06-06 05:43:31.507428+00', '2026-06-06 06:26:25.181317+00', 2, NULL, '2024-12-18 03:45:07+00', '27110'),
	('c2a7e692-17de-4308-a148-9c10e6d7e3b5', 'cfdb499a-96f7-4859-8441-b3b1797d492e', '34a934bf-7681-4e25-a976-00f91296c76b', '2025-02-07', false, 4, 'finalized', 'c86fc17c-1951-4a37-badf-2882500bde3d', false, NULL, 'Additional EFATO carried out to standar', '61/018/2024', '8:00', '4:00', 'Guanddong, China', 'D', '2025-02-07', 'c86fc17c-1951-4a37-badf-2882500bde3d', '2025-02-09 01:00:01+00', 'ANGTER RF-293 v1.1', 'Lawrence KOYAMA', '3563', 'Captain', 'ATPL · P20235', 'Class 1', '2025-12-02', '2026-02-08', '2025-08-08', 'Boeing 767-300', '2026-06-06 05:43:33.113383+00', '2026-06-06 06:26:25.181317+00', 2, NULL, '2025-02-09 01:00:01+00', '27549'),
	('bc56387f-eb19-43a9-a59a-584952db41b1', '7eac0a9a-a1ec-4ad9-98ee-be4852272e1a', '34a934bf-7681-4e25-a976-00f91296c76b', '2025-02-07', false, 4, 'finalized', 'c86fc17c-1951-4a37-badf-2882500bde3d', false, true, 'Additional EFATO carried out', '61/018/2024', '8:00', '4:00', 'Guanddong, China', 'D', '2025-02-07', 'c86fc17c-1951-4a37-badf-2882500bde3d', '2025-02-09 01:01:30+00', 'ANGTER RF-293 v1.1', 'Stewart Augustine KADIKO', '4628', 'Captain', 'ATPL · P20161', 'Class 1', '2025-09-20', '2026-02-08', '2025-08-08', 'Boeing 767-300', '2026-06-06 05:43:34.675469+00', '2026-06-06 06:26:25.181317+00', 2, NULL, '2025-02-09 01:01:30+00', '27550'),
	('f4e66f7a-5215-4552-8dee-d58bef5a6731', '1a490ad6-51c1-4627-8dc2-d751d043a202', '34a934bf-7681-4e25-a976-00f91296c76b', '2025-02-09', false, 4, 'finalized', 'c86fc17c-1951-4a37-badf-2882500bde3d', false, NULL, 'Additional EFATO carried out to standards', '61/018/2024', '8:00', '4:00', 'Guanddong, China', 'D', '2025-02-07', 'c86fc17c-1951-4a37-badf-2882500bde3d', '2025-02-10 10:39:21+00', 'ANGTER RF-293 v1.1', 'Naime AIHI', '2683', 'Captain', 'ATPL · P20269', 'Class 1', '2025-07-07', '2026-02-09', '2025-08-27', 'Boeing 767-300', '2026-06-06 05:43:36.264662+00', '2026-06-06 06:26:25.181317+00', 2, NULL, '2025-02-10 10:39:21+00', '27581'),
	('eb1a88f3-be73-4c70-8c05-43e3b35a34f5', '3595d38b-8240-40ec-a867-58716c8d5828', '34a934bf-7681-4e25-a976-00f91296c76b', '2025-02-09', false, 4, 'finalized', 'c86fc17c-1951-4a37-badf-2882500bde3d', false, true, 'Additional EFATO carried out and RTO', '61/018/2024', '8:00', '4:00', 'Guanddong, China', 'D', '2025-02-07', 'c86fc17c-1951-4a37-badf-2882500bde3d', '2025-02-10 12:21:38+00', 'ANGTER RF-293 v1.1', 'Guy BESTER', '6974', 'First Officer', 'ATPL · P21080', 'Class 1', '2025-07-02', '2026-02-09', '2025-08-09', 'Boeing 767-300', '2026-06-06 05:43:37.793591+00', '2026-06-06 06:26:25.181317+00', 2, NULL, '2025-02-10 12:21:38+00', '27580'),
	('0b385a8a-29e4-4a53-b126-766febf91d23', '4e7637b0-2bb6-403f-b0bb-8b546165a3ae', '34a934bf-7681-4e25-a976-00f91296c76b', '2025-02-14', false, 4, 'finalized', '2c71fd2e-df7a-4ddb-ba82-e52f2b98b270', false, true, 'Had to deal with various SIM issues , well handled .', '61/062/2024', '8:00', '4:00', 'Donguan China', 'D', '2025-02-14', '2c71fd2e-df7a-4ddb-ba82-e52f2b98b270', '2025-02-14 11:38:13+00', 'ANGTER RF-293 v1.1', 'Peter Angus KELLY', '6973', 'Captain', 'ATPL · P21066', 'Class 1', '2025-07-09', '2026-02-14', '2025-08-14', 'Boeing 767-300', '2026-06-06 05:43:39.380582+00', '2026-06-06 06:26:25.181317+00', 2, NULL, '2025-02-14 11:38:13+00', '27466'),
	('221bbf67-ea20-4ca9-aa15-7ec1ef26358a', '6c9478c6-594f-4c06-b5cf-973a763d954d', '34a934bf-7681-4e25-a976-00f91296c76b', '2025-02-16', false, 4, 'finalized', '2c71fd2e-df7a-4ddb-ba82-e52f2b98b270', false, true, 'Good Check', '61/062/2024', '8:00', '4:00', 'Donguan China', 'D', '2025-02-16', '2c71fd2e-df7a-4ddb-ba82-e52f2b98b270', '2025-02-17 01:08:58+00', 'ANGTER RF-293 v1.1', 'Daniel WANMA', '1042', 'Captain', 'ATPL · P20320', 'Class 1', '2025-07-29', '2026-02-15', '2025-08-15', 'Boeing 767-300', '2026-06-06 05:43:40.675055+00', '2026-06-06 06:26:25.181317+00', 2, NULL, '2025-02-17 01:08:58+00', '27641'),
	('61659ad9-2e76-418c-94f8-67a6f5651a8e', 'a8f7abec-a88e-401e-a74c-5425dc07178b', '34a934bf-7681-4e25-a976-00f91296c76b', '2025-02-18', false, 4, 'finalized', '2c71fd2e-df7a-4ddb-ba82-e52f2b98b270', false, true, 'This was F.O. Nendepa’s first check since his endorsement , he has put a lot of effort in . good work', '61/062/2024', '8:00', '4:00', 'Donguan CHINA', 'D', '2025-02-18', '2c71fd2e-df7a-4ddb-ba82-e52f2b98b270', '2025-02-20 05:54:09+00', 'ANGTER RF-293 v1.1', 'Rick Kibo NENDEPA', '8870', 'First Officer', 'ATPL · P20443', 'Class 1', '2025-11-01', '2026-03-02', '2025-08-28', 'Boeing 767-300', '2026-06-06 05:43:42.235286+00', '2026-06-06 06:26:25.181317+00', 2, NULL, '2025-02-20 05:54:09+00', '27677'),
	('37239ea4-5c1c-4415-9977-2747a3cc3895', '24ba455d-95ea-411f-a6d6-8e7f7a9ee18e', '34a934bf-7681-4e25-a976-00f91296c76b', '2025-02-18', false, 4, 'finalized', '2c71fd2e-df7a-4ddb-ba82-e52f2b98b270', false, true, 'RH SEAT SEQUENCE FLOWN AS RHS TNG CPT', '61/062/2024', '8:00', '4:00', 'Donguan China', 'D', '2025-02-18', '2c71fd2e-df7a-4ddb-ba82-e52f2b98b270', '2025-02-20 05:54:22+00', 'ANGTER RF-293 v1.1', 'John RONDEAU', '4246', 'Captain', 'ATPL · P20295', 'Class 1', '2025-06-06', '2026-02-28', '2025-08-29', 'Boeing 767-300', '2026-06-06 05:43:43.607979+00', '2026-06-06 06:26:25.181317+00', 2, NULL, '2025-02-20 05:54:22+00', '27676'),
	('3eaf0f13-eb8d-43e4-8ec1-ec2c4ce958c9', 'f6da0ec3-b610-4b3c-80e8-da937d4508ec', '34a934bf-7681-4e25-a976-00f91296c76b', '2025-02-21', false, 4, 'finalized', '2c71fd2e-df7a-4ddb-ba82-e52f2b98b270', false, true, 'NIL', '61/062/2024', '8:00', '4:00', 'DONGUAN CHINA', 'D', '2025-02-21', '2c71fd2e-df7a-4ddb-ba82-e52f2b98b270', '2025-02-23 12:22:29+00', 'ANGTER RF-293 v1.1', 'William Ker', '6962', 'Captain', 'ATPL · P21553', 'Class 1', '2025-04-25', '2026-03-29', '2025-08-28', 'Boeing 767-300', '2026-06-06 05:43:45.128481+00', '2026-06-06 06:26:25.181317+00', 2, NULL, '2025-02-23 12:22:29+00', '27690'),
	('8f473040-9309-4421-bd52-7608bc6847b4', 'a12cca73-4acd-4a23-92a6-4dd361ed4e64', '34a934bf-7681-4e25-a976-00f91296c76b', '2025-02-21', false, 4, 'finalized', '2c71fd2e-df7a-4ddb-ba82-e52f2b98b270', false, true, 'NIL', '61/062/2024', '8:00', '4:00', 'DONGUAN CHINA', 'D', '2025-02-21', '2c71fd2e-df7a-4ddb-ba82-e52f2b98b270', '2025-02-23 12:27:26+00', 'ANGTER RF-293 v1.1', 'William COCKER', '6797', 'First Officer', 'ATPL · P210012', 'Class 1', '2025-04-04', '2026-09-27', '2025-09-27', 'Boeing 767-300', '2026-06-06 05:43:46.495443+00', '2026-06-06 06:26:25.181317+00', 2, NULL, '2025-02-23 12:27:26+00', '27691'),
	('5a3d455f-28f2-4c1b-86c8-f76278e212bc', '1a1aa6bc-bf1e-4fd3-b710-efa490754a26', '34a934bf-7681-4e25-a976-00f91296c76b', '2025-03-12', false, 4, 'finalized', '2c71fd2e-df7a-4ddb-ba82-e52f2b98b270', false, true, 'Overall solid effort for 2 nd SIM on  type', '61/062/2024', '4:00', '2:00', 'Shenzen China', 'D', '2025-03-12', '2c71fd2e-df7a-4ddb-ba82-e52f2b98b270', '2025-03-13 01:15:52+00', 'ANGTER RF-293 v1.1', 'Toea Kila HEHUNI', '8451', 'First Officer', 'ATPL · P20451', 'Class 1', '2026-02-24', '2026-03-18', '2025-10-18', 'Boeing 767-300', '2026-06-06 05:43:47.994115+00', '2026-06-06 06:26:25.181317+00', 2, NULL, '2025-03-13 01:15:52+00', '27911'),
	('12553404-8736-4817-a797-d089aadb5b4c', '8489db45-471f-4b86-8025-f4e2a3c8ebe9', '34a934bf-7681-4e25-a976-00f91296c76b', '2025-03-12', false, 4, 'finalized', '2c71fd2e-df7a-4ddb-ba82-e52f2b98b270', false, true, 'Nil', '61/062/2024', '4:00', '2:00', 'Schenzen CHINA', 'D', '2025-03-12', '2c71fd2e-df7a-4ddb-ba82-e52f2b98b270', '2025-03-14 09:16:33+00', 'ANGTER RF-293 v1.1', 'Neil Christopher SEXTON', '7305', 'Captain', 'ATPL · P20151', 'Class 1', '2025-08-08', '2026-04-04', '2025-10-04', 'Boeing 767-300', '2026-06-06 05:43:49.422109+00', '2026-06-06 06:26:25.181317+00', 2, NULL, '2025-03-14 09:16:33+00', '27912'),
	('016cba63-73a0-4642-acf7-ab1d3d7c04a1', '63375827-27bd-495f-8e76-d0d6beefd75d', '34a934bf-7681-4e25-a976-00f91296c76b', '2025-03-13', false, 4, 'finalized', '7668de40-8e88-4d7c-adc3-7a703b44215d', false, true, 'Nil', '61/028/2024', '8.0', '7.0', 'SF Cargo Dongguan', 'D', '2025-03-14', '7668de40-8e88-4d7c-adc3-7a703b44215d', '2025-03-17 07:07:08+00', 'ANGTER RF-293 v1.1', 'Nama MARIOLE', '3009', 'Captain', 'ATPL · P20179', 'Class 1', '2025-08-06', '2025-11-26', '2025-11-26', 'Boeing 767-300', '2026-06-06 05:43:50.851992+00', '2026-06-06 06:26:25.181317+00', 2, NULL, '2025-03-17 07:07:08+00', '27939'),
	('3511d8d7-87bf-492d-b372-0f7b0b8c43f3', '2c82d0c5-10f7-46cb-bca5-5684cdb0bed4', '34a934bf-7681-4e25-a976-00f91296c76b', '2025-03-13', false, 4, 'finalized', '7668de40-8e88-4d7c-adc3-7a703b44215d', false, true, 'Nil', '61/028/2024', '8:00', '7:00', 'SF Cargo Dongguan', 'D', '2025-03-14', '7668de40-8e88-4d7c-adc3-7a703b44215d', '2025-03-17 07:08:14+00', 'ANGTER RF-293 v1.1', 'Paul Frank DAWANINCURA', '6276', 'Captain', 'ATPL · P20124', 'Class 1', '2025-08-09', '2025-11-23', '2025-11-23', 'Boeing 767-300', '2026-06-06 05:43:51.998241+00', '2026-06-06 06:26:25.181317+00', 2, NULL, '2025-03-17 07:08:14+00', '27938'),
	('ff9186e4-8888-4ee0-b66b-73b2cd04846d', '774f1634-2370-4179-8148-72165bba64de', '34a934bf-7681-4e25-a976-00f91296c76b', '2025-03-17', false, 4, 'finalized', '7668de40-8e88-4d7c-adc3-7a703b44215d', false, true, NULL, '61/028/2024', '5:30', '3:00', 'SF Cargo Dongguan', 'D', '2025-03-17', '7668de40-8e88-4d7c-adc3-7a703b44215d', '2025-03-17 07:13:22+00', 'ANGTER RF-293 v1.1', 'Alex Porter', '7671', 'Captain', 'ATPL · P20109', 'Class 1', '2025-03-16', '2025-10-08', '2025-10-08', 'Boeing 767-300', '2026-06-06 05:43:53.047109+00', '2026-06-06 06:26:25.181317+00', 2, NULL, '2025-03-17 07:13:22+00', '27959'),
	('13547c93-83bf-448c-914a-e9b167626409', '1df41aae-b556-4563-b5b2-43d92c47b5fa', '34a934bf-7681-4e25-a976-00f91296c76b', '2025-05-23', false, 4, 'finalized', '2c71fd2e-df7a-4ddb-ba82-e52f2b98b270', false, true, 'Nil', '61/062/2024', '8', '4', 'Donguan', 'D', '2025-05-23', '2c71fd2e-df7a-4ddb-ba82-e52f2b98b270', '2025-05-23 07:26:04+00', 'ANGTER RF-293 v1.1', 'Maurice RONDEAU', '2393', 'Captain', 'ATPL · P20232', 'Class 1', '2025-11-10', '2026-05-28', '2025-11-28', 'Boeing 767-300', '2026-06-06 05:43:54.046685+00', '2026-06-06 06:26:25.181317+00', 2, NULL, '2025-05-23 07:26:04+00', '28435'),
	('73efaa3c-43db-447c-8cb9-c2b37717a475', 'e2b5a78d-3c1f-428e-9124-e5f02c362746', '34a934bf-7681-4e25-a976-00f91296c76b', '2025-05-26', false, 4, 'finalized', 'c86fc17c-1951-4a37-badf-2882500bde3d', false, true, 'Day 1 competencies in PRO, SAW, WLD, FPA were trained to standards on day 2.', '61/018/2024', '8.0', '2.0', 'SF CHINA', 'D', '2025-05-26', 'c86fc17c-1951-4a37-badf-2882500bde3d', '2025-05-26 13:49:39+00', 'ANGTER RF-293 v1.1', 'David INNES', '6068', 'Captain', 'ATPL · P20221', 'Class 1', '2025-09-26', '2025-11-28', '2025-11-28', 'Boeing 767-300', '2026-06-06 05:43:55.355378+00', '2026-06-06 06:26:25.181317+00', 2, NULL, '2025-05-26 13:49:39+00', '28442'),
	('732d751a-6dd6-46c7-bfc0-f4dc86c22aa5', '8bdab6b8-8f18-471c-80ff-65406f27cc63', '34a934bf-7681-4e25-a976-00f91296c76b', '2025-05-28', false, 4, 'finalized', 'c86fc17c-1951-4a37-badf-2882500bde3d', false, true, 'Good performance during both days exercises.', '61/018/2024', '8.0', '2.0', 'SF CHINA', 'D', '2025-05-28', 'c86fc17c-1951-4a37-badf-2882500bde3d', '2025-05-28 03:54:28+00', 'ANGTER RF-293 v1.1', 'Esmond Yasi', '3123', 'Captain', 'ATPL · P20034', 'Class 1', '2025-10-31', '2026-05-28', '2025-11-28', 'Boeing 767-300', '2026-06-06 05:43:56.65849+00', '2026-06-06 06:26:25.181317+00', 2, NULL, '2025-05-28 03:54:28+00', '28459'),
	('9c2195c1-27f5-48e5-bff3-28e51fba97c8', '75a8a05f-62b8-4e82-8e5b-7ef286066cc7', '34a934bf-7681-4e25-a976-00f91296c76b', '2025-06-02', false, 4, 'finalized', '7668de40-8e88-4d7c-adc3-7a703b44215d', false, true, 'Nil', '61/028/2024', '8', '3', 'SF Airlines Dongguan', 'D', '2025-06-03', '7668de40-8e88-4d7c-adc3-7a703b44215d', '2025-06-04 08:55:16+00', 'ANGTER RF-293 v1.1', 'Nathan Douglas George JOHNSON', '6947', 'First Officer', 'ATPL · P21040', 'Class 1', '2026-03-10', '2026-01-12', '2026-01-12', 'Boeing 767-300', '2026-06-06 05:43:57.964906+00', '2026-06-06 06:26:25.181317+00', 2, NULL, '2025-06-04 08:55:16+00', '28520'),
	('2e5fa7f0-69ab-4db7-b2ff-6e17c8f1031f', 'c11a9879-2fcf-4efb-bb63-ec985360f9eb', '34a934bf-7681-4e25-a976-00f91296c76b', '2025-06-02', false, 4, 'finalized', '7668de40-8e88-4d7c-adc3-7a703b44215d', false, true, 'Nil', '61/028/2024', '8', '3', 'SF Airlines Dongguan', 'D', '2025-06-03', '7668de40-8e88-4d7c-adc3-7a703b44215d', '2025-06-04 08:55:26+00', 'ANGTER RF-293 v1.1', 'Pesi Sione SOAKAI', '6916', 'Captain', 'ATPL · P21021', 'Class 1', '2025-12-05', '2025-12-03', '2025-12-03', 'Boeing 767-300', '2026-06-06 05:43:59.229232+00', '2026-06-06 06:26:25.181317+00', 2, NULL, '2025-06-04 08:55:26+00', '28519'),
	('fbd79c7c-a164-4d18-9518-2597eaa275f1', 'd15163d3-8d5f-462b-8fdc-4138a6352bca', '34a934bf-7681-4e25-a976-00f91296c76b', '2025-06-10', false, 4, 'finalized', 'c86fc17c-1951-4a37-badf-2882500bde3d', false, true, 'Good teamwork.', '61/018/2024', '8.0', '4.0', 'SF Airlines Dongguan', 'D', '2025-06-10', 'c86fc17c-1951-4a37-badf-2882500bde3d', '2025-06-10 04:46:49+00', 'ANGTER RF-293 v1.1', 'Fotu Amanakianga TO''OFOHE', '6923', 'First Officer', 'ATPL · P21362', 'Class 1', '2026-03-06', '2025-12-03', '2025-06-10', 'Boeing 767-300', '2026-06-06 05:44:00.566792+00', '2026-06-06 06:26:25.181317+00', 2, NULL, '2025-06-10 04:46:49+00', '28572'),
	('717b9d82-0701-4cce-96f9-b8c0e2844da0', '755c646a-e369-4cc5-92bf-2d24838c054d', '34a934bf-7681-4e25-a976-00f91296c76b', '2025-06-10', false, 4, 'finalized', 'c86fc17c-1951-4a37-badf-2882500bde3d', false, true, 'SAW, PSD improvement evident on day 2 SBT', '61/018/2024', '8.0', '4.0', 'SF Dongguan, China', 'D', '2025-06-10', 'c86fc17c-1951-4a37-badf-2882500bde3d', '2025-06-10 04:46:59+00', 'ANGTER RF-293 v1.1', 'Samiu TAUFA', '3564', 'Captain', 'ATPL · P20105', 'Class 1', '1925-06-21', '1925-12-17', '1925-12-17', 'Boeing 767-300', '2026-06-06 05:44:01.909504+00', '2026-06-06 06:26:25.181317+00', 2, NULL, '2025-06-10 04:46:59+00', '28570'),
	('72f937ca-4aa9-48c9-ae6d-f8e590e82741', 'e4652105-7a4a-4a49-ae48-ccd6995f9f70', '34a934bf-7681-4e25-a976-00f91296c76b', '2025-07-01', false, 4, 'finalized', 'c86fc17c-1951-4a37-badf-2882500bde3d', false, true, 'Nil comments', '61/018/2024', '8.0', '4.0', 'SF Dongguan, China', 'D', '2025-07-01', 'c86fc17c-1951-4a37-badf-2882500bde3d', '2025-07-03 11:36:35+00', 'ANGTER RF-293 v1.1', 'Craig Owen DUFFIELD', '6967', 'Captain', 'ATPL · P21065', 'Class 1', '2025-07-17', '2026-01-11', '2026-01-11', 'Boeing 767-300', '2026-06-06 05:44:03.394308+00', '2026-06-06 06:26:25.181317+00', 2, NULL, '2025-07-03 11:36:35+00', '28748'),
	('ce3a1410-fec6-4801-808f-1c37eb701dd9', '3595d38b-8240-40ec-a867-58716c8d5828', '34a934bf-7681-4e25-a976-00f91296c76b', '2025-07-01', false, 4, 'finalized', 'c86fc17c-1951-4a37-badf-2882500bde3d', false, true, 'Good teamwork. Operate left seat in support of Captain Craig RHS and Training Captain syllabus', '61/018/2024', '8.0', '4.0', 'SF Airlines Dongguan', 'D', '2025-07-01', 'c86fc17c-1951-4a37-badf-2882500bde3d', '2025-07-03 11:36:59+00', 'ANGTER RF-293 v1.1', 'Guy BESTER', '6974', 'First Officer', 'ATPL · P21080', 'Class 1', '2026-01-02', '2026-07-01', '2026-02-09', 'Boeing 767-300', '2026-06-06 05:44:04.777868+00', '2026-06-06 06:26:25.181317+00', 2, NULL, '2025-07-03 11:36:59+00', '28750'),
	('0b38ba1c-843a-4e64-ae7f-4914a7a520ce', 'aa0b038e-05a0-409b-acaa-84deb222a25d', '34a934bf-7681-4e25-a976-00f91296c76b', '2025-07-04', false, 4, 'finalized', 'c86fc17c-1951-4a37-badf-2882500bde3d', false, true, 'Good teamwork. Ian keeps making non standard verbal comments during the sim sessions complaining about issue beyond our control. OPT computation challenging Boeing.', '61/018/2024', '8.0', '4.0', 'SF Airlines Dongguan', 'D', '2025-07-04', 'c86fc17c-1951-4a37-badf-2882500bde3d', '2025-07-06 00:04:38+00', 'ANGTER RF-293 v1.1', 'Ian Bruce PEARSON', '6196', 'First Officer', 'ATPL · P20307', 'Class 1', '2026-03-31', '2026-07-03', '2026-02-14', 'Boeing 767-300', '2026-06-06 05:44:06.10096+00', '2026-06-06 06:26:25.181317+00', 2, NULL, '2025-07-06 00:04:38+00', '28769'),
	('340e5cd5-6460-40e7-9d9c-bcc3580cb7a5', 'c92c8825-1e46-4294-a8c3-43350d06280e', '34a934bf-7681-4e25-a976-00f91296c76b', '2025-07-04', false, 4, 'finalized', 'c86fc17c-1951-4a37-badf-2882500bde3d', false, true, 'Good teamwork.', '61/018/2024', '8.0', '4.0', 'SF Dongguan, China', 'D', '2025-07-01', 'c86fc17c-1951-4a37-badf-2882500bde3d', '2025-07-06 00:05:52+00', 'ANGTER RF-293 v1.1', 'Brett William DOVEY', '6968', 'Captain', 'ATPL · P21064', 'Class 1', '2026-03-20', '2026-07-03', '2026-01-11', 'Boeing 767-300', '2026-06-06 05:44:07.381702+00', '2026-06-06 06:26:25.181317+00', 2, NULL, '2025-07-06 00:05:52+00', '28770'),
	('d0a04c01-3b05-412e-aea7-661ef6e6150b', '1a1aa6bc-bf1e-4fd3-b710-efa490754a26', '34a934bf-7681-4e25-a976-00f91296c76b', '2025-07-25', false, 5, 'finalized', '7668de40-8e88-4d7c-adc3-7a703b44215d', false, true, 'Nil', '61/028/2024', '8', '3', 'SF Cargo, Dongguan', 'D', '2025-07-25', '7668de40-8e88-4d7c-adc3-7a703b44215d', '2025-07-26 00:20:59+00', 'ANGTER RF-293 v1.1', 'Toea Kila HEHUNI', '8451', 'First Officer', 'ATPL · P20451', 'Class 1', '2026-02-24', '2026-10-18', '2026-04-18', 'Boeing 767-300', '2026-06-06 05:44:08.717264+00', '2026-06-06 06:26:25.181317+00', 2, NULL, '2025-07-26 00:20:59+00', '28931'),
	('1f6a7264-36f9-496e-8ddf-5cf004b3ae40', 'cfdb499a-96f7-4859-8441-b3b1797d492e', '34a934bf-7681-4e25-a976-00f91296c76b', '2025-07-25', false, 5, 'finalized', '7668de40-8e88-4d7c-adc3-7a703b44215d', false, true, 'Nil', '61/028/2024', '8', '3', 'SF Cargo, Dongguan', 'D', '2025-07-25', '7668de40-8e88-4d7c-adc3-7a703b44215d', '2025-07-26 00:21:27+00', 'ANGTER RF-293 v1.1', 'Lawrence KOYAMA', '3563', 'Captain', 'ATPL · P20325', 'Class 1', '2025-12-02', '2026-08-08', '2026-02-08', 'Boeing 767-300', '2026-06-06 05:44:09.991843+00', '2026-06-06 06:26:25.181317+00', 2, NULL, '2025-07-26 00:21:27+00', '28923'),
	('fd16738e-7418-4389-b9a8-9675c63bfdee', '207553c3-0c32-4eb9-b878-db18ab10a3e6', '34a934bf-7681-4e25-a976-00f91296c76b', '2025-07-29', false, 5, 'finalized', 'c86fc17c-1951-4a37-badf-2882500bde3d', false, true, 'Great team work.', '61/018/2024', '4:00', '2:00', 'SF Airlines China', 'D', '2025-07-29', 'c86fc17c-1951-4a37-badf-2882500bde3d', '2025-07-30 12:57:05+00', 'ANGTER RF-293 v1.1', 'Philip William John Robinson JAMES', '6988', 'First Officer', 'ATPL · P21079', 'Class 1', '2026-07-03', '2026-08-28', '2026-02-28', 'Boeing 767-300', '2026-06-06 05:44:11.329355+00', '2026-06-06 06:26:25.181317+00', 2, NULL, '2025-07-30 12:57:05+00', '28966'),
	('a5c771b1-91d4-4aa1-b1a2-ab5a7536bf83', '6c9478c6-594f-4c06-b5cf-973a763d954d', '34a934bf-7681-4e25-a976-00f91296c76b', '2025-07-29', false, 5, 'finalized', 'c86fc17c-1951-4a37-badf-2882500bde3d', false, NULL, 'Great leadership and teamwork.', '64/018/2024', '4.0', '2.0', 'SF Airlines China', 'D', '2025-07-29', 'c86fc17c-1951-4a37-badf-2882500bde3d', '2025-07-30 12:57:20+00', 'ANGTER RF-293 v1.1', 'Daniel WANMA', '1042', 'Captain', 'ATPL · P20320', 'Class 1', '2026-01-29', '2026-08-15', '2026-02-15', 'Boeing 767-300', '2026-06-06 05:44:12.663396+00', '2026-06-06 06:26:25.181317+00', 2, NULL, '2025-07-30 12:57:20+00', '28747'),
	('8e8fe907-de08-4896-a1b3-7ad498dd7c21', '4e7637b0-2bb6-403f-b0bb-8b546165a3ae', '34a934bf-7681-4e25-a976-00f91296c76b', '2025-08-07', false, 5, 'finalized', '2c71fd2e-df7a-4ddb-ba82-e52f2b98b270', false, true, 'Nil', '61/062/2024', '8.0', '4.0', 'Donguan China', 'D', '2025-08-08', '2c71fd2e-df7a-4ddb-ba82-e52f2b98b270', '2025-08-10 11:54:18+00', 'ANGTER RF-293 v1.1', 'Peter Angus KELLY', '6973', 'Captain', 'ATPL · P2 1066', 'Class 1', '2026-01-08', '2026-08-14', '2026-02-14', 'Boeing 767-300', '2026-06-06 05:44:13.91291+00', '2026-06-06 06:26:25.181317+00', 2, NULL, '2025-08-10 11:54:18+00', '29054'),
	('186ef48f-4497-4c91-9866-043acc6c6190', '24ba455d-95ea-411f-a6d6-8e7f7a9ee18e', '34a934bf-7681-4e25-a976-00f91296c76b', '2025-08-21', false, 5, 'finalized', '2c71fd2e-df7a-4ddb-ba82-e52f2b98b270', false, true, 'Nil', '61/062/2024', '4:00', '2:00', 'China', 'D', '2025-08-22', '2c71fd2e-df7a-4ddb-ba82-e52f2b98b270', '2025-08-24 12:58:26+00', 'ANGTER RF-293 v1.1', 'John RONDEAU', '4246', 'Captain', 'ATPL · P20295', 'Class 1', '2026-06-06', '2026-08-29', '2026-02-28', 'Boeing 767-300', '2026-06-06 05:44:15.239819+00', '2026-06-06 06:26:25.181317+00', 2, NULL, '2025-08-24 12:58:26+00', '29144'),
	('0d99a13c-2665-47ac-baa3-1d52f41bfdb6', 'a8f7abec-a88e-401e-a74c-5425dc07178b', '34a934bf-7681-4e25-a976-00f91296c76b', '2025-08-22', false, 5, 'finalized', '2c71fd2e-df7a-4ddb-ba82-e52f2b98b270', false, true, 'NIL', '61/062/2024', '4:00', '2:00', 'China', 'D', '2025-08-21', '2c71fd2e-df7a-4ddb-ba82-e52f2b98b270', '2025-08-24 12:58:33+00', 'ANGTER RF-293 v1.1', 'Rick Kibo NENDEPA', '8870', 'First Officer', 'ATPL · P20443', 'Class 1', '2025-11-11', '2026-08-28', '2026-02-28', 'Boeing 767-300', '2026-06-06 05:44:16.543504+00', '2026-06-06 06:26:25.181317+00', 2, NULL, '2025-08-24 12:58:33+00', '29143'),
	('65bed9a0-5d0f-428b-a174-4f1fbdba1b9c', '1a490ad6-51c1-4627-8dc2-d751d043a202', '34a934bf-7681-4e25-a976-00f91296c76b', '2025-08-25', false, 5, 'finalized', '7668de40-8e88-4d7c-adc3-7a703b44215d', false, true, 'Nil', '61/028/2024', '8.0', '3.0', 'SF Cargo, Dongguan', 'D', '2025-08-26', '7668de40-8e88-4d7c-adc3-7a703b44215d', '2025-08-26 23:34:52+00', 'ANGTER RF-293 v1.1', 'Naime AIHI', '2683', 'Captain', 'ATPL · P20289', 'Class 1', '2026-01-07', '2026-08-27', '2026-02-27', 'Boeing 767-300', '2026-06-06 05:44:18.079806+00', '2026-06-06 06:26:25.181317+00', 2, NULL, '2025-08-26 23:34:52+00', '29141'),
	('f57b5fa1-dc98-4889-af93-5ce639c8ea8b', '8489db45-471f-4b86-8025-f4e2a3c8ebe9', '34a934bf-7681-4e25-a976-00f91296c76b', '2025-10-07', false, 5, 'finalized', '2c71fd2e-df7a-4ddb-ba82-e52f2b98b270', false, true, 'NIL', '61/062/2024', '8:00', '4:00', 'Donguan China', 'D', '2025-10-08', '2c71fd2e-df7a-4ddb-ba82-e52f2b98b270', '2025-10-10 02:15:19+00', 'ANGTER RF-293 v1.1', 'Neil Christopher SEXTON', '7305', 'Captain', 'ATPL · P20151', 'Class 1', '2026-02-18', '2026-10-07', '2026-04-07', 'Boeing 767-300', '2026-06-06 05:44:19.435208+00', '2026-06-06 06:26:25.181317+00', 2, NULL, '2025-10-10 02:15:19+00', '29511'),
	('1cafd24f-bb93-44c5-adfe-a984216db074', '2c82d0c5-10f7-46cb-bca5-5684cdb0bed4', '34a934bf-7681-4e25-a976-00f91296c76b', '2025-10-14', false, 5, 'finalized', '7668de40-8e88-4d7c-adc3-7a703b44215d', false, true, 'Nil', '61/028/2024', '8.0', '3.0', 'SF Airlines Dongguan', 'D', '2025-10-14', '7668de40-8e88-4d7c-adc3-7a703b44215d', '2025-10-15 06:45:43+00', 'ANGTER RF-293 v1.1', 'Paul Frank DAWANINCURA', '6276', 'Captain', 'ATPL · P20124', 'Class 1', '2026-02-09', '2026-11-23', '2026-05-23', 'Boeing 767-300', '2026-06-06 05:44:22.064935+00', '2026-06-06 06:26:25.181317+00', 2, NULL, '2025-10-15 06:45:43+00', '29544'),
	('70a42929-697c-4e39-88d0-e3b364fe255e', '7ac58220-d06b-4166-9c38-7fb8bbc7d09b', '34a934bf-7681-4e25-a976-00f91296c76b', '2025-10-18', false, 5, 'finalized', '7668de40-8e88-4d7c-adc3-7a703b44215d', false, true, 'Nil', '61/028/2024', '8:00', '3:00', 'SF Airlines Dongguan', 'D', '2025-10-18', '7668de40-8e88-4d7c-adc3-7a703b44215d', '2025-10-19 09:23:44+00', 'ANGTER RF-293 v1.1', 'Guy Roderick NORRIS', '6948', 'Captain', 'ATPL · P21041', 'Class 1', '2025-11-24', '2026-11-20', '2026-05-20', 'Boeing 767-300', '2026-06-06 05:44:24.702669+00', '2026-06-06 06:26:25.181317+00', 2, NULL, '2025-10-19 09:23:44+00', '29607'),
	('358642c9-cb19-443e-ba2f-d0c36f796cf3', 'd15163d3-8d5f-462b-8fdc-4138a6352bca', '34a934bf-7681-4e25-a976-00f91296c76b', '2025-11-06', false, 5, 'finalized', '2c71fd2e-df7a-4ddb-ba82-e52f2b98b270', false, true, 'Nil', '61/024/2024', '4:00', '2:00', 'CHINA', 'D', '2025-11-07', '2c71fd2e-df7a-4ddb-ba82-e52f2b98b270', '2025-11-07 06:26:14+00', 'ANGTER RF-293 v1.1', 'Fotu Amanakianga TO''OFOHE', '6923', 'First Officer', 'ATPL · P21352', 'Class 1', '2026-03-06', '2026-12-02', '2026-06-03', 'Boeing 767-300', '2026-06-06 05:44:27.292388+00', '2026-06-06 06:26:25.181317+00', 2, NULL, '2025-11-07 06:26:14+00', '29773'),
	('b94ef00b-1074-4fe5-a7f8-117b780c8536', 'e2b5a78d-3c1f-428e-9124-e5f02c362746', '34a934bf-7681-4e25-a976-00f91296c76b', '2025-11-08', false, 5, 'finalized', 'c86fc17c-1951-4a37-badf-2882500bde3d', false, false, 'Module 5 focused competencies FPM, LTW and COM and SAW improvements evident on day 2.', '61/018/2024', '8:00', '4:00', 'Dongguan City, China', 'D', '2025-11-09', 'c86fc17c-1951-4a37-badf-2882500bde3d', '2025-11-09 04:31:08+00', 'ANGTER RF-293 v1.1', 'David INNES', '6068', 'Captain', 'ATPL · P20221', 'Class 1', '2026-03-26', '2026-11-28', '2026-05-28', 'Boeing 767-300', '2026-06-06 05:44:29.940152+00', '2026-06-06 06:26:25.181317+00', 2, NULL, '2025-11-09 04:31:08+00', '29797'),
	('67eb096c-0137-4f1a-a08f-05753441db81', '8bdab6b8-8f18-471c-80ff-65406f27cc63', '34a934bf-7681-4e25-a976-00f91296c76b', '2025-11-12', false, 5, 'finalized', 'c86fc17c-1951-4a37-badf-2882500bde3d', false, false, 'Module 5 - focused competencies FPM, LTW and COM and SAW improvements evident on day 2.', '61/018/2024', '8:00', '4:00', 'Dongguan City, China', 'D', '2025-11-09', 'c86fc17c-1951-4a37-badf-2882500bde3d', '2025-11-12 08:52:00+00', 'ANGTER RF-293 v1.1', 'Esmond Yasi', '3123', 'Captain', 'ATPL · P20034', 'Class 1', '2026-10-31', '2026-11-28', '2026-05-28', 'Boeing 767-300', '2026-06-06 05:44:31.213831+00', '2026-06-06 06:26:25.181317+00', 2, NULL, '2025-11-12 08:52:00+00', '29837'),
	('c8bb8cc4-8a72-4735-ae4b-4df5ce78c4e9', 'c11a9879-2fcf-4efb-bb63-ec985360f9eb', '34a934bf-7681-4e25-a976-00f91296c76b', '2025-11-14', false, 5, 'finalized', 'c86fc17c-1951-4a37-badf-2882500bde3d', false, false, 'NIL', '61/018/2024', '8:00', '4:00', 'Dongguan City, China', 'D', '2025-11-09', 'c86fc17c-1951-4a37-badf-2882500bde3d', '2025-11-14 08:30:17+00', 'ANGTER RF-293 v1.1', 'Pesi Sione SOAKAI', '6916', 'Captain', 'ATPL · P21021', 'Class 1', '2025-12-14', '2026-12-03', '2026-06-03', 'Boeing 767-300', '2026-06-06 05:44:33.849343+00', '2026-06-06 06:26:25.181317+00', 2, NULL, '2025-11-14 08:30:17+00', '29858'),
	('e5cee276-0f38-4566-a2cf-7ac22df86744', 'e4652105-7a4a-4a49-ae48-ccd6995f9f70', '34a934bf-7681-4e25-a976-00f91296c76b', '2025-11-18', false, 5, 'finalized', 'c86fc17c-1951-4a37-badf-2882500bde3d', false, false, 'NIL', '61/018/2024', '8:00', '4:00', 'Dongguan City, China', 'D', '2025-11-09', 'c86fc17c-1951-4a37-badf-2882500bde3d', '2025-11-18 03:54:18+00', 'ANGTER RF-293 v1.1', 'Craig Owen DUFFIELD', '6967', 'Captain', 'ATPL · P21065', 'Class 1', '2026-07-17', '2027-01-11', '2026-07-11', 'Boeing 767-300', '2026-06-06 05:44:36.453486+00', '2026-06-06 06:26:25.181317+00', 2, NULL, '2025-11-18 03:54:18+00', '29899'),
	('a56a60db-a0b3-4df4-a8e3-401e96c81ce3', '7eac0a9a-a1ec-4ad9-98ee-be4852272e1a', '34a934bf-7681-4e25-a976-00f91296c76b', '2025-11-19', false, 5, 'finalized', 'c86fc17c-1951-4a37-badf-2882500bde3d', false, true, 'NIL', '61/018/2024', '8:00', '4:00', 'Dongguan City, China', 'D', '2025-12-19', 'c86fc17c-1951-4a37-badf-2882500bde3d', '2025-12-21 03:47:19+00', 'ANGTER RF-293 v1.1', 'Stewart Augustine KADIKO', '4628', 'Captain', 'ATPL · P20161', 'Class 1', '2026-09-26', '2026-12-19', '2026-06-19', 'Boeing 767-300', '2026-06-06 05:44:39.065476+00', '2026-06-06 06:26:25.181317+00', 2, NULL, '2025-12-21 03:47:19+00', '30186'),
	('03952787-ea2f-4013-867d-618dcdadbca3', '4e7637b0-2bb6-403f-b0bb-8b546165a3ae', '34a934bf-7681-4e25-a976-00f91296c76b', '2026-01-08', false, 6, 'finalized', 'c86fc17c-1951-4a37-badf-2882500bde3d', false, true, 'Overall good performance.', '61/018/2024', '8:00', '4:00', 'DONGGUAN', 'D', '2026-01-09', 'c86fc17c-1951-4a37-badf-2882500bde3d', '2026-01-10 02:13:19+00', 'ANGTER RF-293 v1.1', 'Peter Angus KELLY', '6973', 'Captain', 'ATPL · P21066', 'Class 1', '2026-07-09', '2026-08-14', '2026-08-14', 'Boeing 767-300', '2026-06-06 05:44:41.702512+00', '2026-06-06 06:26:25.181317+00', 2, NULL, '2026-01-10 02:13:19+00', '30323'),
	('03452547-e055-4ff5-874c-fac337b98f5d', 'cfdb499a-96f7-4859-8441-b3b1797d492e', '34a934bf-7681-4e25-a976-00f91296c76b', '2026-01-14', false, 6, 'finalized', '2c71fd2e-df7a-4ddb-ba82-e52f2b98b270', false, true, 'WINDSHEAR on T.O.', '61/062/2024', '8:00', '4:00', 'DONGUAN CHINA', 'D', '2026-01-14', '2c71fd2e-df7a-4ddb-ba82-e52f2b98b270', '2026-01-14 16:42:25+00', 'ANGTER RF-293 v1.1', 'Lawrence KOYAMA', '3563', 'Captain', 'ATPL · P20325', 'Class 1', '2026-02-12', '2026-08-08', '2026-08-08', 'Boeing 767-300', '2026-06-06 05:44:44.311994+00', '2026-06-06 06:26:25.181317+00', 2, NULL, '2026-01-14 16:42:25+00', '30412'),
	('497a5ba8-fb3f-435e-a3bf-8e1b1de8cda2', '6c9478c6-594f-4c06-b5cf-973a763d954d', '34a934bf-7681-4e25-a976-00f91296c76b', '2026-01-16', false, 6, 'finalized', '2c71fd2e-df7a-4ddb-ba82-e52f2b98b270', false, true, 'NIL', '61/055/2024', '8:00', '4:00', 'DONGUAN CHINA', 'D', '2026-01-17', '2c71fd2e-df7a-4ddb-ba82-e52f2b98b270', '2026-01-17 03:34:01+00', 'ANGTER RF-293 v1.1', 'Daniel WANMA', '1042', 'Captain', 'ATPL · P20320', 'Class 1', '2026-01-28', '2026-08-15', '2026-08-15', 'Boeing 767-300', '2026-06-06 05:44:46.939764+00', '2026-06-06 06:26:25.181317+00', 2, NULL, '2026-01-17 03:34:01+00', '30432'),
	('e24e4a1c-9819-4bf6-a2d1-01bc8557ec55', '207553c3-0c32-4eb9-b878-db18ab10a3e6', '34a934bf-7681-4e25-a976-00f91296c76b', '2026-02-06', false, 6, 'finalized', 'c86fc17c-1951-4a37-badf-2882500bde3d', false, true, 'Overall good performance.', '61/018/2024', '8:00', '4:00', 'DONGGUAN', 'D', '2026-01-09', 'c86fc17c-1951-4a37-badf-2882500bde3d', '2026-02-06 07:30:45+00', 'ANGTER RF-293 v1.1', 'Philip William John Robinson JAMES', '6988', 'First Officer', 'ATPL · P21079', 'Class 1', '2026-07-03', '2026-08-28', '2026-08-28', 'Boeing 767-300', '2026-06-06 05:44:49.582158+00', '2026-06-06 06:26:25.181317+00', 2, NULL, '2026-02-06 07:30:45+00', '30592'),
	('ff87d970-28e0-4fc3-8cb6-a71522ccb834', '24ba455d-95ea-411f-a6d6-8e7f7a9ee18e', '34a934bf-7681-4e25-a976-00f91296c76b', '2026-02-07', false, 6, 'finalized', 'c86fc17c-1951-4a37-badf-2882500bde3d', false, true, 'Overall, the performance was good and met expectations. Demonstrated solid skills and delivered results that were satisfactory. While there is room for improvement in certain areas, the overall outcome reflects a positive and competent effort.', '61/018/2024', '8:00', '4:00', 'DONGGUAN', 'D', '2026-02-08', 'c86fc17c-1951-4a37-badf-2882500bde3d', '2026-02-12 23:07:37+00', 'ANGTER RF-293 v1.1', 'John RONDEAU', '4246', 'Captain', 'ATPL · P20295', 'Class 1', '2026-06-06', '2026-08-28', '2026-08-28', 'Boeing 767-300', '2026-06-06 05:44:52.223958+00', '2026-06-06 06:26:25.181317+00', 2, NULL, '2026-02-12 23:07:37+00', '30606'),
	('7a7ef4c2-9789-48d6-9fb6-b3bbe4808b49', '2c82d0c5-10f7-46cb-bca5-5684cdb0bed4', '34a934bf-7681-4e25-a976-00f91296c76b', '2026-03-27', false, 6, 'finalized', '7668de40-8e88-4d7c-adc3-7a703b44215d', false, false, 'Additional training required. See comments Manoeuvres Validation
Log book sticker not issued.', '61/028/2024', '8.0', '6.0', 'Dongguan', 'D', '2026-03-27', '7668de40-8e88-4d7c-adc3-7a703b44215d', '2026-03-28 01:38:39+00', 'ANGTER RF-293 v1.1', 'Paul Frank DAWANINCURA', '6276', 'Captain', 'ATPL · P20124', 'Class 1', '2026-08-09', '2026-11-23', '2026-05-23', 'Boeing 767-300', '2026-06-06 05:44:54.786144+00', '2026-06-06 06:26:25.181317+00', 2, NULL, '2026-03-28 01:38:39+00', '30950'),
	('f69a0032-c58f-49d7-816e-709195e158e2', '1a1aa6bc-bf1e-4fd3-b710-efa490754a26', '34a934bf-7681-4e25-a976-00f91296c76b', '2026-03-27', false, 6, 'finalized', '7668de40-8e88-4d7c-adc3-7a703b44215d', false, true, 'Nil', '61/028/2024', '8.0', '6.0', 'Dongguan', 'D', '2026-03-27', '7668de40-8e88-4d7c-adc3-7a703b44215d', '2026-03-31 20:10:37+00', 'ANGTER RF-293 v1.1', 'Toea Kila HEHUNI', '8451', 'First Officer', 'ATPL · P20451', 'Class 1', '2027-01-28', '2026-10-18', '2026-10-18', 'Boeing 767-300', '2026-06-06 05:44:55.827571+00', '2026-06-06 06:26:25.181317+00', 2, NULL, '2026-03-31 20:10:37+00', '31021'),
	('deac7d01-142f-492e-bf3a-4dfa399bc0e6', '8489db45-471f-4b86-8025-f4e2a3c8ebe9', '34a934bf-7681-4e25-a976-00f91296c76b', '2026-03-29', false, 6, 'finalized', 'c86fc17c-1951-4a37-badf-2882500bde3d', false, true, 'Capt. Sexton''s EBT assessment was satisfactory, Logbook sticker issued.

***CASA AFE IOA RENEWAL ASSESSMENT***', '61/018/2024', '8:00', '4:00', 'Donngguan', 'D', '2026-03-29', 'c86fc17c-1951-4a37-badf-2882500bde3d', '2026-03-31 05:33:55+00', 'ANGTER RF-293 v1.1', 'Neil Christopher SEXTON', '7305', 'Captain', 'ATPL · P20151', 'Class 1', '2026-08-18', '2026-10-07', '2027-04-07', 'Boeing 767-300', '2026-06-06 05:44:58.476417+00', '2026-06-06 06:26:25.181317+00', 2, NULL, '2026-03-31 05:33:55+00', '31000'),
	('07d82536-e863-4dfc-b72d-765e08455734', 'b6c7b1ee-1d3e-437d-8390-e8a403b07419', '34a934bf-7681-4e25-a976-00f91296c76b', '2026-04-01', false, 6, 'finalized', '7668de40-8e88-4d7c-adc3-7a703b44215d', false, true, 'Well prepared and operated.', '61/028/2024', '8.0', '3:00', 'Dongguan', 'D', '2026-03-31', '7668de40-8e88-4d7c-adc3-7a703b44215d', '2026-04-01 02:45:39+00', 'ANGTER RF-293 v1.1', 'Craig Aaron LILLEY', '7007', 'Captain', 'ATPL · P21147', 'Class 1', '2026-10-31', '2027-04-17', '2026-10-17', 'Boeing 767-300', '2026-06-06 05:45:01.396862+00', '2026-06-06 06:26:25.181317+00', 2, NULL, '2026-04-01 02:45:39+00', '31022'),
	('87144443-502c-46c8-820c-551806c23e90', 'd15163d3-8d5f-462b-8fdc-4138a6352bca', '34a934bf-7681-4e25-a976-00f91296c76b', '2026-04-28', false, 6, 'finalized', 'c86fc17c-1951-4a37-badf-2882500bde3d', false, true, 'Logbook sticker issued.', '61/020/2026', '8:00', '4:00', 'Donngguan', 'D', '2026-04-28', 'c86fc17c-1951-4a37-badf-2882500bde3d', '2026-04-29 20:24:38+00', 'ANGTER RF-293 v1.1', 'Fotu Amanakianga TO''OFOHE', '6923', 'First Officer', 'ATPL · P21352', 'Class 1', '2027-03-06', '2026-12-03', '2026-12-10', 'Boeing 767-300', '2026-06-06 05:45:04.026801+00', '2026-06-06 06:26:25.181317+00', 2, NULL, '2026-04-29 20:24:38+00', '31283'),
	('5c6654f0-7b1a-4962-9665-d16a246b1ae7', '3595d38b-8240-40ec-a867-58716c8d5828', '34a934bf-7681-4e25-a976-00f91296c76b', '2026-05-08', false, 6, 'finalized', 'c86fc17c-1951-4a37-badf-2882500bde3d', false, true, 'FO G. Bester has repeatedly complained that the simulator is not a real aircraft despite being instructed to treat it as such during training.

Corrective actions and additional training address the OOR related to the rejected takeoff at AYPY Runway 32R (PX3) due to takeoff flaps not selected per SOP, and the cabin crew report of FO Bester making  remarks about PX standard operating procedures during descent and approach on arrival after the cabin was reportedly was not ready for landing.', '61/020/2026', '8:00', '4:00', 'Donngguan', 'D', '2026-04-28', 'c86fc17c-1951-4a37-badf-2882500bde3d', '2026-05-12 02:59:05+00', 'ANGTER RF-293 v1.1', 'Guy BESTER', '6974', 'First Officer', 'ATPL · P21080', 'Class 1', '2027-06-02', '2027-01-11', '2027-02-09', 'Boeing 767-300', '2026-06-06 05:45:06.942278+00', '2026-06-06 06:26:25.181317+00', 2, NULL, '2026-05-12 02:59:05+00', '31353'),
	('9eefeee7-bd66-4a2b-a0cd-0d1cad86ddf7', '774f1634-2370-4179-8148-72165bba64de', '34a934bf-7681-4e25-a976-00f91296c76b', '2025-10-10', false, 5, 'finalized', '7668de40-8e88-4d7c-adc3-7a703b44215d', false, true, 'Good use of crm and appropriate competencies.', '61/028/2024', '8.0', '3.0', 'Dongguan', 'D', '2025-10-10', '7668de40-8e88-4d7c-adc3-7a703b44215d', '2025-10-11 03:32:28+00', 'ANGTER RF-293 v1.1', 'Alex Porter', '7671', 'Captain', 'ATPL · P20109', 'Class 1', '2026-01-26', '2026-10-10', '2026-04-10', 'Boeing 767-300', '2026-06-06 05:44:20.702947+00', '2026-06-06 06:26:25.181317+00', 2, NULL, '2025-10-11 03:32:28+00', '29513'),
	('a20103af-66cb-42e5-a6f9-3daa70d23513', 'b6c7b1ee-1d3e-437d-8390-e8a403b07419', '34a934bf-7681-4e25-a976-00f91296c76b', '2025-10-16', false, 5, 'finalized', '7668de40-8e88-4d7c-adc3-7a703b44215d', false, true, 'Well prepared and operated.', '61/028/2024', '8:00', '3:00', 'SF Airlines Dongguan', 'D', '2025-10-17', '7668de40-8e88-4d7c-adc3-7a703b44215d', '2025-10-18 00:11:46+00', 'ANGTER RF-293 v1.1', 'Craig Aaron LILLEY', '7007', 'Captain', 'ATPL · P21147', 'Class 1', '2025-10-23', '2026-10-17', '2026-04-17', 'Boeing 767-300', '2026-06-06 05:44:23.343011+00', '2026-06-06 06:26:25.181317+00', 2, NULL, '2025-10-18 00:11:46+00', '29571'),
	('a81adc5d-c382-47b5-b295-cda9bd9a8a9c', '75a8a05f-62b8-4e82-8e5b-7ef286066cc7', '34a934bf-7681-4e25-a976-00f91296c76b', '2025-10-18', false, 5, 'finalized', '7668de40-8e88-4d7c-adc3-7a703b44215d', false, true, 'Required standards met.
Suggest review Flight Control and Hydraulic NNC.', '61/028/2024', '8.0', '3.0', 'SF Airlines Dongguan', 'D', '2025-10-18', '7668de40-8e88-4d7c-adc3-7a703b44215d', '2025-10-20 10:16:02+00', 'ANGTER RF-293 v1.1', 'Nathan Douglas George JOHNSON', '6947', 'First Officer', 'ATPL · P21040', 'Class 1', '2026-03-10', '2027-01-12', '2026-07-12', 'Boeing 767-300', '2026-06-06 05:44:25.965414+00', '2026-06-06 06:26:25.181317+00', 2, NULL, '2025-10-20 10:16:02+00', '29545'),
	('42e976b7-79cd-40ff-bb9f-a5254e609419', '1df41aae-b556-4563-b5b2-43d92c47b5fa', '34a934bf-7681-4e25-a976-00f91296c76b', '2025-11-06', false, 5, 'finalized', '2c71fd2e-df7a-4ddb-ba82-e52f2b98b270', false, true, 'Nil', '61/062/2024', '4:00', '2:00', 'CHINA', 'D', '2025-11-07', '2c71fd2e-df7a-4ddb-ba82-e52f2b98b270', '2025-11-07 06:28:25+00', 'ANGTER RF-293 v1.1', 'Maurice RONDEAU', '2393', 'Captain', 'ATPL · P20232', 'Class 1', '2026-11-11', '2026-11-28', '2026-05-28', 'Boeing 767-300', '2026-06-06 05:44:28.57279+00', '2026-06-06 06:26:25.181317+00', 2, NULL, '2025-11-07 06:28:25+00', '29772'),
	('24ea840b-d0ec-45fc-bca1-d24f3a0fc582', 'a12cca73-4acd-4a23-92a6-4dd361ed4e64', '34a934bf-7681-4e25-a976-00f91296c76b', '2025-11-12', false, 5, 'finalized', 'c86fc17c-1951-4a37-badf-2882500bde3d', false, false, 'Module 5 focused competencies FPM, LTW and COM and SAW improvements evident on day 2.', '61/018/2024', '8:00', '4:00', 'Dongguan City, China', 'D', '2025-11-09', 'c86fc17c-1951-4a37-badf-2882500bde3d', '2025-11-12 09:06:34+00', 'ANGTER RF-293 v1.1', 'William COCKER', '6797', 'First Officer', 'ATPL · P210012', 'Class 1', '2026-04-05', '2026-11-12', '2026-05-12', 'Boeing 767-300', '2026-06-06 05:44:32.545583+00', '2026-06-06 06:26:25.181317+00', 2, NULL, '2025-11-12 09:06:34+00', '29835'),
	('bab9a66b-05b8-4799-8dfb-b43af8a4b742', '1a1aa6bc-bf1e-4fd3-b710-efa490754a26', '34a934bf-7681-4e25-a976-00f91296c76b', '2025-11-14', false, 5, 'finalized', 'c86fc17c-1951-4a37-badf-2882500bde3d', false, false, 'NIL', '61/018/2024', '8:00', '4:00', 'Dongguan City, China', 'D', '2025-11-09', 'c86fc17c-1951-4a37-badf-2882500bde3d', '2025-11-14 08:42:57+00', 'ANGTER RF-293 v1.1', 'Toea Kila HEHUNI', '8451', 'First Officer', 'ATPL · P210012', 'Class 1', '2026-02-24', '2026-11-14', '2026-05-14', 'Boeing 767-300', '2026-06-06 05:44:35.174909+00', '2026-06-06 06:26:25.181317+00', 2, NULL, '2025-11-14 08:42:57+00', '29859'),
	('02040ba4-edba-49e8-b438-adffc58589af', 'c92c8825-1e46-4294-a8c3-43350d06280e', '34a934bf-7681-4e25-a976-00f91296c76b', '2025-11-18', false, 5, 'finalized', 'c86fc17c-1951-4a37-badf-2882500bde3d', false, false, 'NIL', '61/018/2024', '8:00', '4:00', 'Dongguan City, China', 'D', '2025-11-09', 'c86fc17c-1951-4a37-badf-2882500bde3d', '2025-11-20 02:19:48+00', 'ANGTER RF-293 v1.1', 'Brett William DOVEY', '6968', 'Captain', 'ATPL · P21064', 'Class 1', '2026-03-20', '2026-11-20', '2026-07-11', 'Boeing 767-300', '2026-06-06 05:44:37.794816+00', '2026-06-06 06:26:25.181317+00', 2, NULL, '2025-11-20 02:19:48+00', '29926'),
	('dbd881bd-f45e-4b31-9e03-e91b6225f8d1', '63375827-27bd-495f-8e76-d0d6beefd75d', '34a934bf-7681-4e25-a976-00f91296c76b', '2025-11-22', false, 5, 'finalized', 'c86fc17c-1951-4a37-badf-2882500bde3d', false, true, 'Must slow down to carefully carry out an assessment of the situation and options in the decision making process.', '61/018/2024', '8:00', '4:00', 'Dongguan City, China', 'D', '2025-12-22', 'c86fc17c-1951-4a37-badf-2882500bde3d', '2025-12-28 12:23:34+00', 'ANGTER RF-293 v1.1', 'Nama MARIOLE', '3009', 'Captain', 'ATPL · P20179', 'Class 1', '2026-08-15', '2026-12-22', '2026-06-22', 'Boeing 767-300', '2026-06-06 05:44:40.413654+00', '2026-06-06 06:26:25.181317+00', 2, NULL, '2025-12-28 12:23:34+00', '30216'),
	('a36e9a57-b53a-4444-bd6e-f00449466d24', '3595d38b-8240-40ec-a867-58716c8d5828', '34a934bf-7681-4e25-a976-00f91296c76b', '2026-01-11', false, 5, 'finalized', 'c86fc17c-1951-4a37-badf-2882500bde3d', false, true, 'N/A.', '61/018/2024', '8:00', '4:00', 'Dongguan City, China', 'D', '2025-12-22', 'c86fc17c-1951-4a37-badf-2882500bde3d', '2026-01-16 21:54:09+00', 'ANGTER RF-293 v1.1', 'Guy BESTER', '6974', 'First Officer', 'ATPL · P21080', 'Class 1', '2026-07-02', '2027-01-11', '2026-08-09', 'Boeing 767-300', '2026-06-06 05:44:43.052054+00', '2026-06-06 06:26:25.181317+00', 2, NULL, '2026-01-16 21:54:09+00', '30376'),
	('6b600317-390f-4426-90a2-18112d877413', 'aa0b038e-05a0-409b-acaa-84deb222a25d', '34a934bf-7681-4e25-a976-00f91296c76b', '2026-01-14', false, 6, 'finalized', '2c71fd2e-df7a-4ddb-ba82-e52f2b98b270', false, true, 'Overall solid performance', '61/062/2024', '8:00', '4:00', 'DONGUAN CHINA', 'D', '2026-01-15', '2c71fd2e-df7a-4ddb-ba82-e52f2b98b270', '2026-01-14 16:46:30+00', 'ANGTER RF-293 v1.1', 'Ian Bruce PEARSON', '6196', 'First Officer', 'ATPL · P20307', 'Class 1', '2026-03-31', '2026-07-04', '2026-08-14', 'Boeing 767-300', '2026-06-06 05:44:45.659568+00', '2026-06-06 06:26:25.181317+00', 2, NULL, '2026-01-14 16:46:30+00', '30411'),
	('13e896a6-7bbc-4175-8cb4-1045a9b5aff9', '1a490ad6-51c1-4627-8dc2-d751d043a202', '34a934bf-7681-4e25-a976-00f91296c76b', '2026-02-06', false, 6, 'finalized', 'c86fc17c-1951-4a37-badf-2882500bde3d', false, true, 'Overall good performance.', '61/018/2024', '8:00', '4:00', 'DONGGUAN', 'D', '2026-01-09', 'c86fc17c-1951-4a37-badf-2882500bde3d', '2026-02-06 07:23:39+00', 'ANGTER RF-293 v1.1', 'Naime AIHI', '2683', 'Captain', 'ATPL · P20289', 'Class 1', '2026-07-07', '2026-08-27', '2026-08-27', 'Boeing 767-300', '2026-06-06 05:44:48.280845+00', '2026-06-06 06:26:25.181317+00', 2, NULL, '2026-02-06 07:23:39+00', '30584'),
	('67a78e2d-c0b3-4c41-84d8-a4620c18501c', 'a8f7abec-a88e-401e-a74c-5425dc07178b', '34a934bf-7681-4e25-a976-00f91296c76b', '2026-02-06', false, 6, 'finalized', 'c86fc17c-1951-4a37-badf-2882500bde3d', false, true, 'Overall good performance.', '61/018/2024', '8:00', '4:00', 'DONGGUAN', 'D', '2026-01-09', 'c86fc17c-1951-4a37-badf-2882500bde3d', '2026-02-12 23:08:46+00', 'ANGTER RF-293 v1.1', 'Rick Kibo NENDEPA', '8870', 'First Officer', 'ATPL · P20443', 'Class 1', '2026-11-11', '2026-08-28', '2026-08-28', 'Boeing 767-300', '2026-06-06 05:44:50.89597+00', '2026-06-06 06:26:25.181317+00', 2, NULL, '2026-02-12 23:08:46+00', '30610'),
	('cb05ff1c-ec64-41bd-8cfa-3f18633b4eaf', '1a1aa6bc-bf1e-4fd3-b710-efa490754a26', '34a934bf-7681-4e25-a976-00f91296c76b', '2026-03-27', false, 6, 'finalized', '7668de40-8e88-4d7c-adc3-7a703b44215d', false, true, 'Nil', '61/028/2024', '8.0', '6.0', 'Dongguan', 'D', '2026-03-26', '7668de40-8e88-4d7c-adc3-7a703b44215d', '2026-03-28 01:36:18+00', 'ANGTER RF-293 v1.1', 'Toea Kila HEHUNI', '8451', 'First Officer', 'ATPL · P20451', 'Class 1', '2027-01-28', '2026-10-01', '2026-11-14', 'Boeing 767-300', '2026-06-06 05:44:53.524319+00', '2026-06-06 06:26:25.181317+00', 2, NULL, '2026-03-28 01:36:18+00', '30980'),
	('25bf30a0-d9d9-402e-b668-d2aa947f6c43', '1a1aa6bc-bf1e-4fd3-b710-efa490754a26', '34a934bf-7681-4e25-a976-00f91296c76b', '2026-03-27', false, 6, 'finalized', '7668de40-8e88-4d7c-adc3-7a703b44215d', false, true, 'Nil', '61/028/2024', '8.0', '3.0', 'Dongguan', 'D', '2026-03-26', '7668de40-8e88-4d7c-adc3-7a703b44215d', '2026-04-02 03:32:36+00', 'ANGTER RF-293 v1.1', 'Toea Kila HEHUNI', '8451', 'First Officer', 'ATPL · P20451', 'Class 1', '2027-01-28', '2026-11-14', '2026-11-14', 'Boeing 767-300', '2026-06-06 05:44:57.184994+00', '2026-06-06 06:26:25.181317+00', 2, NULL, '2026-04-02 03:32:36+00', '31044'),
	('ba00faa0-51f8-46f1-bdc0-e3ed42bbe6d0', '1a1aa6bc-bf1e-4fd3-b710-efa490754a26', '34a934bf-7681-4e25-a976-00f91296c76b', '2026-03-29', false, 6, 'finalized', 'c86fc17c-1951-4a37-badf-2882500bde3d', false, true, '***CASA AFE IOA RENEWAL ASSESSMENT***', '61/018/2024', '8:00', '4:00', 'Donngguan', 'D', '2026-03-29', 'c86fc17c-1951-4a37-badf-2882500bde3d', '2026-04-01 14:25:26+00', 'ANGTER RF-293 v1.1', 'Toea Kila HEHUNI', '8451', 'First Officer', 'ATPL · P20451', 'Class 1', '2027-02-24', '2026-11-14', '2026-10-18', 'Boeing 767-300', '2026-06-06 05:44:59.823593+00', '2026-06-06 06:26:25.181317+00', 2, NULL, '2026-04-01 14:25:26+00', '31035'),
	('7dd84855-ecb0-43d7-944b-46ec77e146e6', '7ac58220-d06b-4166-9c38-7fb8bbc7d09b', '34a934bf-7681-4e25-a976-00f91296c76b', '2026-04-28', false, 6, 'finalized', 'c86fc17c-1951-4a37-badf-2882500bde3d', false, true, 'The following requirements per Guy Norris CASA PNG ATPL licence part XV - remarks/limitations/other requirement details were conducted and completed successfully to standards.
1. Remedial Training 2. UPRT 3. OCA. Capt. Norris’s assessment completed satisfactorily and a Logbook sticker issued. Please submit to CASA licensing to cancel retrictions', '61/020/2026', '8:00', '4:00', 'Donngguan', 'D', '2026-04-28', 'c86fc17c-1951-4a37-badf-2882500bde3d', '2026-04-29 20:24:23+00', 'ANGTER RF-293 v1.1', 'Guy Roderick NORRIS', '6948', 'Captain', 'ATPL · P21041', 'Class 1', '2026-05-24', '2026-11-20', '2026-11-20', 'Boeing 767-300', '2026-06-06 05:45:02.69291+00', '2026-06-06 06:26:25.181317+00', 2, NULL, '2026-04-29 20:24:23+00', '31280'),
	('e906f7a1-646e-4b2c-a40d-ff6e6cd46fbb', '63375827-27bd-495f-8e76-d0d6beefd75d', '34a934bf-7681-4e25-a976-00f91296c76b', '2026-05-08', false, 6, 'finalized', 'c86fc17c-1951-4a37-badf-2882500bde3d', false, true, 'assessment completed satisfactorily and a Logbook sticker issued.', '61/020/2026', '8:00', '4:00', 'Donngguan', 'D', '2026-04-28', 'c86fc17c-1951-4a37-badf-2882500bde3d', '2026-05-11 21:40:57+00', 'ANGTER RF-293 v1.1', 'Nama MARIOLE', '3009', 'Captain', 'ATPL · P20179', 'Class 1', '2026-08-15', '2026-12-22', '2026-12-22', 'Boeing 767-300', '2026-06-06 05:45:05.668661+00', '2026-06-06 06:26:25.181317+00', 2, NULL, '2026-05-11 21:40:57+00', '31354'),
	('50a540cb-673f-4837-9c33-7a012519c4f0', '2c82d0c5-10f7-46cb-bca5-5684cdb0bed4', '34a934bf-7681-4e25-a976-00f91296c76b', '2026-05-10', true, 6, 'finalized', 'c86fc17c-1951-4a37-badf-2882500bde3d', false, true, 'Single day 4 hour session. Remedial training focused on stabilised on transition from IFR during an approach to PAPI guidance to landing. Root cause during transition, pitching up while looking out without an aiming point on the runway.', '61/020/2026', '4.00', '2.00', 'Dongguan', 'D', '2026-05-10', 'c86fc17c-1951-4a37-badf-2882500bde3d', '2026-05-14 23:02:52+00', 'ANGTER RF-293 v1.1', 'Paul Frank DAWANINCURA', '6276', 'Captain', 'ATPL · P20124', 'Class 1', '2026-08-09', '2026-11-23', '2026-11-23', 'Boeing 767-300', '2026-06-06 05:45:08.224258+00', '2026-06-06 06:26:25.181317+00', 2, NULL, '2026-05-14 23:02:52+00', '31384'),
	('eca17e8c-b2b1-4d48-84b7-4b636310c443', '1df41aae-b556-4563-b5b2-43d92c47b5fa', '34a934bf-7681-4e25-a976-00f91296c76b', '2026-05-20', false, 6, 'finalized', '7668de40-8e88-4d7c-adc3-7a703b44215d', false, true, 'Nil', '61/019/2026', '8.0', '3.0', 'Dongguan', 'D', '2026-05-19', '7668de40-8e88-4d7c-adc3-7a703b44215d', '2026-05-21 00:38:18+00', 'ANGTER RF-293 v1.1', 'Maurice RONDEAU', '2393', 'Captain', 'ATPL · P20232', 'Class 1', '2026-11-11', '2026-11-28', '2026-11-28', 'Boeing 767-300', '2026-06-06 05:45:11.52582+00', '2026-06-06 06:26:25.181317+00', 2, NULL, '2026-05-21 00:38:18+00', '31460'),
	('4a0dbfec-00bf-4807-87ed-fcb7a72be8cc', 'aa0b038e-05a0-409b-acaa-84deb222a25d', '34a934bf-7681-4e25-a976-00f91296c76b', '2026-05-23', false, 6, 'finalized', 'c86fc17c-1951-4a37-badf-2882500bde3d', false, true, NULL, '61/020/2026', '8', '4', 'DONGGUAN', 'D', '2026-05-24', 'c86fc17c-1951-4a37-badf-2882500bde3d', '2026-05-24 06:28:25+00', 'ANGTER RF-293 v1.1', 'Ian Bruce PEARSON', '6196', 'First Officer', 'ATPL · P20307', 'Class 1', '2027-03-31', '2027-07-04', '2027-02-14', 'Boeing 767-300', '2026-06-06 05:45:14.281525+00', '2026-06-06 06:26:25.181317+00', 2, NULL, '2026-05-24 06:28:25+00', '31500'),
	('e4cd93dd-acac-4dc1-b105-bcf584ae558a', 'e2b5a78d-3c1f-428e-9124-e5f02c362746', '34a934bf-7681-4e25-a976-00f91296c76b', '2026-05-25', false, 6, 'finalized', 'c86fc17c-1951-4a37-badf-2882500bde3d', false, false, 'Monitor the EVAL grading of 1 and 2 on module 1', '61/020/2026', '8:00', '4', 'DONGGUAN', 'D', '2026-05-26', 'c86fc17c-1951-4a37-badf-2882500bde3d', '2026-05-31 00:05:43+00', 'ANGTER RF-293 v1.1', 'David INNES', '6068', 'Captain', 'ATPL · P20221', 'Class 1', '2026-08-26', '2026-11-28', '2026-11-28', 'Boeing 767-300', '2026-06-06 05:45:16.891482+00', '2026-06-06 06:26:25.181317+00', 2, NULL, '2026-05-31 00:05:43+00', '31511');


--
-- Data for Name: remedial_requirements; Type: TABLE DATA; Schema: public; Owner: postgres
--



--
-- Data for Name: report_carryover_focus; Type: TABLE DATA; Schema: public; Owner: postgres
--

INSERT INTO "ebt"."report_carryover_focus" ("report_id", "competency_code", "previous_grade", "previous_module_no", "source_report_id", "acknowledged_at", "acknowledged_by") VALUES
	('a153c06b-37ac-4e29-a8f0-5fd4585cf6bd', 'PRO', 2, 1, 'cbfa4702-9aac-467a-85b3-3ea151ce64e6', NULL, NULL),
	('858006ac-d300-4309-b25d-22c1dd36302d', 'PRO', 2, 1, 'bfa37d04-b655-454d-a565-125bf3eda24e', NULL, NULL),
	('c36dbde0-4335-4cf0-bbed-9c415ea1b1eb', 'SAW', 2, 1, '5ca550ca-eec8-4765-9d17-d4df9f202155', NULL, NULL),
	('160418dd-b04e-4fca-989b-5de70d821bbf', 'FPA', 2, 1, '14d77904-51e8-4ec9-a6b7-c678bef06517', NULL, NULL),
	('622c8a0a-5af9-462a-a92a-2aac33388eba', 'FPM', 2, 1, '538d2229-22df-4239-a5c2-a3147271e478', NULL, NULL),
	('622c8a0a-5af9-462a-a92a-2aac33388eba', 'SAW', 2, 1, '538d2229-22df-4239-a5c2-a3147271e478', NULL, NULL),
	('8c2d3137-efe7-451f-9f8a-e0b8eba3fff0', 'FPM', 2, 2, 'c49e3f81-9977-4cac-9e40-720e10dad7b1', NULL, NULL),
	('c10beba3-f34a-45eb-9f34-004beedf88a6', 'WLM', 2, 2, '26c871f6-889b-42e1-a2af-ce0a26d21a19', NULL, NULL),
	('302d9383-b4f5-4c42-9956-dce849acd5f1', 'FPM', 2, 2, '35236318-5ef5-4876-8528-3c30e1423a36', NULL, NULL),
	('a281f8a3-1a60-459b-85e6-4a9bca9e9b0a', 'PRO', 2, 2, '3b93d7cc-ee5d-4c78-a198-85e76ff64967', NULL, NULL),
	('d55bc626-1304-4609-a6fe-a31dbdbe9d43', 'FPM', 2, 3, '48ef0dba-652b-42b2-adaa-1ded63b333e7', NULL, NULL),
	('d55bc626-1304-4609-a6fe-a31dbdbe9d43', 'SAW', 2, 3, '48ef0dba-652b-42b2-adaa-1ded63b333e7', NULL, NULL),
	('3eaf0f13-eb8d-43e4-8ec1-ec2c4ce958c9', 'FPM', 2, 3, '305a5c4f-1d72-48d5-8a4b-2e707ff7e993', NULL, NULL),
	('5a3d455f-28f2-4c1b-86c8-f76278e212bc', 'KNO', 2, 3, '395806a2-dfb5-4aa9-b5f9-398bedb53caa', NULL, NULL),
	('5a3d455f-28f2-4c1b-86c8-f76278e212bc', 'FPM', 2, 3, '395806a2-dfb5-4aa9-b5f9-398bedb53caa', NULL, NULL),
	('bab9a66b-05b8-4799-8dfb-b43af8a4b742', 'FPA', 2, 5, 'd0a04c01-3b05-412e-aea7-661ef6e6150b', NULL, NULL);


--
-- Data for Name: report_competency_grades; Type: TABLE DATA; Schema: public; Owner: postgres
--

INSERT INTO "ebt"."report_competency_grades" ("report_id", "phase", "competency_code", "grade") VALUES
	('bfa37d04-b655-454d-a565-125bf3eda24e', 'EVAL', 'KNO', 3),
	('bfa37d04-b655-454d-a565-125bf3eda24e', 'EVAL', 'FPM', 3),
	('bfa37d04-b655-454d-a565-125bf3eda24e', 'EVAL', 'FPA', 3),
	('bfa37d04-b655-454d-a565-125bf3eda24e', 'EVAL', 'PRO', 2),
	('bfa37d04-b655-454d-a565-125bf3eda24e', 'EVAL', 'WLM', 3),
	('bfa37d04-b655-454d-a565-125bf3eda24e', 'EVAL', 'SAW', 3),
	('bfa37d04-b655-454d-a565-125bf3eda24e', 'EVAL', 'PSD', 3),
	('bfa37d04-b655-454d-a565-125bf3eda24e', 'EVAL', 'COM', 3),
	('bfa37d04-b655-454d-a565-125bf3eda24e', 'EVAL', 'LTW', 3),
	('bfa37d04-b655-454d-a565-125bf3eda24e', 'MV', 'FPM', NULL),
	('bfa37d04-b655-454d-a565-125bf3eda24e', 'MV', 'PSD', NULL),
	('bfa37d04-b655-454d-a565-125bf3eda24e', 'SBT', 'PSD', NULL),
	('bfa37d04-b655-454d-a565-125bf3eda24e', 'SBT', 'KNO', NULL),
	('bfa37d04-b655-454d-a565-125bf3eda24e', 'SBT', 'FPM', NULL),
	('cbfa4702-9aac-467a-85b3-3ea151ce64e6', 'EVAL', 'KNO', 3),
	('cbfa4702-9aac-467a-85b3-3ea151ce64e6', 'EVAL', 'FPM', 3),
	('cbfa4702-9aac-467a-85b3-3ea151ce64e6', 'EVAL', 'FPA', 3),
	('cbfa4702-9aac-467a-85b3-3ea151ce64e6', 'EVAL', 'PRO', 2),
	('cbfa4702-9aac-467a-85b3-3ea151ce64e6', 'EVAL', 'WLM', 3),
	('cbfa4702-9aac-467a-85b3-3ea151ce64e6', 'EVAL', 'SAW', 3),
	('cbfa4702-9aac-467a-85b3-3ea151ce64e6', 'EVAL', 'PSD', 3),
	('cbfa4702-9aac-467a-85b3-3ea151ce64e6', 'EVAL', 'COM', 3),
	('cbfa4702-9aac-467a-85b3-3ea151ce64e6', 'EVAL', 'LTW', 3),
	('cbfa4702-9aac-467a-85b3-3ea151ce64e6', 'MV', 'FPM', NULL),
	('cbfa4702-9aac-467a-85b3-3ea151ce64e6', 'MV', 'PSD', NULL),
	('cbfa4702-9aac-467a-85b3-3ea151ce64e6', 'SBT', 'KNO', NULL),
	('cbfa4702-9aac-467a-85b3-3ea151ce64e6', 'SBT', 'FPM', NULL),
	('cbfa4702-9aac-467a-85b3-3ea151ce64e6', 'SBT', 'PSD', NULL),
	('57f972f0-5218-41a1-9433-836261807695', 'EVAL', 'KNO', 3),
	('57f972f0-5218-41a1-9433-836261807695', 'EVAL', 'FPM', 3),
	('57f972f0-5218-41a1-9433-836261807695', 'EVAL', 'FPA', 3),
	('57f972f0-5218-41a1-9433-836261807695', 'EVAL', 'PRO', 3),
	('57f972f0-5218-41a1-9433-836261807695', 'EVAL', 'WLM', 3),
	('57f972f0-5218-41a1-9433-836261807695', 'EVAL', 'SAW', 3),
	('57f972f0-5218-41a1-9433-836261807695', 'EVAL', 'PSD', 3),
	('57f972f0-5218-41a1-9433-836261807695', 'EVAL', 'COM', 3),
	('57f972f0-5218-41a1-9433-836261807695', 'EVAL', 'LTW', 3),
	('57f972f0-5218-41a1-9433-836261807695', 'MV', 'FPM', NULL),
	('57f972f0-5218-41a1-9433-836261807695', 'MV', 'FPA', NULL),
	('57f972f0-5218-41a1-9433-836261807695', 'MV', 'KNO', NULL),
	('57f972f0-5218-41a1-9433-836261807695', 'SBT', 'KNO', NULL),
	('57f972f0-5218-41a1-9433-836261807695', 'SBT', 'FPA', NULL),
	('57f972f0-5218-41a1-9433-836261807695', 'SBT', 'FPM', NULL),
	('57f972f0-5218-41a1-9433-836261807695', 'SBT', 'COM', NULL),
	('57f972f0-5218-41a1-9433-836261807695', 'SBT', 'WLM', NULL),
	('5ca550ca-eec8-4765-9d17-d4df9f202155', 'EVAL', 'KNO', 3),
	('5ca550ca-eec8-4765-9d17-d4df9f202155', 'EVAL', 'FPM', 3),
	('5ca550ca-eec8-4765-9d17-d4df9f202155', 'EVAL', 'FPA', 3),
	('5ca550ca-eec8-4765-9d17-d4df9f202155', 'EVAL', 'PRO', 3),
	('5ca550ca-eec8-4765-9d17-d4df9f202155', 'EVAL', 'WLM', 3),
	('5ca550ca-eec8-4765-9d17-d4df9f202155', 'EVAL', 'SAW', 2),
	('5ca550ca-eec8-4765-9d17-d4df9f202155', 'EVAL', 'PSD', 3),
	('5ca550ca-eec8-4765-9d17-d4df9f202155', 'EVAL', 'COM', 3),
	('5ca550ca-eec8-4765-9d17-d4df9f202155', 'EVAL', 'LTW', 3),
	('5ca550ca-eec8-4765-9d17-d4df9f202155', 'MV', 'FPM', NULL),
	('5ca550ca-eec8-4765-9d17-d4df9f202155', 'MV', 'FPA', NULL),
	('5ca550ca-eec8-4765-9d17-d4df9f202155', 'MV', 'KNO', NULL),
	('5ca550ca-eec8-4765-9d17-d4df9f202155', 'SBT', 'FPM', NULL),
	('5ca550ca-eec8-4765-9d17-d4df9f202155', 'SBT', 'KNO', NULL),
	('5ca550ca-eec8-4765-9d17-d4df9f202155', 'SBT', 'PSD', NULL),
	('14d77904-51e8-4ec9-a6b7-c678bef06517', 'EVAL', 'KNO', 3),
	('14d77904-51e8-4ec9-a6b7-c678bef06517', 'EVAL', 'FPM', 3),
	('14d77904-51e8-4ec9-a6b7-c678bef06517', 'EVAL', 'FPA', 2),
	('14d77904-51e8-4ec9-a6b7-c678bef06517', 'EVAL', 'PRO', 3),
	('14d77904-51e8-4ec9-a6b7-c678bef06517', 'EVAL', 'WLM', 3),
	('14d77904-51e8-4ec9-a6b7-c678bef06517', 'EVAL', 'SAW', 3),
	('14d77904-51e8-4ec9-a6b7-c678bef06517', 'EVAL', 'PSD', 3),
	('14d77904-51e8-4ec9-a6b7-c678bef06517', 'EVAL', 'COM', 3),
	('14d77904-51e8-4ec9-a6b7-c678bef06517', 'EVAL', 'LTW', 3),
	('14d77904-51e8-4ec9-a6b7-c678bef06517', 'MV', 'SAW', NULL),
	('14d77904-51e8-4ec9-a6b7-c678bef06517', 'MV', 'KNO', NULL),
	('14d77904-51e8-4ec9-a6b7-c678bef06517', 'MV', 'FPA', NULL),
	('14d77904-51e8-4ec9-a6b7-c678bef06517', 'SBT', 'KNO', NULL),
	('14d77904-51e8-4ec9-a6b7-c678bef06517', 'SBT', 'FPM', NULL),
	('228ea722-495d-45e3-a319-b318e1afa4b9', 'EVAL', 'KNO', 3),
	('228ea722-495d-45e3-a319-b318e1afa4b9', 'EVAL', 'FPM', 3),
	('228ea722-495d-45e3-a319-b318e1afa4b9', 'EVAL', 'FPA', 3),
	('228ea722-495d-45e3-a319-b318e1afa4b9', 'EVAL', 'PRO', 3),
	('228ea722-495d-45e3-a319-b318e1afa4b9', 'EVAL', 'WLM', 3),
	('228ea722-495d-45e3-a319-b318e1afa4b9', 'EVAL', 'SAW', 3),
	('228ea722-495d-45e3-a319-b318e1afa4b9', 'EVAL', 'PSD', 3),
	('228ea722-495d-45e3-a319-b318e1afa4b9', 'EVAL', 'COM', 3),
	('228ea722-495d-45e3-a319-b318e1afa4b9', 'EVAL', 'LTW', 3),
	('228ea722-495d-45e3-a319-b318e1afa4b9', 'MV', 'FPM', NULL),
	('228ea722-495d-45e3-a319-b318e1afa4b9', 'MV', 'KNO', NULL),
	('228ea722-495d-45e3-a319-b318e1afa4b9', 'MV', 'WLM', NULL),
	('228ea722-495d-45e3-a319-b318e1afa4b9', 'SBT', 'FPM', NULL),
	('228ea722-495d-45e3-a319-b318e1afa4b9', 'SBT', 'KNO', NULL),
	('228ea722-495d-45e3-a319-b318e1afa4b9', 'SBT', 'WLM', NULL),
	('228ea722-495d-45e3-a319-b318e1afa4b9', 'SBT', 'PSD', NULL),
	('228ea722-495d-45e3-a319-b318e1afa4b9', 'SBT', 'COM', NULL),
	('d1354639-5ba6-46fd-9457-9d62e4f43223', 'EVAL', 'KNO', 3),
	('d1354639-5ba6-46fd-9457-9d62e4f43223', 'EVAL', 'FPM', 3),
	('d1354639-5ba6-46fd-9457-9d62e4f43223', 'EVAL', 'FPA', 3),
	('d1354639-5ba6-46fd-9457-9d62e4f43223', 'EVAL', 'PRO', 3),
	('d1354639-5ba6-46fd-9457-9d62e4f43223', 'EVAL', 'WLM', 3),
	('d1354639-5ba6-46fd-9457-9d62e4f43223', 'EVAL', 'SAW', 3),
	('d1354639-5ba6-46fd-9457-9d62e4f43223', 'EVAL', 'PSD', 3),
	('d1354639-5ba6-46fd-9457-9d62e4f43223', 'EVAL', 'COM', 3),
	('d1354639-5ba6-46fd-9457-9d62e4f43223', 'EVAL', 'LTW', 3),
	('d1354639-5ba6-46fd-9457-9d62e4f43223', 'MV', 'FPA', NULL),
	('d1354639-5ba6-46fd-9457-9d62e4f43223', 'MV', 'PSD', NULL),
	('d1354639-5ba6-46fd-9457-9d62e4f43223', 'MV', 'FPM', NULL),
	('d1354639-5ba6-46fd-9457-9d62e4f43223', 'MV', 'LTW', NULL),
	('d1354639-5ba6-46fd-9457-9d62e4f43223', 'SBT', 'FPM', NULL),
	('d1354639-5ba6-46fd-9457-9d62e4f43223', 'SBT', 'KNO', NULL),
	('d1354639-5ba6-46fd-9457-9d62e4f43223', 'SBT', 'PSD', NULL),
	('d1354639-5ba6-46fd-9457-9d62e4f43223', 'SBT', 'COM', NULL),
	('f51d052a-57e2-4706-a197-1dfdc908f3bf', 'EVAL', 'KNO', 4),
	('f51d052a-57e2-4706-a197-1dfdc908f3bf', 'EVAL', 'FPM', 4),
	('f51d052a-57e2-4706-a197-1dfdc908f3bf', 'EVAL', 'FPA', 4),
	('f51d052a-57e2-4706-a197-1dfdc908f3bf', 'EVAL', 'PRO', 4),
	('f51d052a-57e2-4706-a197-1dfdc908f3bf', 'EVAL', 'WLM', 4),
	('f51d052a-57e2-4706-a197-1dfdc908f3bf', 'EVAL', 'SAW', 4),
	('f51d052a-57e2-4706-a197-1dfdc908f3bf', 'EVAL', 'PSD', 4),
	('f51d052a-57e2-4706-a197-1dfdc908f3bf', 'EVAL', 'COM', 4),
	('f51d052a-57e2-4706-a197-1dfdc908f3bf', 'EVAL', 'LTW', 4),
	('f51d052a-57e2-4706-a197-1dfdc908f3bf', 'MV', 'SAW', NULL),
	('f51d052a-57e2-4706-a197-1dfdc908f3bf', 'SBT', 'KNO', NULL),
	('538d2229-22df-4239-a5c2-a3147271e478', 'EVAL', 'KNO', 3),
	('538d2229-22df-4239-a5c2-a3147271e478', 'EVAL', 'FPM', 2),
	('538d2229-22df-4239-a5c2-a3147271e478', 'EVAL', 'FPA', 3),
	('538d2229-22df-4239-a5c2-a3147271e478', 'EVAL', 'PRO', 3),
	('538d2229-22df-4239-a5c2-a3147271e478', 'EVAL', 'WLM', 3),
	('538d2229-22df-4239-a5c2-a3147271e478', 'EVAL', 'SAW', 2),
	('538d2229-22df-4239-a5c2-a3147271e478', 'EVAL', 'PSD', 3),
	('538d2229-22df-4239-a5c2-a3147271e478', 'EVAL', 'COM', 3),
	('538d2229-22df-4239-a5c2-a3147271e478', 'EVAL', 'LTW', 3),
	('538d2229-22df-4239-a5c2-a3147271e478', 'MV', 'FPM', NULL),
	('538d2229-22df-4239-a5c2-a3147271e478', 'SBT', 'FPM', NULL),
	('296d8aed-6eb4-4370-b19b-78a469091134', 'EVAL', 'KNO', 3),
	('296d8aed-6eb4-4370-b19b-78a469091134', 'EVAL', 'FPM', 3),
	('296d8aed-6eb4-4370-b19b-78a469091134', 'EVAL', 'FPA', 3),
	('296d8aed-6eb4-4370-b19b-78a469091134', 'EVAL', 'PRO', 3),
	('296d8aed-6eb4-4370-b19b-78a469091134', 'EVAL', 'WLM', 3),
	('296d8aed-6eb4-4370-b19b-78a469091134', 'EVAL', 'SAW', 3),
	('296d8aed-6eb4-4370-b19b-78a469091134', 'EVAL', 'PSD', 3),
	('296d8aed-6eb4-4370-b19b-78a469091134', 'EVAL', 'COM', 3),
	('296d8aed-6eb4-4370-b19b-78a469091134', 'EVAL', 'LTW', 3),
	('296d8aed-6eb4-4370-b19b-78a469091134', 'MV', 'FPM', NULL),
	('296d8aed-6eb4-4370-b19b-78a469091134', 'MV', 'WLM', NULL),
	('296d8aed-6eb4-4370-b19b-78a469091134', 'MV', 'KNO', NULL),
	('296d8aed-6eb4-4370-b19b-78a469091134', 'SBT', 'SAW', NULL),
	('296d8aed-6eb4-4370-b19b-78a469091134', 'SBT', 'WLM', NULL),
	('296d8aed-6eb4-4370-b19b-78a469091134', 'SBT', 'PSD', NULL),
	('5e5c590f-70b1-4139-863c-a2369c4fe451', 'EVAL', 'KNO', 3),
	('5e5c590f-70b1-4139-863c-a2369c4fe451', 'EVAL', 'FPM', 3),
	('5e5c590f-70b1-4139-863c-a2369c4fe451', 'EVAL', 'FPA', 3),
	('5e5c590f-70b1-4139-863c-a2369c4fe451', 'EVAL', 'PRO', 3),
	('5e5c590f-70b1-4139-863c-a2369c4fe451', 'EVAL', 'WLM', 3),
	('5e5c590f-70b1-4139-863c-a2369c4fe451', 'EVAL', 'SAW', 3),
	('5e5c590f-70b1-4139-863c-a2369c4fe451', 'EVAL', 'PSD', 3),
	('5e5c590f-70b1-4139-863c-a2369c4fe451', 'EVAL', 'COM', 3),
	('5e5c590f-70b1-4139-863c-a2369c4fe451', 'EVAL', 'LTW', 3),
	('5e5c590f-70b1-4139-863c-a2369c4fe451', 'MV', 'FPM', NULL),
	('5e5c590f-70b1-4139-863c-a2369c4fe451', 'MV', 'KNO', NULL),
	('5e5c590f-70b1-4139-863c-a2369c4fe451', 'MV', 'SAW', NULL),
	('5e5c590f-70b1-4139-863c-a2369c4fe451', 'SBT', 'FPA', NULL),
	('5e5c590f-70b1-4139-863c-a2369c4fe451', 'SBT', 'SAW', NULL),
	('f0726035-c14c-4d47-a45f-57262b10d7f7', 'EVAL', 'KNO', 3),
	('f0726035-c14c-4d47-a45f-57262b10d7f7', 'EVAL', 'FPM', 3),
	('f0726035-c14c-4d47-a45f-57262b10d7f7', 'EVAL', 'FPA', 3),
	('f0726035-c14c-4d47-a45f-57262b10d7f7', 'EVAL', 'PRO', 3),
	('f0726035-c14c-4d47-a45f-57262b10d7f7', 'EVAL', 'WLM', 3),
	('f0726035-c14c-4d47-a45f-57262b10d7f7', 'EVAL', 'SAW', 3),
	('f0726035-c14c-4d47-a45f-57262b10d7f7', 'EVAL', 'PSD', 3),
	('f0726035-c14c-4d47-a45f-57262b10d7f7', 'EVAL', 'COM', 3),
	('f0726035-c14c-4d47-a45f-57262b10d7f7', 'EVAL', 'LTW', 3),
	('f0726035-c14c-4d47-a45f-57262b10d7f7', 'MV', 'FPM', NULL),
	('f0726035-c14c-4d47-a45f-57262b10d7f7', 'MV', 'SAW', NULL),
	('f0726035-c14c-4d47-a45f-57262b10d7f7', 'MV', 'WLM', NULL),
	('f0726035-c14c-4d47-a45f-57262b10d7f7', 'SBT', 'KNO', NULL),
	('f0726035-c14c-4d47-a45f-57262b10d7f7', 'SBT', 'SAW', NULL),
	('f0726035-c14c-4d47-a45f-57262b10d7f7', 'SBT', 'LTW', NULL),
	('f0b5a283-0aee-466f-8bad-4a0241911b7a', 'EVAL', 'KNO', 3),
	('f0b5a283-0aee-466f-8bad-4a0241911b7a', 'EVAL', 'FPM', 3),
	('f0b5a283-0aee-466f-8bad-4a0241911b7a', 'EVAL', 'FPA', 3),
	('f0b5a283-0aee-466f-8bad-4a0241911b7a', 'EVAL', 'PRO', 3),
	('f0b5a283-0aee-466f-8bad-4a0241911b7a', 'EVAL', 'WLM', 3),
	('f0b5a283-0aee-466f-8bad-4a0241911b7a', 'EVAL', 'SAW', 3),
	('f0b5a283-0aee-466f-8bad-4a0241911b7a', 'EVAL', 'PSD', 3),
	('f0b5a283-0aee-466f-8bad-4a0241911b7a', 'EVAL', 'COM', 3),
	('f0b5a283-0aee-466f-8bad-4a0241911b7a', 'EVAL', 'LTW', 3),
	('f0b5a283-0aee-466f-8bad-4a0241911b7a', 'MV', 'FPM', NULL),
	('f0b5a283-0aee-466f-8bad-4a0241911b7a', 'MV', 'FPA', NULL),
	('f0b5a283-0aee-466f-8bad-4a0241911b7a', 'MV', 'COM', NULL),
	('f0b5a283-0aee-466f-8bad-4a0241911b7a', 'SBT', 'WLM', NULL),
	('f0b5a283-0aee-466f-8bad-4a0241911b7a', 'SBT', 'KNO', NULL),
	('f0b5a283-0aee-466f-8bad-4a0241911b7a', 'SBT', 'COM', NULL),
	('cb425d5c-cfa0-40cd-a7c8-4b1284745207', 'EVAL', 'KNO', 3),
	('cb425d5c-cfa0-40cd-a7c8-4b1284745207', 'EVAL', 'FPM', 3),
	('cb425d5c-cfa0-40cd-a7c8-4b1284745207', 'EVAL', 'FPA', 3),
	('cb425d5c-cfa0-40cd-a7c8-4b1284745207', 'EVAL', 'PRO', 3),
	('cb425d5c-cfa0-40cd-a7c8-4b1284745207', 'EVAL', 'WLM', 3),
	('cb425d5c-cfa0-40cd-a7c8-4b1284745207', 'EVAL', 'SAW', 3),
	('cb425d5c-cfa0-40cd-a7c8-4b1284745207', 'EVAL', 'PSD', 3),
	('cb425d5c-cfa0-40cd-a7c8-4b1284745207', 'EVAL', 'COM', 3),
	('cb425d5c-cfa0-40cd-a7c8-4b1284745207', 'EVAL', 'LTW', 3),
	('cb425d5c-cfa0-40cd-a7c8-4b1284745207', 'MV', 'SAW', NULL),
	('cb425d5c-cfa0-40cd-a7c8-4b1284745207', 'MV', 'PSD', NULL),
	('cb425d5c-cfa0-40cd-a7c8-4b1284745207', 'SBT', 'PSD', NULL),
	('cb425d5c-cfa0-40cd-a7c8-4b1284745207', 'SBT', 'SAW', NULL),
	('cb425d5c-cfa0-40cd-a7c8-4b1284745207', 'SBT', 'KNO', NULL),
	('03f822fb-1aec-43be-92ba-c8f93967ac5f', 'EVAL', 'KNO', 3),
	('03f822fb-1aec-43be-92ba-c8f93967ac5f', 'EVAL', 'FPM', 3),
	('03f822fb-1aec-43be-92ba-c8f93967ac5f', 'EVAL', 'FPA', 3),
	('03f822fb-1aec-43be-92ba-c8f93967ac5f', 'EVAL', 'PRO', 3),
	('03f822fb-1aec-43be-92ba-c8f93967ac5f', 'EVAL', 'WLM', 3),
	('03f822fb-1aec-43be-92ba-c8f93967ac5f', 'EVAL', 'SAW', 3),
	('03f822fb-1aec-43be-92ba-c8f93967ac5f', 'EVAL', 'PSD', 3),
	('03f822fb-1aec-43be-92ba-c8f93967ac5f', 'EVAL', 'COM', 3),
	('03f822fb-1aec-43be-92ba-c8f93967ac5f', 'EVAL', 'LTW', 3),
	('03f822fb-1aec-43be-92ba-c8f93967ac5f', 'MV', 'KNO', NULL),
	('03f822fb-1aec-43be-92ba-c8f93967ac5f', 'MV', 'SAW', NULL),
	('03f822fb-1aec-43be-92ba-c8f93967ac5f', 'SBT', 'PSD', NULL),
	('03f822fb-1aec-43be-92ba-c8f93967ac5f', 'SBT', 'KNO', NULL),
	('03f822fb-1aec-43be-92ba-c8f93967ac5f', 'SBT', 'SAW', NULL),
	('53f2e0e9-5926-46a9-a893-007215b02be3', 'EVAL', 'KNO', 4),
	('53f2e0e9-5926-46a9-a893-007215b02be3', 'EVAL', 'FPM', 4),
	('53f2e0e9-5926-46a9-a893-007215b02be3', 'EVAL', 'FPA', 4),
	('53f2e0e9-5926-46a9-a893-007215b02be3', 'EVAL', 'PRO', 4),
	('53f2e0e9-5926-46a9-a893-007215b02be3', 'EVAL', 'WLM', 4),
	('53f2e0e9-5926-46a9-a893-007215b02be3', 'EVAL', 'SAW', 4),
	('53f2e0e9-5926-46a9-a893-007215b02be3', 'EVAL', 'PSD', 4),
	('53f2e0e9-5926-46a9-a893-007215b02be3', 'EVAL', 'COM', 4),
	('53f2e0e9-5926-46a9-a893-007215b02be3', 'EVAL', 'LTW', 4),
	('53f2e0e9-5926-46a9-a893-007215b02be3', 'MV', 'WLM', NULL),
	('53f2e0e9-5926-46a9-a893-007215b02be3', 'MV', 'KNO', NULL),
	('53f2e0e9-5926-46a9-a893-007215b02be3', 'MV', 'SAW', NULL),
	('53f2e0e9-5926-46a9-a893-007215b02be3', 'SBT', 'KNO', NULL),
	('53f2e0e9-5926-46a9-a893-007215b02be3', 'SBT', 'SAW', NULL),
	('a6aa6987-a444-4277-851a-40f29e2cc7a9', 'EVAL', 'KNO', 3),
	('a6aa6987-a444-4277-851a-40f29e2cc7a9', 'EVAL', 'FPM', 3),
	('a6aa6987-a444-4277-851a-40f29e2cc7a9', 'EVAL', 'FPA', 3),
	('a6aa6987-a444-4277-851a-40f29e2cc7a9', 'EVAL', 'PRO', 3),
	('a6aa6987-a444-4277-851a-40f29e2cc7a9', 'EVAL', 'WLM', 3),
	('a6aa6987-a444-4277-851a-40f29e2cc7a9', 'EVAL', 'SAW', 3),
	('a6aa6987-a444-4277-851a-40f29e2cc7a9', 'EVAL', 'PSD', 3),
	('a6aa6987-a444-4277-851a-40f29e2cc7a9', 'EVAL', 'COM', 3),
	('a6aa6987-a444-4277-851a-40f29e2cc7a9', 'EVAL', 'LTW', 3),
	('a6aa6987-a444-4277-851a-40f29e2cc7a9', 'MV', 'FPM', NULL),
	('a6aa6987-a444-4277-851a-40f29e2cc7a9', 'MV', 'WLM', NULL),
	('a6aa6987-a444-4277-851a-40f29e2cc7a9', 'MV', 'KNO', NULL),
	('a6aa6987-a444-4277-851a-40f29e2cc7a9', 'SBT', 'FPM', NULL),
	('a6aa6987-a444-4277-851a-40f29e2cc7a9', 'SBT', 'WLM', NULL),
	('a153c06b-37ac-4e29-a8f0-5fd4585cf6bd', 'EVAL', 'KNO', 3),
	('a153c06b-37ac-4e29-a8f0-5fd4585cf6bd', 'EVAL', 'FPM', 3),
	('a153c06b-37ac-4e29-a8f0-5fd4585cf6bd', 'EVAL', 'FPA', 3),
	('a153c06b-37ac-4e29-a8f0-5fd4585cf6bd', 'EVAL', 'PRO', 3),
	('a153c06b-37ac-4e29-a8f0-5fd4585cf6bd', 'EVAL', 'WLM', 4),
	('a153c06b-37ac-4e29-a8f0-5fd4585cf6bd', 'EVAL', 'SAW', 3),
	('a153c06b-37ac-4e29-a8f0-5fd4585cf6bd', 'EVAL', 'PSD', 3),
	('a153c06b-37ac-4e29-a8f0-5fd4585cf6bd', 'EVAL', 'COM', 3),
	('a153c06b-37ac-4e29-a8f0-5fd4585cf6bd', 'EVAL', 'LTW', 4),
	('a153c06b-37ac-4e29-a8f0-5fd4585cf6bd', 'MV', 'FPM', NULL),
	('a153c06b-37ac-4e29-a8f0-5fd4585cf6bd', 'MV', 'COM', NULL),
	('a153c06b-37ac-4e29-a8f0-5fd4585cf6bd', 'MV', 'LTW', NULL),
	('a153c06b-37ac-4e29-a8f0-5fd4585cf6bd', 'SBT', 'WLM', NULL),
	('a153c06b-37ac-4e29-a8f0-5fd4585cf6bd', 'SBT', 'KNO', NULL),
	('a153c06b-37ac-4e29-a8f0-5fd4585cf6bd', 'SBT', 'SAW', NULL),
	('70888f48-8cfa-4f21-a0ae-9b49d1b08778', 'EVAL', 'KNO', 3),
	('70888f48-8cfa-4f21-a0ae-9b49d1b08778', 'EVAL', 'FPM', 3),
	('70888f48-8cfa-4f21-a0ae-9b49d1b08778', 'EVAL', 'FPA', 3),
	('70888f48-8cfa-4f21-a0ae-9b49d1b08778', 'EVAL', 'PRO', 3),
	('70888f48-8cfa-4f21-a0ae-9b49d1b08778', 'EVAL', 'WLM', 3),
	('70888f48-8cfa-4f21-a0ae-9b49d1b08778', 'EVAL', 'SAW', 3),
	('70888f48-8cfa-4f21-a0ae-9b49d1b08778', 'EVAL', 'PSD', 3),
	('70888f48-8cfa-4f21-a0ae-9b49d1b08778', 'EVAL', 'COM', 3),
	('70888f48-8cfa-4f21-a0ae-9b49d1b08778', 'EVAL', 'LTW', 3),
	('70888f48-8cfa-4f21-a0ae-9b49d1b08778', 'MV', 'KNO', NULL),
	('70888f48-8cfa-4f21-a0ae-9b49d1b08778', 'MV', 'FPM', NULL),
	('70888f48-8cfa-4f21-a0ae-9b49d1b08778', 'MV', 'SAW', NULL),
	('70888f48-8cfa-4f21-a0ae-9b49d1b08778', 'SBT', 'KNO', NULL),
	('70888f48-8cfa-4f21-a0ae-9b49d1b08778', 'SBT', 'SAW', NULL),
	('70888f48-8cfa-4f21-a0ae-9b49d1b08778', 'SBT', 'COM', NULL),
	('858006ac-d300-4309-b25d-22c1dd36302d', 'EVAL', 'KNO', 3),
	('858006ac-d300-4309-b25d-22c1dd36302d', 'EVAL', 'FPM', 3),
	('858006ac-d300-4309-b25d-22c1dd36302d', 'EVAL', 'FPA', 3),
	('858006ac-d300-4309-b25d-22c1dd36302d', 'EVAL', 'PRO', 3),
	('858006ac-d300-4309-b25d-22c1dd36302d', 'EVAL', 'WLM', 3),
	('858006ac-d300-4309-b25d-22c1dd36302d', 'EVAL', 'SAW', 3),
	('858006ac-d300-4309-b25d-22c1dd36302d', 'EVAL', 'PSD', 3),
	('858006ac-d300-4309-b25d-22c1dd36302d', 'EVAL', 'COM', 3),
	('858006ac-d300-4309-b25d-22c1dd36302d', 'EVAL', 'LTW', 3),
	('858006ac-d300-4309-b25d-22c1dd36302d', 'MV', 'LTW', NULL),
	('858006ac-d300-4309-b25d-22c1dd36302d', 'MV', 'FPM', NULL),
	('858006ac-d300-4309-b25d-22c1dd36302d', 'MV', 'COM', NULL),
	('858006ac-d300-4309-b25d-22c1dd36302d', 'SBT', 'FPM', NULL),
	('858006ac-d300-4309-b25d-22c1dd36302d', 'SBT', 'SAW', NULL),
	('858006ac-d300-4309-b25d-22c1dd36302d', 'SBT', 'KNO', NULL),
	('ed413c6a-3108-4c37-9acf-2dd5d9303f92', 'EVAL', 'KNO', 4),
	('ed413c6a-3108-4c37-9acf-2dd5d9303f92', 'EVAL', 'FPM', 3),
	('ed413c6a-3108-4c37-9acf-2dd5d9303f92', 'EVAL', 'FPA', 3),
	('ed413c6a-3108-4c37-9acf-2dd5d9303f92', 'EVAL', 'PRO', 3),
	('ed413c6a-3108-4c37-9acf-2dd5d9303f92', 'EVAL', 'WLM', 3),
	('ed413c6a-3108-4c37-9acf-2dd5d9303f92', 'EVAL', 'SAW', 3),
	('ed413c6a-3108-4c37-9acf-2dd5d9303f92', 'EVAL', 'PSD', 3),
	('ed413c6a-3108-4c37-9acf-2dd5d9303f92', 'EVAL', 'COM', 3),
	('ed413c6a-3108-4c37-9acf-2dd5d9303f92', 'EVAL', 'LTW', 3),
	('ed413c6a-3108-4c37-9acf-2dd5d9303f92', 'MV', 'KNO', NULL),
	('ed413c6a-3108-4c37-9acf-2dd5d9303f92', 'SBT', 'SAW', NULL),
	('ed413c6a-3108-4c37-9acf-2dd5d9303f92', 'SBT', 'FPM', NULL),
	('c36dbde0-4335-4cf0-bbed-9c415ea1b1eb', 'EVAL', 'KNO', 3),
	('c36dbde0-4335-4cf0-bbed-9c415ea1b1eb', 'EVAL', 'FPM', 3),
	('c36dbde0-4335-4cf0-bbed-9c415ea1b1eb', 'EVAL', 'FPA', 3),
	('c36dbde0-4335-4cf0-bbed-9c415ea1b1eb', 'EVAL', 'PRO', 3),
	('c36dbde0-4335-4cf0-bbed-9c415ea1b1eb', 'EVAL', 'WLM', 3),
	('c36dbde0-4335-4cf0-bbed-9c415ea1b1eb', 'EVAL', 'SAW', 3),
	('c36dbde0-4335-4cf0-bbed-9c415ea1b1eb', 'EVAL', 'PSD', 3),
	('c36dbde0-4335-4cf0-bbed-9c415ea1b1eb', 'EVAL', 'COM', 3),
	('c36dbde0-4335-4cf0-bbed-9c415ea1b1eb', 'EVAL', 'LTW', 3),
	('c36dbde0-4335-4cf0-bbed-9c415ea1b1eb', 'MV', 'FPA', NULL),
	('c36dbde0-4335-4cf0-bbed-9c415ea1b1eb', 'MV', 'WLM', NULL),
	('c36dbde0-4335-4cf0-bbed-9c415ea1b1eb', 'MV', 'SAW', NULL),
	('c36dbde0-4335-4cf0-bbed-9c415ea1b1eb', 'SBT', 'FPM', NULL),
	('c36dbde0-4335-4cf0-bbed-9c415ea1b1eb', 'SBT', 'WLM', NULL),
	('c36dbde0-4335-4cf0-bbed-9c415ea1b1eb', 'SBT', 'LTW', NULL),
	('ede18524-33f3-4b7a-86e0-08115e94a91d', 'EVAL', 'KNO', 3),
	('ede18524-33f3-4b7a-86e0-08115e94a91d', 'EVAL', 'FPM', 3),
	('ede18524-33f3-4b7a-86e0-08115e94a91d', 'EVAL', 'FPA', 3),
	('ede18524-33f3-4b7a-86e0-08115e94a91d', 'EVAL', 'PRO', 3),
	('ede18524-33f3-4b7a-86e0-08115e94a91d', 'EVAL', 'WLM', 3),
	('ede18524-33f3-4b7a-86e0-08115e94a91d', 'EVAL', 'SAW', 3),
	('ede18524-33f3-4b7a-86e0-08115e94a91d', 'EVAL', 'PSD', 3),
	('ede18524-33f3-4b7a-86e0-08115e94a91d', 'EVAL', 'COM', 3),
	('ede18524-33f3-4b7a-86e0-08115e94a91d', 'EVAL', 'LTW', 3),
	('ede18524-33f3-4b7a-86e0-08115e94a91d', 'MV', 'FPM', NULL),
	('ede18524-33f3-4b7a-86e0-08115e94a91d', 'MV', 'COM', NULL),
	('ede18524-33f3-4b7a-86e0-08115e94a91d', 'MV', 'KNO', NULL),
	('ede18524-33f3-4b7a-86e0-08115e94a91d', 'MV', 'LTW', NULL),
	('ede18524-33f3-4b7a-86e0-08115e94a91d', 'SBT', 'SAW', NULL),
	('ede18524-33f3-4b7a-86e0-08115e94a91d', 'SBT', 'FPM', NULL),
	('160418dd-b04e-4fca-989b-5de70d821bbf', 'EVAL', 'KNO', 3),
	('160418dd-b04e-4fca-989b-5de70d821bbf', 'EVAL', 'FPM', 3),
	('160418dd-b04e-4fca-989b-5de70d821bbf', 'EVAL', 'FPA', 3),
	('160418dd-b04e-4fca-989b-5de70d821bbf', 'EVAL', 'PRO', 3),
	('160418dd-b04e-4fca-989b-5de70d821bbf', 'EVAL', 'WLM', 3),
	('160418dd-b04e-4fca-989b-5de70d821bbf', 'EVAL', 'SAW', 3),
	('160418dd-b04e-4fca-989b-5de70d821bbf', 'EVAL', 'PSD', 3),
	('160418dd-b04e-4fca-989b-5de70d821bbf', 'EVAL', 'COM', 3),
	('160418dd-b04e-4fca-989b-5de70d821bbf', 'EVAL', 'LTW', 3),
	('160418dd-b04e-4fca-989b-5de70d821bbf', 'MV', 'FPM', NULL),
	('160418dd-b04e-4fca-989b-5de70d821bbf', 'MV', 'LTW', NULL),
	('160418dd-b04e-4fca-989b-5de70d821bbf', 'SBT', 'FPM', NULL),
	('160418dd-b04e-4fca-989b-5de70d821bbf', 'SBT', 'SAW', NULL),
	('160418dd-b04e-4fca-989b-5de70d821bbf', 'SBT', 'KNO', NULL),
	('cb12c2d0-aebb-4ea5-8ec0-f92e3804dd71', 'EVAL', 'KNO', NULL),
	('cb12c2d0-aebb-4ea5-8ec0-f92e3804dd71', 'EVAL', 'FPM', NULL),
	('cb12c2d0-aebb-4ea5-8ec0-f92e3804dd71', 'EVAL', 'FPA', NULL),
	('cb12c2d0-aebb-4ea5-8ec0-f92e3804dd71', 'EVAL', 'PRO', NULL),
	('cb12c2d0-aebb-4ea5-8ec0-f92e3804dd71', 'EVAL', 'WLM', NULL),
	('cb12c2d0-aebb-4ea5-8ec0-f92e3804dd71', 'EVAL', 'SAW', NULL),
	('cb12c2d0-aebb-4ea5-8ec0-f92e3804dd71', 'EVAL', 'PSD', NULL),
	('cb12c2d0-aebb-4ea5-8ec0-f92e3804dd71', 'EVAL', 'COM', NULL),
	('cb12c2d0-aebb-4ea5-8ec0-f92e3804dd71', 'EVAL', 'LTW', NULL),
	('c49e3f81-9977-4cac-9e40-720e10dad7b1', 'EVAL', 'KNO', 3),
	('c49e3f81-9977-4cac-9e40-720e10dad7b1', 'EVAL', 'FPM', 2),
	('c49e3f81-9977-4cac-9e40-720e10dad7b1', 'EVAL', 'FPA', 3),
	('c49e3f81-9977-4cac-9e40-720e10dad7b1', 'EVAL', 'PRO', 3),
	('c49e3f81-9977-4cac-9e40-720e10dad7b1', 'EVAL', 'WLM', 3),
	('c49e3f81-9977-4cac-9e40-720e10dad7b1', 'EVAL', 'SAW', 3),
	('c49e3f81-9977-4cac-9e40-720e10dad7b1', 'EVAL', 'PSD', 3),
	('c49e3f81-9977-4cac-9e40-720e10dad7b1', 'EVAL', 'COM', 3),
	('c49e3f81-9977-4cac-9e40-720e10dad7b1', 'EVAL', 'LTW', 3),
	('c49e3f81-9977-4cac-9e40-720e10dad7b1', 'MV', 'KNO', NULL),
	('c49e3f81-9977-4cac-9e40-720e10dad7b1', 'MV', 'FPM', NULL),
	('c49e3f81-9977-4cac-9e40-720e10dad7b1', 'MV', 'COM', NULL),
	('c49e3f81-9977-4cac-9e40-720e10dad7b1', 'MV', 'FPA', NULL),
	('c49e3f81-9977-4cac-9e40-720e10dad7b1', 'SBT', 'KNO', NULL),
	('c49e3f81-9977-4cac-9e40-720e10dad7b1', 'SBT', 'COM', NULL),
	('c49e3f81-9977-4cac-9e40-720e10dad7b1', 'SBT', 'FPM', NULL),
	('c49e3f81-9977-4cac-9e40-720e10dad7b1', 'SBT', 'FPA', NULL),
	('da1b8e66-30bd-4fad-ad6e-3310eeed4e21', 'EVAL', 'KNO', 3),
	('da1b8e66-30bd-4fad-ad6e-3310eeed4e21', 'EVAL', 'FPM', 3),
	('da1b8e66-30bd-4fad-ad6e-3310eeed4e21', 'EVAL', 'FPA', 3),
	('da1b8e66-30bd-4fad-ad6e-3310eeed4e21', 'EVAL', 'PRO', 3),
	('da1b8e66-30bd-4fad-ad6e-3310eeed4e21', 'EVAL', 'WLM', 3),
	('da1b8e66-30bd-4fad-ad6e-3310eeed4e21', 'EVAL', 'SAW', 3),
	('da1b8e66-30bd-4fad-ad6e-3310eeed4e21', 'EVAL', 'PSD', 3),
	('da1b8e66-30bd-4fad-ad6e-3310eeed4e21', 'EVAL', 'COM', 3),
	('da1b8e66-30bd-4fad-ad6e-3310eeed4e21', 'EVAL', 'LTW', 4),
	('da1b8e66-30bd-4fad-ad6e-3310eeed4e21', 'MV', 'FPM', NULL),
	('da1b8e66-30bd-4fad-ad6e-3310eeed4e21', 'MV', 'KNO', NULL),
	('da1b8e66-30bd-4fad-ad6e-3310eeed4e21', 'SBT', 'FPM', NULL),
	('da1b8e66-30bd-4fad-ad6e-3310eeed4e21', 'SBT', 'LTW', NULL),
	('622c8a0a-5af9-462a-a92a-2aac33388eba', 'EVAL', 'KNO', 3),
	('622c8a0a-5af9-462a-a92a-2aac33388eba', 'EVAL', 'FPM', 3),
	('622c8a0a-5af9-462a-a92a-2aac33388eba', 'EVAL', 'FPA', 3),
	('622c8a0a-5af9-462a-a92a-2aac33388eba', 'EVAL', 'PRO', 3),
	('622c8a0a-5af9-462a-a92a-2aac33388eba', 'EVAL', 'WLM', 3),
	('622c8a0a-5af9-462a-a92a-2aac33388eba', 'EVAL', 'SAW', 3),
	('622c8a0a-5af9-462a-a92a-2aac33388eba', 'EVAL', 'PSD', 3),
	('622c8a0a-5af9-462a-a92a-2aac33388eba', 'EVAL', 'COM', 3),
	('622c8a0a-5af9-462a-a92a-2aac33388eba', 'EVAL', 'LTW', 3),
	('622c8a0a-5af9-462a-a92a-2aac33388eba', 'MV', 'FPM', NULL),
	('622c8a0a-5af9-462a-a92a-2aac33388eba', 'MV', 'KNO', NULL),
	('622c8a0a-5af9-462a-a92a-2aac33388eba', 'SBT', 'FPM', NULL),
	('622c8a0a-5af9-462a-a92a-2aac33388eba', 'SBT', 'KNO', NULL),
	('622c8a0a-5af9-462a-a92a-2aac33388eba', 'SBT', 'COM', NULL),
	('35236318-5ef5-4876-8528-3c30e1423a36', 'EVAL', 'KNO', 3),
	('35236318-5ef5-4876-8528-3c30e1423a36', 'EVAL', 'FPM', 2),
	('35236318-5ef5-4876-8528-3c30e1423a36', 'EVAL', 'FPA', 3),
	('35236318-5ef5-4876-8528-3c30e1423a36', 'EVAL', 'PRO', 3),
	('35236318-5ef5-4876-8528-3c30e1423a36', 'EVAL', 'WLM', 3),
	('35236318-5ef5-4876-8528-3c30e1423a36', 'EVAL', 'SAW', 3),
	('35236318-5ef5-4876-8528-3c30e1423a36', 'EVAL', 'PSD', 3),
	('35236318-5ef5-4876-8528-3c30e1423a36', 'EVAL', 'COM', 3),
	('35236318-5ef5-4876-8528-3c30e1423a36', 'EVAL', 'LTW', 3),
	('35236318-5ef5-4876-8528-3c30e1423a36', 'MV', 'FPM', NULL),
	('35236318-5ef5-4876-8528-3c30e1423a36', 'SBT', 'FPM', NULL),
	('35236318-5ef5-4876-8528-3c30e1423a36', 'SBT', 'WLM', NULL),
	('e0606be7-e195-4f8e-a386-9b9336a701b2', 'EVAL', 'KNO', 3),
	('e0606be7-e195-4f8e-a386-9b9336a701b2', 'EVAL', 'FPM', 3),
	('e0606be7-e195-4f8e-a386-9b9336a701b2', 'EVAL', 'FPA', 3),
	('e0606be7-e195-4f8e-a386-9b9336a701b2', 'EVAL', 'PRO', 3),
	('e0606be7-e195-4f8e-a386-9b9336a701b2', 'EVAL', 'WLM', 3),
	('e0606be7-e195-4f8e-a386-9b9336a701b2', 'EVAL', 'SAW', 3),
	('e0606be7-e195-4f8e-a386-9b9336a701b2', 'EVAL', 'PSD', 3),
	('e0606be7-e195-4f8e-a386-9b9336a701b2', 'EVAL', 'COM', 3),
	('e0606be7-e195-4f8e-a386-9b9336a701b2', 'EVAL', 'LTW', 3),
	('e0606be7-e195-4f8e-a386-9b9336a701b2', 'MV', 'FPM', NULL),
	('e0606be7-e195-4f8e-a386-9b9336a701b2', 'MV', 'SAW', NULL),
	('e0606be7-e195-4f8e-a386-9b9336a701b2', 'SBT', 'FPM', NULL),
	('e0606be7-e195-4f8e-a386-9b9336a701b2', 'SBT', 'SAW', NULL),
	('3b93d7cc-ee5d-4c78-a198-85e76ff64967', 'EVAL', 'KNO', 3),
	('3b93d7cc-ee5d-4c78-a198-85e76ff64967', 'EVAL', 'FPM', 3),
	('3b93d7cc-ee5d-4c78-a198-85e76ff64967', 'EVAL', 'FPA', 3),
	('3b93d7cc-ee5d-4c78-a198-85e76ff64967', 'EVAL', 'PRO', 2),
	('3b93d7cc-ee5d-4c78-a198-85e76ff64967', 'EVAL', 'WLM', NULL),
	('3b93d7cc-ee5d-4c78-a198-85e76ff64967', 'EVAL', 'SAW', 3),
	('3b93d7cc-ee5d-4c78-a198-85e76ff64967', 'EVAL', 'PSD', NULL),
	('3b93d7cc-ee5d-4c78-a198-85e76ff64967', 'EVAL', 'COM', 3),
	('3b93d7cc-ee5d-4c78-a198-85e76ff64967', 'EVAL', 'LTW', NULL),
	('3b93d7cc-ee5d-4c78-a198-85e76ff64967', 'MV', 'FPM', NULL),
	('3b93d7cc-ee5d-4c78-a198-85e76ff64967', 'MV', 'SAW', NULL),
	('3b93d7cc-ee5d-4c78-a198-85e76ff64967', 'SBT', 'FPM', NULL),
	('3b93d7cc-ee5d-4c78-a198-85e76ff64967', 'SBT', 'SAW', NULL),
	('26c871f6-889b-42e1-a2af-ce0a26d21a19', 'EVAL', 'KNO', 3),
	('26c871f6-889b-42e1-a2af-ce0a26d21a19', 'EVAL', 'FPM', 3),
	('26c871f6-889b-42e1-a2af-ce0a26d21a19', 'EVAL', 'FPA', 3),
	('26c871f6-889b-42e1-a2af-ce0a26d21a19', 'EVAL', 'PRO', 3),
	('26c871f6-889b-42e1-a2af-ce0a26d21a19', 'EVAL', 'WLM', 2),
	('26c871f6-889b-42e1-a2af-ce0a26d21a19', 'EVAL', 'SAW', 3),
	('26c871f6-889b-42e1-a2af-ce0a26d21a19', 'EVAL', 'PSD', 3),
	('26c871f6-889b-42e1-a2af-ce0a26d21a19', 'EVAL', 'COM', 3),
	('26c871f6-889b-42e1-a2af-ce0a26d21a19', 'EVAL', 'LTW', 3),
	('26c871f6-889b-42e1-a2af-ce0a26d21a19', 'MV', 'FPM', NULL),
	('26c871f6-889b-42e1-a2af-ce0a26d21a19', 'MV', 'SAW', NULL),
	('26c871f6-889b-42e1-a2af-ce0a26d21a19', 'SBT', 'PRO', NULL),
	('26c871f6-889b-42e1-a2af-ce0a26d21a19', 'SBT', 'FPA', NULL),
	('26c871f6-889b-42e1-a2af-ce0a26d21a19', 'SBT', 'COM', NULL),
	('f2b87ece-f4df-4ee3-b129-cef0a450ca1d', 'EVAL', 'KNO', 3),
	('f2b87ece-f4df-4ee3-b129-cef0a450ca1d', 'EVAL', 'FPM', 3),
	('f2b87ece-f4df-4ee3-b129-cef0a450ca1d', 'EVAL', 'FPA', 3),
	('f2b87ece-f4df-4ee3-b129-cef0a450ca1d', 'EVAL', 'PRO', 3),
	('f2b87ece-f4df-4ee3-b129-cef0a450ca1d', 'EVAL', 'WLM', 3),
	('f2b87ece-f4df-4ee3-b129-cef0a450ca1d', 'EVAL', 'SAW', 3),
	('f2b87ece-f4df-4ee3-b129-cef0a450ca1d', 'EVAL', 'PSD', 3),
	('f2b87ece-f4df-4ee3-b129-cef0a450ca1d', 'EVAL', 'COM', 3),
	('f2b87ece-f4df-4ee3-b129-cef0a450ca1d', 'EVAL', 'LTW', 3),
	('f2b87ece-f4df-4ee3-b129-cef0a450ca1d', 'MV', 'FPM', NULL),
	('f2b87ece-f4df-4ee3-b129-cef0a450ca1d', 'MV', 'LTW', NULL),
	('f2b87ece-f4df-4ee3-b129-cef0a450ca1d', 'MV', 'PSD', NULL),
	('f2b87ece-f4df-4ee3-b129-cef0a450ca1d', 'SBT', 'SAW', NULL),
	('f2b87ece-f4df-4ee3-b129-cef0a450ca1d', 'SBT', 'LTW', NULL),
	('2cfa04f2-358e-4a83-9e8e-e43dbbee1600', 'EVAL', 'KNO', 3),
	('2cfa04f2-358e-4a83-9e8e-e43dbbee1600', 'EVAL', 'FPM', 3),
	('2cfa04f2-358e-4a83-9e8e-e43dbbee1600', 'EVAL', 'FPA', 3),
	('2cfa04f2-358e-4a83-9e8e-e43dbbee1600', 'EVAL', 'PRO', 3),
	('2cfa04f2-358e-4a83-9e8e-e43dbbee1600', 'EVAL', 'WLM', 3),
	('2cfa04f2-358e-4a83-9e8e-e43dbbee1600', 'EVAL', 'SAW', 3),
	('2cfa04f2-358e-4a83-9e8e-e43dbbee1600', 'EVAL', 'PSD', 3),
	('2cfa04f2-358e-4a83-9e8e-e43dbbee1600', 'EVAL', 'COM', 4),
	('2cfa04f2-358e-4a83-9e8e-e43dbbee1600', 'EVAL', 'LTW', 4),
	('2cfa04f2-358e-4a83-9e8e-e43dbbee1600', 'MV', 'FPM', NULL),
	('2cfa04f2-358e-4a83-9e8e-e43dbbee1600', 'MV', 'COM', NULL),
	('2cfa04f2-358e-4a83-9e8e-e43dbbee1600', 'SBT', 'COM', NULL),
	('2cfa04f2-358e-4a83-9e8e-e43dbbee1600', 'SBT', 'PRO', NULL),
	('f14c5456-6408-4911-8a9d-7cfbe48cca56', 'EVAL', 'KNO', 3),
	('f14c5456-6408-4911-8a9d-7cfbe48cca56', 'EVAL', 'FPM', 3),
	('f14c5456-6408-4911-8a9d-7cfbe48cca56', 'EVAL', 'FPA', 3),
	('f14c5456-6408-4911-8a9d-7cfbe48cca56', 'EVAL', 'PRO', 3),
	('f14c5456-6408-4911-8a9d-7cfbe48cca56', 'EVAL', 'WLM', 3),
	('f14c5456-6408-4911-8a9d-7cfbe48cca56', 'EVAL', 'SAW', 3),
	('f14c5456-6408-4911-8a9d-7cfbe48cca56', 'EVAL', 'PSD', 3),
	('f14c5456-6408-4911-8a9d-7cfbe48cca56', 'EVAL', 'COM', 3),
	('f14c5456-6408-4911-8a9d-7cfbe48cca56', 'EVAL', 'LTW', 3),
	('f14c5456-6408-4911-8a9d-7cfbe48cca56', 'MV', 'COM', NULL),
	('f14c5456-6408-4911-8a9d-7cfbe48cca56', 'MV', 'LTW', NULL),
	('f14c5456-6408-4911-8a9d-7cfbe48cca56', 'SBT', 'COM', NULL),
	('f14c5456-6408-4911-8a9d-7cfbe48cca56', 'SBT', 'PRO', NULL),
	('198811df-5cde-431a-9f79-37c4930b4be1', 'EVAL', 'KNO', 3),
	('198811df-5cde-431a-9f79-37c4930b4be1', 'EVAL', 'FPM', 3),
	('198811df-5cde-431a-9f79-37c4930b4be1', 'EVAL', 'FPA', 3),
	('198811df-5cde-431a-9f79-37c4930b4be1', 'EVAL', 'PRO', 3),
	('198811df-5cde-431a-9f79-37c4930b4be1', 'EVAL', 'WLM', 3),
	('198811df-5cde-431a-9f79-37c4930b4be1', 'EVAL', 'SAW', 3),
	('198811df-5cde-431a-9f79-37c4930b4be1', 'EVAL', 'PSD', 3),
	('198811df-5cde-431a-9f79-37c4930b4be1', 'EVAL', 'COM', 3),
	('198811df-5cde-431a-9f79-37c4930b4be1', 'EVAL', 'LTW', 3),
	('198811df-5cde-431a-9f79-37c4930b4be1', 'MV', 'FPM', NULL),
	('198811df-5cde-431a-9f79-37c4930b4be1', 'MV', 'PRO', NULL),
	('198811df-5cde-431a-9f79-37c4930b4be1', 'SBT', 'PRO', NULL),
	('198811df-5cde-431a-9f79-37c4930b4be1', 'SBT', 'FPM', NULL),
	('a7709576-d237-4695-a3d9-e016f566e374', 'EVAL', 'KNO', 3),
	('a7709576-d237-4695-a3d9-e016f566e374', 'EVAL', 'FPM', 3),
	('a7709576-d237-4695-a3d9-e016f566e374', 'EVAL', 'FPA', 3),
	('a7709576-d237-4695-a3d9-e016f566e374', 'EVAL', 'PRO', 3),
	('a7709576-d237-4695-a3d9-e016f566e374', 'EVAL', 'WLM', 3),
	('a7709576-d237-4695-a3d9-e016f566e374', 'EVAL', 'SAW', 3),
	('a7709576-d237-4695-a3d9-e016f566e374', 'EVAL', 'PSD', 3),
	('a7709576-d237-4695-a3d9-e016f566e374', 'EVAL', 'COM', 3),
	('a7709576-d237-4695-a3d9-e016f566e374', 'EVAL', 'LTW', 3),
	('a7709576-d237-4695-a3d9-e016f566e374', 'MV', 'FPM', NULL),
	('a7709576-d237-4695-a3d9-e016f566e374', 'MV', 'PRO', NULL),
	('a7709576-d237-4695-a3d9-e016f566e374', 'MV', 'FPA', NULL),
	('a7709576-d237-4695-a3d9-e016f566e374', 'SBT', 'FPM', NULL),
	('a7709576-d237-4695-a3d9-e016f566e374', 'SBT', 'PRO', NULL),
	('009f65ed-dcb2-4b4b-a74e-16622b8a9917', 'EVAL', 'KNO', 3),
	('009f65ed-dcb2-4b4b-a74e-16622b8a9917', 'EVAL', 'FPM', 3),
	('009f65ed-dcb2-4b4b-a74e-16622b8a9917', 'EVAL', 'FPA', 3),
	('009f65ed-dcb2-4b4b-a74e-16622b8a9917', 'EVAL', 'PRO', 3),
	('009f65ed-dcb2-4b4b-a74e-16622b8a9917', 'EVAL', 'WLM', 3),
	('009f65ed-dcb2-4b4b-a74e-16622b8a9917', 'EVAL', 'SAW', 3),
	('009f65ed-dcb2-4b4b-a74e-16622b8a9917', 'EVAL', 'PSD', 3),
	('009f65ed-dcb2-4b4b-a74e-16622b8a9917', 'EVAL', 'COM', 3),
	('009f65ed-dcb2-4b4b-a74e-16622b8a9917', 'EVAL', 'LTW', 3),
	('009f65ed-dcb2-4b4b-a74e-16622b8a9917', 'MV', 'FPA', NULL),
	('009f65ed-dcb2-4b4b-a74e-16622b8a9917', 'SBT', 'WLM', NULL),
	('009f65ed-dcb2-4b4b-a74e-16622b8a9917', 'SBT', 'LTW', NULL),
	('009f65ed-dcb2-4b4b-a74e-16622b8a9917', 'SBT', 'PRO', NULL),
	('48ef0dba-652b-42b2-adaa-1ded63b333e7', 'EVAL', 'KNO', 3),
	('48ef0dba-652b-42b2-adaa-1ded63b333e7', 'EVAL', 'FPM', 2),
	('48ef0dba-652b-42b2-adaa-1ded63b333e7', 'EVAL', 'FPA', 3),
	('48ef0dba-652b-42b2-adaa-1ded63b333e7', 'EVAL', 'PRO', 3),
	('48ef0dba-652b-42b2-adaa-1ded63b333e7', 'EVAL', 'WLM', 3),
	('48ef0dba-652b-42b2-adaa-1ded63b333e7', 'EVAL', 'SAW', 2),
	('48ef0dba-652b-42b2-adaa-1ded63b333e7', 'EVAL', 'PSD', 3),
	('48ef0dba-652b-42b2-adaa-1ded63b333e7', 'EVAL', 'COM', 3),
	('48ef0dba-652b-42b2-adaa-1ded63b333e7', 'EVAL', 'LTW', 3),
	('48ef0dba-652b-42b2-adaa-1ded63b333e7', 'MV', 'FPM', NULL),
	('48ef0dba-652b-42b2-adaa-1ded63b333e7', 'MV', 'SAW', NULL),
	('48ef0dba-652b-42b2-adaa-1ded63b333e7', 'SBT', 'FPM', NULL),
	('48ef0dba-652b-42b2-adaa-1ded63b333e7', 'SBT', 'PRO', NULL),
	('48ef0dba-652b-42b2-adaa-1ded63b333e7', 'SBT', 'SAW', NULL),
	('4fd0f9e9-9e41-4dda-87ad-817d85f09159', 'EVAL', 'KNO', 3),
	('4fd0f9e9-9e41-4dda-87ad-817d85f09159', 'EVAL', 'FPM', 3),
	('4fd0f9e9-9e41-4dda-87ad-817d85f09159', 'EVAL', 'FPA', 3),
	('4fd0f9e9-9e41-4dda-87ad-817d85f09159', 'EVAL', 'PRO', 3),
	('4fd0f9e9-9e41-4dda-87ad-817d85f09159', 'EVAL', 'WLM', 3),
	('4fd0f9e9-9e41-4dda-87ad-817d85f09159', 'EVAL', 'SAW', 3),
	('4fd0f9e9-9e41-4dda-87ad-817d85f09159', 'EVAL', 'PSD', 3),
	('4fd0f9e9-9e41-4dda-87ad-817d85f09159', 'EVAL', 'COM', 3),
	('4fd0f9e9-9e41-4dda-87ad-817d85f09159', 'EVAL', 'LTW', 3),
	('4fd0f9e9-9e41-4dda-87ad-817d85f09159', 'MV', 'FPM', NULL),
	('4fd0f9e9-9e41-4dda-87ad-817d85f09159', 'MV', 'KNO', NULL),
	('4fd0f9e9-9e41-4dda-87ad-817d85f09159', 'MV', 'WLM', NULL),
	('4fd0f9e9-9e41-4dda-87ad-817d85f09159', 'SBT', 'FPA', NULL),
	('4fd0f9e9-9e41-4dda-87ad-817d85f09159', 'SBT', 'SAW', NULL),
	('9cbe3306-56ed-4081-89ee-fcae43f880c4', 'EVAL', 'KNO', 3),
	('9cbe3306-56ed-4081-89ee-fcae43f880c4', 'EVAL', 'FPM', NULL),
	('9cbe3306-56ed-4081-89ee-fcae43f880c4', 'EVAL', 'FPA', NULL),
	('9cbe3306-56ed-4081-89ee-fcae43f880c4', 'EVAL', 'PRO', 3),
	('9cbe3306-56ed-4081-89ee-fcae43f880c4', 'EVAL', 'WLM', 3),
	('9cbe3306-56ed-4081-89ee-fcae43f880c4', 'EVAL', 'SAW', NULL),
	('9cbe3306-56ed-4081-89ee-fcae43f880c4', 'EVAL', 'PSD', NULL),
	('9cbe3306-56ed-4081-89ee-fcae43f880c4', 'EVAL', 'COM', NULL),
	('9cbe3306-56ed-4081-89ee-fcae43f880c4', 'EVAL', 'LTW', NULL),
	('9cbe3306-56ed-4081-89ee-fcae43f880c4', 'MV', 'FPA', NULL),
	('9cbe3306-56ed-4081-89ee-fcae43f880c4', 'MV', 'PRO', NULL),
	('9cbe3306-56ed-4081-89ee-fcae43f880c4', 'MV', 'WLM', NULL),
	('9cbe3306-56ed-4081-89ee-fcae43f880c4', 'MV', 'FPM', NULL),
	('9cbe3306-56ed-4081-89ee-fcae43f880c4', 'SBT', 'PRO', NULL),
	('9cbe3306-56ed-4081-89ee-fcae43f880c4', 'SBT', 'KNO', NULL),
	('9cbe3306-56ed-4081-89ee-fcae43f880c4', 'SBT', 'WLM', NULL),
	('b5779034-0439-4cad-af18-99fe3958eeff', 'EVAL', 'KNO', 3),
	('b5779034-0439-4cad-af18-99fe3958eeff', 'EVAL', 'FPM', NULL),
	('b5779034-0439-4cad-af18-99fe3958eeff', 'EVAL', 'FPA', NULL),
	('b5779034-0439-4cad-af18-99fe3958eeff', 'EVAL', 'PRO', 3),
	('b5779034-0439-4cad-af18-99fe3958eeff', 'EVAL', 'WLM', 3),
	('b5779034-0439-4cad-af18-99fe3958eeff', 'EVAL', 'SAW', NULL),
	('b5779034-0439-4cad-af18-99fe3958eeff', 'EVAL', 'PSD', NULL),
	('b5779034-0439-4cad-af18-99fe3958eeff', 'EVAL', 'COM', NULL),
	('b5779034-0439-4cad-af18-99fe3958eeff', 'EVAL', 'LTW', NULL),
	('b5779034-0439-4cad-af18-99fe3958eeff', 'MV', 'PRO', NULL),
	('b5779034-0439-4cad-af18-99fe3958eeff', 'MV', 'FPM', NULL),
	('b5779034-0439-4cad-af18-99fe3958eeff', 'MV', 'FPA', NULL),
	('b5779034-0439-4cad-af18-99fe3958eeff', 'MV', 'SAW', NULL),
	('b5779034-0439-4cad-af18-99fe3958eeff', 'SBT', 'PRO', NULL),
	('b5779034-0439-4cad-af18-99fe3958eeff', 'SBT', 'FPA', NULL),
	('b5779034-0439-4cad-af18-99fe3958eeff', 'SBT', 'FPM', NULL),
	('801902b7-19a3-457a-9b7e-a0b353ade7ef', 'EVAL', 'KNO', 3),
	('801902b7-19a3-457a-9b7e-a0b353ade7ef', 'EVAL', 'FPM', 3),
	('801902b7-19a3-457a-9b7e-a0b353ade7ef', 'EVAL', 'FPA', 3),
	('801902b7-19a3-457a-9b7e-a0b353ade7ef', 'EVAL', 'PRO', 3),
	('801902b7-19a3-457a-9b7e-a0b353ade7ef', 'EVAL', 'WLM', 3),
	('801902b7-19a3-457a-9b7e-a0b353ade7ef', 'EVAL', 'SAW', 3),
	('801902b7-19a3-457a-9b7e-a0b353ade7ef', 'EVAL', 'PSD', 3),
	('801902b7-19a3-457a-9b7e-a0b353ade7ef', 'EVAL', 'COM', 3),
	('801902b7-19a3-457a-9b7e-a0b353ade7ef', 'EVAL', 'LTW', 3),
	('801902b7-19a3-457a-9b7e-a0b353ade7ef', 'MV', 'KNO', NULL),
	('801902b7-19a3-457a-9b7e-a0b353ade7ef', 'MV', 'PRO', NULL),
	('801902b7-19a3-457a-9b7e-a0b353ade7ef', 'MV', 'WLM', NULL),
	('801902b7-19a3-457a-9b7e-a0b353ade7ef', 'SBT', 'FPA', NULL),
	('801902b7-19a3-457a-9b7e-a0b353ade7ef', 'SBT', 'WLM', NULL),
	('801902b7-19a3-457a-9b7e-a0b353ade7ef', 'SBT', 'SAW', NULL),
	('0192333b-c797-4707-bf26-7a2d84d745cd', 'EVAL', 'KNO', 3),
	('0192333b-c797-4707-bf26-7a2d84d745cd', 'EVAL', 'FPM', 3),
	('0192333b-c797-4707-bf26-7a2d84d745cd', 'EVAL', 'FPA', 3),
	('0192333b-c797-4707-bf26-7a2d84d745cd', 'EVAL', 'PRO', 3),
	('0192333b-c797-4707-bf26-7a2d84d745cd', 'EVAL', 'WLM', 3),
	('0192333b-c797-4707-bf26-7a2d84d745cd', 'EVAL', 'SAW', 3),
	('0192333b-c797-4707-bf26-7a2d84d745cd', 'EVAL', 'PSD', 3),
	('0192333b-c797-4707-bf26-7a2d84d745cd', 'EVAL', 'COM', 3),
	('0192333b-c797-4707-bf26-7a2d84d745cd', 'EVAL', 'LTW', 3),
	('0192333b-c797-4707-bf26-7a2d84d745cd', 'MV', 'FPM', NULL),
	('0192333b-c797-4707-bf26-7a2d84d745cd', 'MV', 'WLM', NULL),
	('0192333b-c797-4707-bf26-7a2d84d745cd', 'SBT', 'FPA', NULL),
	('0192333b-c797-4707-bf26-7a2d84d745cd', 'SBT', 'SAW', NULL),
	('0192333b-c797-4707-bf26-7a2d84d745cd', 'SBT', 'PRO', NULL),
	('305a5c4f-1d72-48d5-8a4b-2e707ff7e993', 'EVAL', 'KNO', 3),
	('305a5c4f-1d72-48d5-8a4b-2e707ff7e993', 'EVAL', 'FPM', 2),
	('305a5c4f-1d72-48d5-8a4b-2e707ff7e993', 'EVAL', 'FPA', 3),
	('305a5c4f-1d72-48d5-8a4b-2e707ff7e993', 'EVAL', 'PRO', 3),
	('305a5c4f-1d72-48d5-8a4b-2e707ff7e993', 'EVAL', 'WLM', 3),
	('305a5c4f-1d72-48d5-8a4b-2e707ff7e993', 'EVAL', 'SAW', 3),
	('305a5c4f-1d72-48d5-8a4b-2e707ff7e993', 'EVAL', 'PSD', 3),
	('305a5c4f-1d72-48d5-8a4b-2e707ff7e993', 'EVAL', 'COM', 3),
	('305a5c4f-1d72-48d5-8a4b-2e707ff7e993', 'EVAL', 'LTW', 3),
	('305a5c4f-1d72-48d5-8a4b-2e707ff7e993', 'MV', 'KNO', NULL),
	('305a5c4f-1d72-48d5-8a4b-2e707ff7e993', 'MV', 'WLM', NULL),
	('305a5c4f-1d72-48d5-8a4b-2e707ff7e993', 'SBT', 'FPA', NULL),
	('305a5c4f-1d72-48d5-8a4b-2e707ff7e993', 'SBT', 'WLM', NULL),
	('305a5c4f-1d72-48d5-8a4b-2e707ff7e993', 'SBT', 'COM', NULL),
	('11f87e7b-301f-438a-a800-82b03287c9fc', 'EVAL', 'KNO', 2),
	('11f87e7b-301f-438a-a800-82b03287c9fc', 'EVAL', 'FPM', 3),
	('11f87e7b-301f-438a-a800-82b03287c9fc', 'EVAL', 'FPA', 3),
	('11f87e7b-301f-438a-a800-82b03287c9fc', 'EVAL', 'PRO', 2),
	('11f87e7b-301f-438a-a800-82b03287c9fc', 'EVAL', 'WLM', 2),
	('11f87e7b-301f-438a-a800-82b03287c9fc', 'EVAL', 'SAW', 3),
	('11f87e7b-301f-438a-a800-82b03287c9fc', 'EVAL', 'PSD', 3),
	('11f87e7b-301f-438a-a800-82b03287c9fc', 'EVAL', 'COM', 3),
	('11f87e7b-301f-438a-a800-82b03287c9fc', 'EVAL', 'LTW', 3),
	('11f87e7b-301f-438a-a800-82b03287c9fc', 'MV', 'FPM', NULL),
	('11f87e7b-301f-438a-a800-82b03287c9fc', 'SBT', 'FPA', NULL),
	('11f87e7b-301f-438a-a800-82b03287c9fc', 'SBT', 'COM', NULL),
	('11f87e7b-301f-438a-a800-82b03287c9fc', 'SBT', 'WLM', NULL),
	('8c2d3137-efe7-451f-9f8a-e0b8eba3fff0', 'EVAL', 'KNO', 3),
	('8c2d3137-efe7-451f-9f8a-e0b8eba3fff0', 'EVAL', 'FPM', NULL),
	('8c2d3137-efe7-451f-9f8a-e0b8eba3fff0', 'EVAL', 'FPA', NULL),
	('8c2d3137-efe7-451f-9f8a-e0b8eba3fff0', 'EVAL', 'PRO', 3),
	('8c2d3137-efe7-451f-9f8a-e0b8eba3fff0', 'EVAL', 'WLM', 3),
	('8c2d3137-efe7-451f-9f8a-e0b8eba3fff0', 'EVAL', 'SAW', NULL),
	('8c2d3137-efe7-451f-9f8a-e0b8eba3fff0', 'EVAL', 'PSD', NULL),
	('8c2d3137-efe7-451f-9f8a-e0b8eba3fff0', 'EVAL', 'COM', NULL),
	('8c2d3137-efe7-451f-9f8a-e0b8eba3fff0', 'EVAL', 'LTW', NULL),
	('8c2d3137-efe7-451f-9f8a-e0b8eba3fff0', 'MV', 'FPM', NULL),
	('8c2d3137-efe7-451f-9f8a-e0b8eba3fff0', 'MV', 'FPA', NULL),
	('8c2d3137-efe7-451f-9f8a-e0b8eba3fff0', 'SBT', 'KNO', NULL),
	('8c2d3137-efe7-451f-9f8a-e0b8eba3fff0', 'SBT', 'PRO', NULL),
	('da40917e-eecf-446b-aa06-ebb70044c8a6', 'EVAL', 'KNO', 3),
	('da40917e-eecf-446b-aa06-ebb70044c8a6', 'EVAL', 'FPM', NULL),
	('da40917e-eecf-446b-aa06-ebb70044c8a6', 'EVAL', 'FPA', NULL),
	('da40917e-eecf-446b-aa06-ebb70044c8a6', 'EVAL', 'PRO', 3),
	('da40917e-eecf-446b-aa06-ebb70044c8a6', 'EVAL', 'WLM', 3),
	('da40917e-eecf-446b-aa06-ebb70044c8a6', 'EVAL', 'SAW', NULL),
	('da40917e-eecf-446b-aa06-ebb70044c8a6', 'EVAL', 'PSD', NULL),
	('da40917e-eecf-446b-aa06-ebb70044c8a6', 'EVAL', 'COM', NULL),
	('da40917e-eecf-446b-aa06-ebb70044c8a6', 'EVAL', 'LTW', NULL),
	('da40917e-eecf-446b-aa06-ebb70044c8a6', 'MV', 'FPM', NULL),
	('da40917e-eecf-446b-aa06-ebb70044c8a6', 'MV', 'FPA', NULL),
	('da40917e-eecf-446b-aa06-ebb70044c8a6', 'SBT', 'KNO', NULL),
	('da40917e-eecf-446b-aa06-ebb70044c8a6', 'SBT', 'PRO', NULL),
	('ea3af0f5-dbc5-42c8-ae81-3c6f34232ab0', 'EVAL', 'KNO', 4),
	('ea3af0f5-dbc5-42c8-ae81-3c6f34232ab0', 'EVAL', 'FPM', 4),
	('ea3af0f5-dbc5-42c8-ae81-3c6f34232ab0', 'EVAL', 'FPA', 4),
	('ea3af0f5-dbc5-42c8-ae81-3c6f34232ab0', 'EVAL', 'PRO', 4),
	('ea3af0f5-dbc5-42c8-ae81-3c6f34232ab0', 'EVAL', 'WLM', 4),
	('ea3af0f5-dbc5-42c8-ae81-3c6f34232ab0', 'EVAL', 'SAW', 4),
	('ea3af0f5-dbc5-42c8-ae81-3c6f34232ab0', 'EVAL', 'PSD', 4),
	('ea3af0f5-dbc5-42c8-ae81-3c6f34232ab0', 'EVAL', 'COM', 4),
	('ea3af0f5-dbc5-42c8-ae81-3c6f34232ab0', 'EVAL', 'LTW', 4),
	('ea3af0f5-dbc5-42c8-ae81-3c6f34232ab0', 'MV', 'FPM', NULL),
	('ea3af0f5-dbc5-42c8-ae81-3c6f34232ab0', 'MV', 'WLM', NULL),
	('ea3af0f5-dbc5-42c8-ae81-3c6f34232ab0', 'MV', 'LTW', NULL),
	('ea3af0f5-dbc5-42c8-ae81-3c6f34232ab0', 'SBT', 'KNO', NULL),
	('ea3af0f5-dbc5-42c8-ae81-3c6f34232ab0', 'SBT', 'LTW', NULL),
	('395806a2-dfb5-4aa9-b5f9-398bedb53caa', 'EVAL', 'KNO', 2),
	('395806a2-dfb5-4aa9-b5f9-398bedb53caa', 'EVAL', 'FPM', 2),
	('395806a2-dfb5-4aa9-b5f9-398bedb53caa', 'EVAL', 'FPA', 3),
	('395806a2-dfb5-4aa9-b5f9-398bedb53caa', 'EVAL', 'PRO', 3),
	('395806a2-dfb5-4aa9-b5f9-398bedb53caa', 'EVAL', 'WLM', 3),
	('395806a2-dfb5-4aa9-b5f9-398bedb53caa', 'EVAL', 'SAW', 3),
	('395806a2-dfb5-4aa9-b5f9-398bedb53caa', 'EVAL', 'PSD', 3),
	('395806a2-dfb5-4aa9-b5f9-398bedb53caa', 'EVAL', 'COM', 3),
	('395806a2-dfb5-4aa9-b5f9-398bedb53caa', 'EVAL', 'LTW', NULL),
	('395806a2-dfb5-4aa9-b5f9-398bedb53caa', 'MV', 'FPA', NULL),
	('395806a2-dfb5-4aa9-b5f9-398bedb53caa', 'MV', 'SAW', NULL),
	('395806a2-dfb5-4aa9-b5f9-398bedb53caa', 'SBT', 'FPM', NULL),
	('395806a2-dfb5-4aa9-b5f9-398bedb53caa', 'SBT', 'FPA', NULL),
	('395806a2-dfb5-4aa9-b5f9-398bedb53caa', 'SBT', 'PRO', NULL),
	('dcaddb87-3171-4580-8b15-1370f42452f3', 'EVAL', 'KNO', 3),
	('dcaddb87-3171-4580-8b15-1370f42452f3', 'EVAL', 'FPM', 3),
	('dcaddb87-3171-4580-8b15-1370f42452f3', 'EVAL', 'FPA', 4),
	('dcaddb87-3171-4580-8b15-1370f42452f3', 'EVAL', 'PRO', 3),
	('dcaddb87-3171-4580-8b15-1370f42452f3', 'EVAL', 'WLM', 3),
	('dcaddb87-3171-4580-8b15-1370f42452f3', 'EVAL', 'SAW', 4),
	('dcaddb87-3171-4580-8b15-1370f42452f3', 'EVAL', 'PSD', 3),
	('dcaddb87-3171-4580-8b15-1370f42452f3', 'EVAL', 'COM', 4),
	('dcaddb87-3171-4580-8b15-1370f42452f3', 'EVAL', 'LTW', 3),
	('dcaddb87-3171-4580-8b15-1370f42452f3', 'MV', 'KNO', NULL),
	('dcaddb87-3171-4580-8b15-1370f42452f3', 'MV', 'PRO', NULL),
	('dcaddb87-3171-4580-8b15-1370f42452f3', 'MV', 'WLM', NULL),
	('dcaddb87-3171-4580-8b15-1370f42452f3', 'SBT', 'PRO', NULL),
	('dcaddb87-3171-4580-8b15-1370f42452f3', 'SBT', 'SAW', NULL),
	('dcaddb87-3171-4580-8b15-1370f42452f3', 'SBT', 'WLM', NULL),
	('c10beba3-f34a-45eb-9f34-004beedf88a6', 'EVAL', 'KNO', 3),
	('c10beba3-f34a-45eb-9f34-004beedf88a6', 'EVAL', 'FPM', 4),
	('c10beba3-f34a-45eb-9f34-004beedf88a6', 'EVAL', 'FPA', 3),
	('c10beba3-f34a-45eb-9f34-004beedf88a6', 'EVAL', 'PRO', 3),
	('c10beba3-f34a-45eb-9f34-004beedf88a6', 'EVAL', 'WLM', 3),
	('c10beba3-f34a-45eb-9f34-004beedf88a6', 'EVAL', 'SAW', 3),
	('c10beba3-f34a-45eb-9f34-004beedf88a6', 'EVAL', 'PSD', 3),
	('c10beba3-f34a-45eb-9f34-004beedf88a6', 'EVAL', 'COM', 3),
	('c10beba3-f34a-45eb-9f34-004beedf88a6', 'EVAL', 'LTW', 3),
	('c10beba3-f34a-45eb-9f34-004beedf88a6', 'MV', 'FPM', NULL),
	('c10beba3-f34a-45eb-9f34-004beedf88a6', 'MV', 'WLM', NULL),
	('c10beba3-f34a-45eb-9f34-004beedf88a6', 'SBT', 'PRO', NULL),
	('c10beba3-f34a-45eb-9f34-004beedf88a6', 'SBT', 'FPA', NULL),
	('c10beba3-f34a-45eb-9f34-004beedf88a6', 'SBT', 'WLM', NULL),
	('8b8f0663-7bb2-43c1-a386-00ad3bbd3b08', 'EVAL', 'KNO', 4),
	('8b8f0663-7bb2-43c1-a386-00ad3bbd3b08', 'EVAL', 'FPM', 4),
	('8b8f0663-7bb2-43c1-a386-00ad3bbd3b08', 'EVAL', 'FPA', 4),
	('8b8f0663-7bb2-43c1-a386-00ad3bbd3b08', 'EVAL', 'PRO', 4),
	('8b8f0663-7bb2-43c1-a386-00ad3bbd3b08', 'EVAL', 'WLM', 4),
	('8b8f0663-7bb2-43c1-a386-00ad3bbd3b08', 'EVAL', 'SAW', 4),
	('8b8f0663-7bb2-43c1-a386-00ad3bbd3b08', 'EVAL', 'PSD', 4),
	('8b8f0663-7bb2-43c1-a386-00ad3bbd3b08', 'EVAL', 'COM', 4),
	('8b8f0663-7bb2-43c1-a386-00ad3bbd3b08', 'EVAL', 'LTW', 4),
	('8b8f0663-7bb2-43c1-a386-00ad3bbd3b08', 'MV', 'FPM', NULL),
	('8b8f0663-7bb2-43c1-a386-00ad3bbd3b08', 'MV', 'SAW', NULL),
	('8b8f0663-7bb2-43c1-a386-00ad3bbd3b08', 'MV', 'PRO', NULL),
	('8b8f0663-7bb2-43c1-a386-00ad3bbd3b08', 'SBT', 'KNO', NULL),
	('8b8f0663-7bb2-43c1-a386-00ad3bbd3b08', 'SBT', 'LTW', NULL),
	('8b8f0663-7bb2-43c1-a386-00ad3bbd3b08', 'SBT', 'PSD', NULL),
	('e7438119-9780-44d1-ad40-22a26024efce', 'EVAL', 'KNO', 3),
	('e7438119-9780-44d1-ad40-22a26024efce', 'EVAL', 'FPM', 3),
	('e7438119-9780-44d1-ad40-22a26024efce', 'EVAL', 'FPA', 3),
	('e7438119-9780-44d1-ad40-22a26024efce', 'EVAL', 'PRO', 3),
	('e7438119-9780-44d1-ad40-22a26024efce', 'EVAL', 'WLM', 3),
	('e7438119-9780-44d1-ad40-22a26024efce', 'EVAL', 'SAW', 3),
	('e7438119-9780-44d1-ad40-22a26024efce', 'EVAL', 'PSD', 3),
	('e7438119-9780-44d1-ad40-22a26024efce', 'EVAL', 'COM', 3),
	('e7438119-9780-44d1-ad40-22a26024efce', 'EVAL', 'LTW', 3),
	('e7438119-9780-44d1-ad40-22a26024efce', 'MV', 'FPM', NULL),
	('e7438119-9780-44d1-ad40-22a26024efce', 'MV', 'PRO', NULL),
	('e7438119-9780-44d1-ad40-22a26024efce', 'SBT', 'FPA', NULL),
	('e7438119-9780-44d1-ad40-22a26024efce', 'SBT', 'COM', NULL),
	('302d9383-b4f5-4c42-9956-dce849acd5f1', 'EVAL', 'KNO', 3),
	('302d9383-b4f5-4c42-9956-dce849acd5f1', 'EVAL', 'FPM', 4),
	('302d9383-b4f5-4c42-9956-dce849acd5f1', 'EVAL', 'FPA', 3),
	('302d9383-b4f5-4c42-9956-dce849acd5f1', 'EVAL', 'PRO', 3),
	('302d9383-b4f5-4c42-9956-dce849acd5f1', 'EVAL', 'WLM', 3),
	('302d9383-b4f5-4c42-9956-dce849acd5f1', 'EVAL', 'SAW', 3),
	('302d9383-b4f5-4c42-9956-dce849acd5f1', 'EVAL', 'PSD', 3),
	('302d9383-b4f5-4c42-9956-dce849acd5f1', 'EVAL', 'COM', 3),
	('302d9383-b4f5-4c42-9956-dce849acd5f1', 'EVAL', 'LTW', 3),
	('302d9383-b4f5-4c42-9956-dce849acd5f1', 'MV', 'FPM', NULL),
	('302d9383-b4f5-4c42-9956-dce849acd5f1', 'MV', 'SAW', NULL),
	('302d9383-b4f5-4c42-9956-dce849acd5f1', 'SBT', 'FPM', NULL),
	('302d9383-b4f5-4c42-9956-dce849acd5f1', 'SBT', 'WLM', NULL),
	('e53445fa-0dce-43a7-8acd-93517872d24b', 'EVAL', 'KNO', 4),
	('e53445fa-0dce-43a7-8acd-93517872d24b', 'EVAL', 'FPM', 4),
	('e53445fa-0dce-43a7-8acd-93517872d24b', 'EVAL', 'FPA', 4),
	('e53445fa-0dce-43a7-8acd-93517872d24b', 'EVAL', 'PRO', 4),
	('e53445fa-0dce-43a7-8acd-93517872d24b', 'EVAL', 'WLM', 4),
	('e53445fa-0dce-43a7-8acd-93517872d24b', 'EVAL', 'SAW', 4),
	('e53445fa-0dce-43a7-8acd-93517872d24b', 'EVAL', 'PSD', 4),
	('e53445fa-0dce-43a7-8acd-93517872d24b', 'EVAL', 'COM', 4),
	('e53445fa-0dce-43a7-8acd-93517872d24b', 'EVAL', 'LTW', 4),
	('e53445fa-0dce-43a7-8acd-93517872d24b', 'MV', 'FPM', NULL),
	('e53445fa-0dce-43a7-8acd-93517872d24b', 'MV', 'SAW', NULL),
	('e53445fa-0dce-43a7-8acd-93517872d24b', 'MV', 'COM', NULL),
	('e53445fa-0dce-43a7-8acd-93517872d24b', 'SBT', 'WLM', NULL),
	('e53445fa-0dce-43a7-8acd-93517872d24b', 'SBT', 'LTW', NULL),
	('a281f8a3-1a60-459b-85e6-4a9bca9e9b0a', 'EVAL', 'KNO', 3),
	('a281f8a3-1a60-459b-85e6-4a9bca9e9b0a', 'EVAL', 'FPM', 3),
	('a281f8a3-1a60-459b-85e6-4a9bca9e9b0a', 'EVAL', 'FPA', 3),
	('a281f8a3-1a60-459b-85e6-4a9bca9e9b0a', 'EVAL', 'PRO', 3),
	('a281f8a3-1a60-459b-85e6-4a9bca9e9b0a', 'EVAL', 'WLM', 3),
	('a281f8a3-1a60-459b-85e6-4a9bca9e9b0a', 'EVAL', 'SAW', 3),
	('a281f8a3-1a60-459b-85e6-4a9bca9e9b0a', 'EVAL', 'PSD', 3),
	('a281f8a3-1a60-459b-85e6-4a9bca9e9b0a', 'EVAL', 'COM', 3),
	('a281f8a3-1a60-459b-85e6-4a9bca9e9b0a', 'EVAL', 'LTW', 3),
	('a281f8a3-1a60-459b-85e6-4a9bca9e9b0a', 'MV', 'FPM', NULL),
	('a281f8a3-1a60-459b-85e6-4a9bca9e9b0a', 'MV', 'WLM', NULL),
	('a281f8a3-1a60-459b-85e6-4a9bca9e9b0a', 'SBT', 'PRO', NULL),
	('a281f8a3-1a60-459b-85e6-4a9bca9e9b0a', 'SBT', 'WLM', NULL),
	('98557844-2246-4ea9-b3af-30eda0b95675', 'EVAL', 'KNO', 4),
	('98557844-2246-4ea9-b3af-30eda0b95675', 'EVAL', 'FPM', 4),
	('98557844-2246-4ea9-b3af-30eda0b95675', 'EVAL', 'FPA', 4),
	('98557844-2246-4ea9-b3af-30eda0b95675', 'EVAL', 'PRO', 4),
	('98557844-2246-4ea9-b3af-30eda0b95675', 'EVAL', 'WLM', 4),
	('98557844-2246-4ea9-b3af-30eda0b95675', 'EVAL', 'SAW', 4),
	('98557844-2246-4ea9-b3af-30eda0b95675', 'EVAL', 'PSD', 4),
	('98557844-2246-4ea9-b3af-30eda0b95675', 'EVAL', 'COM', 4),
	('98557844-2246-4ea9-b3af-30eda0b95675', 'EVAL', 'LTW', 4),
	('98557844-2246-4ea9-b3af-30eda0b95675', 'MV', 'FPM', NULL),
	('98557844-2246-4ea9-b3af-30eda0b95675', 'MV', 'PRO', NULL),
	('98557844-2246-4ea9-b3af-30eda0b95675', 'SBT', 'FPM', NULL),
	('98557844-2246-4ea9-b3af-30eda0b95675', 'SBT', 'LTW', NULL),
	('98557844-2246-4ea9-b3af-30eda0b95675', 'SBT', 'SAW', NULL),
	('d55bc626-1304-4609-a6fe-a31dbdbe9d43', 'EVAL', 'KNO', 4),
	('d55bc626-1304-4609-a6fe-a31dbdbe9d43', 'EVAL', 'FPM', 4),
	('d55bc626-1304-4609-a6fe-a31dbdbe9d43', 'EVAL', 'FPA', 4),
	('d55bc626-1304-4609-a6fe-a31dbdbe9d43', 'EVAL', 'PRO', 4),
	('d55bc626-1304-4609-a6fe-a31dbdbe9d43', 'EVAL', 'WLM', 4),
	('d55bc626-1304-4609-a6fe-a31dbdbe9d43', 'EVAL', 'SAW', 4),
	('d55bc626-1304-4609-a6fe-a31dbdbe9d43', 'EVAL', 'PSD', 4),
	('d55bc626-1304-4609-a6fe-a31dbdbe9d43', 'EVAL', 'COM', 4),
	('d55bc626-1304-4609-a6fe-a31dbdbe9d43', 'EVAL', 'LTW', 4),
	('d55bc626-1304-4609-a6fe-a31dbdbe9d43', 'MV', 'WLM', NULL),
	('d55bc626-1304-4609-a6fe-a31dbdbe9d43', 'MV', 'FPM', NULL),
	('d55bc626-1304-4609-a6fe-a31dbdbe9d43', 'SBT', 'FPA', NULL),
	('d55bc626-1304-4609-a6fe-a31dbdbe9d43', 'SBT', 'FPM', NULL),
	('702224c0-8efc-43ee-90e4-9dae5a61e10b', 'EVAL', 'KNO', 4),
	('702224c0-8efc-43ee-90e4-9dae5a61e10b', 'EVAL', 'FPM', 3),
	('702224c0-8efc-43ee-90e4-9dae5a61e10b', 'EVAL', 'FPA', 4),
	('702224c0-8efc-43ee-90e4-9dae5a61e10b', 'EVAL', 'PRO', 3),
	('702224c0-8efc-43ee-90e4-9dae5a61e10b', 'EVAL', 'WLM', 4),
	('702224c0-8efc-43ee-90e4-9dae5a61e10b', 'EVAL', 'SAW', 4),
	('702224c0-8efc-43ee-90e4-9dae5a61e10b', 'EVAL', 'PSD', 4),
	('702224c0-8efc-43ee-90e4-9dae5a61e10b', 'EVAL', 'COM', 4),
	('702224c0-8efc-43ee-90e4-9dae5a61e10b', 'EVAL', 'LTW', 4),
	('702224c0-8efc-43ee-90e4-9dae5a61e10b', 'MV', 'PRO', NULL),
	('702224c0-8efc-43ee-90e4-9dae5a61e10b', 'MV', 'WLM', NULL),
	('702224c0-8efc-43ee-90e4-9dae5a61e10b', 'MV', 'SAW', NULL),
	('702224c0-8efc-43ee-90e4-9dae5a61e10b', 'MV', 'FPM', NULL),
	('702224c0-8efc-43ee-90e4-9dae5a61e10b', 'MV', 'FPA', NULL),
	('702224c0-8efc-43ee-90e4-9dae5a61e10b', 'SBT', 'KNO', NULL),
	('702224c0-8efc-43ee-90e4-9dae5a61e10b', 'SBT', 'PRO', NULL),
	('702224c0-8efc-43ee-90e4-9dae5a61e10b', 'SBT', 'WLM', NULL),
	('702224c0-8efc-43ee-90e4-9dae5a61e10b', 'SBT', 'SAW', NULL),
	('702224c0-8efc-43ee-90e4-9dae5a61e10b', 'SBT', 'LTW', NULL),
	('dfd07f04-3c22-421e-8290-0bc7af822b25', 'EVAL', 'KNO', 4),
	('dfd07f04-3c22-421e-8290-0bc7af822b25', 'EVAL', 'FPM', 3),
	('dfd07f04-3c22-421e-8290-0bc7af822b25', 'EVAL', 'FPA', 4),
	('dfd07f04-3c22-421e-8290-0bc7af822b25', 'EVAL', 'PRO', 4),
	('dfd07f04-3c22-421e-8290-0bc7af822b25', 'EVAL', 'WLM', 4),
	('dfd07f04-3c22-421e-8290-0bc7af822b25', 'EVAL', 'SAW', 4),
	('dfd07f04-3c22-421e-8290-0bc7af822b25', 'EVAL', 'PSD', 4),
	('dfd07f04-3c22-421e-8290-0bc7af822b25', 'EVAL', 'COM', 4),
	('dfd07f04-3c22-421e-8290-0bc7af822b25', 'EVAL', 'LTW', 4),
	('dfd07f04-3c22-421e-8290-0bc7af822b25', 'MV', 'FPM', NULL),
	('dfd07f04-3c22-421e-8290-0bc7af822b25', 'MV', 'FPA', NULL),
	('dfd07f04-3c22-421e-8290-0bc7af822b25', 'MV', 'PRO', NULL),
	('dfd07f04-3c22-421e-8290-0bc7af822b25', 'MV', 'SAW', NULL),
	('dfd07f04-3c22-421e-8290-0bc7af822b25', 'SBT', 'PRO', NULL),
	('dfd07f04-3c22-421e-8290-0bc7af822b25', 'SBT', 'KNO', NULL),
	('dfd07f04-3c22-421e-8290-0bc7af822b25', 'SBT', 'PSD', NULL),
	('dfd07f04-3c22-421e-8290-0bc7af822b25', 'SBT', 'COM', NULL),
	('c2a7e692-17de-4308-a148-9c10e6d7e3b5', 'EVAL', 'KNO', 4),
	('c2a7e692-17de-4308-a148-9c10e6d7e3b5', 'EVAL', 'FPM', 3),
	('c2a7e692-17de-4308-a148-9c10e6d7e3b5', 'EVAL', 'FPA', 4),
	('c2a7e692-17de-4308-a148-9c10e6d7e3b5', 'EVAL', 'PRO', 3),
	('c2a7e692-17de-4308-a148-9c10e6d7e3b5', 'EVAL', 'WLM', 3),
	('c2a7e692-17de-4308-a148-9c10e6d7e3b5', 'EVAL', 'SAW', 4),
	('c2a7e692-17de-4308-a148-9c10e6d7e3b5', 'EVAL', 'PSD', 4),
	('c2a7e692-17de-4308-a148-9c10e6d7e3b5', 'EVAL', 'COM', 4),
	('c2a7e692-17de-4308-a148-9c10e6d7e3b5', 'EVAL', 'LTW', 4),
	('c2a7e692-17de-4308-a148-9c10e6d7e3b5', 'MV', 'FPA', NULL),
	('c2a7e692-17de-4308-a148-9c10e6d7e3b5', 'MV', 'PSD', NULL),
	('c2a7e692-17de-4308-a148-9c10e6d7e3b5', 'MV', 'SAW', NULL),
	('c2a7e692-17de-4308-a148-9c10e6d7e3b5', 'SBT', 'FPA', NULL),
	('c2a7e692-17de-4308-a148-9c10e6d7e3b5', 'SBT', 'PSD', NULL),
	('c2a7e692-17de-4308-a148-9c10e6d7e3b5', 'SBT', 'SAW', NULL),
	('bc56387f-eb19-43a9-a59a-584952db41b1', 'EVAL', 'KNO', 4),
	('bc56387f-eb19-43a9-a59a-584952db41b1', 'EVAL', 'FPM', 4),
	('bc56387f-eb19-43a9-a59a-584952db41b1', 'EVAL', 'FPA', 4),
	('bc56387f-eb19-43a9-a59a-584952db41b1', 'EVAL', 'PRO', 3),
	('bc56387f-eb19-43a9-a59a-584952db41b1', 'EVAL', 'WLM', 4),
	('bc56387f-eb19-43a9-a59a-584952db41b1', 'EVAL', 'SAW', 3),
	('bc56387f-eb19-43a9-a59a-584952db41b1', 'EVAL', 'PSD', 3),
	('bc56387f-eb19-43a9-a59a-584952db41b1', 'EVAL', 'COM', 3),
	('bc56387f-eb19-43a9-a59a-584952db41b1', 'EVAL', 'LTW', 3),
	('bc56387f-eb19-43a9-a59a-584952db41b1', 'MV', 'FPA', NULL),
	('bc56387f-eb19-43a9-a59a-584952db41b1', 'MV', 'PSD', NULL),
	('bc56387f-eb19-43a9-a59a-584952db41b1', 'MV', 'SAW', NULL),
	('bc56387f-eb19-43a9-a59a-584952db41b1', 'SBT', 'PSD', NULL),
	('bc56387f-eb19-43a9-a59a-584952db41b1', 'SBT', 'FPA', NULL),
	('bc56387f-eb19-43a9-a59a-584952db41b1', 'SBT', 'SAW', NULL),
	('f4e66f7a-5215-4552-8dee-d58bef5a6731', 'EVAL', 'KNO', 4),
	('f4e66f7a-5215-4552-8dee-d58bef5a6731', 'EVAL', 'FPM', 4),
	('f4e66f7a-5215-4552-8dee-d58bef5a6731', 'EVAL', 'FPA', 4),
	('f4e66f7a-5215-4552-8dee-d58bef5a6731', 'EVAL', 'PRO', 4),
	('f4e66f7a-5215-4552-8dee-d58bef5a6731', 'EVAL', 'WLM', 3),
	('f4e66f7a-5215-4552-8dee-d58bef5a6731', 'EVAL', 'SAW', 3),
	('f4e66f7a-5215-4552-8dee-d58bef5a6731', 'EVAL', 'PSD', 3),
	('f4e66f7a-5215-4552-8dee-d58bef5a6731', 'EVAL', 'COM', 3),
	('f4e66f7a-5215-4552-8dee-d58bef5a6731', 'EVAL', 'LTW', 3),
	('f4e66f7a-5215-4552-8dee-d58bef5a6731', 'MV', 'FPA', NULL),
	('f4e66f7a-5215-4552-8dee-d58bef5a6731', 'MV', 'PSD', NULL),
	('f4e66f7a-5215-4552-8dee-d58bef5a6731', 'MV', 'SAW', NULL),
	('f4e66f7a-5215-4552-8dee-d58bef5a6731', 'SBT', 'FPA', NULL),
	('f4e66f7a-5215-4552-8dee-d58bef5a6731', 'SBT', 'PSD', NULL),
	('f4e66f7a-5215-4552-8dee-d58bef5a6731', 'SBT', 'SAW', NULL),
	('eb1a88f3-be73-4c70-8c05-43e3b35a34f5', 'EVAL', 'KNO', 4),
	('eb1a88f3-be73-4c70-8c05-43e3b35a34f5', 'EVAL', 'FPM', 4),
	('eb1a88f3-be73-4c70-8c05-43e3b35a34f5', 'EVAL', 'FPA', 3),
	('eb1a88f3-be73-4c70-8c05-43e3b35a34f5', 'EVAL', 'PRO', 4),
	('eb1a88f3-be73-4c70-8c05-43e3b35a34f5', 'EVAL', 'WLM', 3),
	('eb1a88f3-be73-4c70-8c05-43e3b35a34f5', 'EVAL', 'SAW', 3),
	('eb1a88f3-be73-4c70-8c05-43e3b35a34f5', 'EVAL', 'PSD', 3),
	('eb1a88f3-be73-4c70-8c05-43e3b35a34f5', 'EVAL', 'COM', 3),
	('eb1a88f3-be73-4c70-8c05-43e3b35a34f5', 'EVAL', 'LTW', 3),
	('eb1a88f3-be73-4c70-8c05-43e3b35a34f5', 'MV', 'FPA', NULL),
	('eb1a88f3-be73-4c70-8c05-43e3b35a34f5', 'MV', 'PSD', NULL),
	('eb1a88f3-be73-4c70-8c05-43e3b35a34f5', 'MV', 'SAW', NULL),
	('eb1a88f3-be73-4c70-8c05-43e3b35a34f5', 'SBT', 'PSD', NULL),
	('eb1a88f3-be73-4c70-8c05-43e3b35a34f5', 'SBT', 'FPA', NULL),
	('eb1a88f3-be73-4c70-8c05-43e3b35a34f5', 'SBT', 'SAW', NULL),
	('0b385a8a-29e4-4a53-b126-766febf91d23', 'EVAL', 'KNO', 4),
	('0b385a8a-29e4-4a53-b126-766febf91d23', 'EVAL', 'FPM', 4),
	('0b385a8a-29e4-4a53-b126-766febf91d23', 'EVAL', 'FPA', 4),
	('0b385a8a-29e4-4a53-b126-766febf91d23', 'EVAL', 'PRO', 4),
	('0b385a8a-29e4-4a53-b126-766febf91d23', 'EVAL', 'WLM', 4),
	('0b385a8a-29e4-4a53-b126-766febf91d23', 'EVAL', 'SAW', 4),
	('0b385a8a-29e4-4a53-b126-766febf91d23', 'EVAL', 'PSD', 4),
	('0b385a8a-29e4-4a53-b126-766febf91d23', 'EVAL', 'COM', 4),
	('0b385a8a-29e4-4a53-b126-766febf91d23', 'EVAL', 'LTW', 4),
	('0b385a8a-29e4-4a53-b126-766febf91d23', 'MV', 'FPM', NULL),
	('0b385a8a-29e4-4a53-b126-766febf91d23', 'MV', 'PRO', NULL),
	('0b385a8a-29e4-4a53-b126-766febf91d23', 'SBT', 'KNO', NULL),
	('0b385a8a-29e4-4a53-b126-766febf91d23', 'SBT', 'FPM', NULL),
	('0b385a8a-29e4-4a53-b126-766febf91d23', 'SBT', 'WLM', NULL),
	('221bbf67-ea20-4ca9-aa15-7ec1ef26358a', 'EVAL', 'KNO', 4),
	('221bbf67-ea20-4ca9-aa15-7ec1ef26358a', 'EVAL', 'FPM', 4),
	('221bbf67-ea20-4ca9-aa15-7ec1ef26358a', 'EVAL', 'FPA', 4),
	('221bbf67-ea20-4ca9-aa15-7ec1ef26358a', 'EVAL', 'PRO', 4),
	('221bbf67-ea20-4ca9-aa15-7ec1ef26358a', 'EVAL', 'WLM', 4),
	('221bbf67-ea20-4ca9-aa15-7ec1ef26358a', 'EVAL', 'SAW', 4),
	('221bbf67-ea20-4ca9-aa15-7ec1ef26358a', 'EVAL', 'PSD', 4),
	('221bbf67-ea20-4ca9-aa15-7ec1ef26358a', 'EVAL', 'COM', 4),
	('221bbf67-ea20-4ca9-aa15-7ec1ef26358a', 'EVAL', 'LTW', 4),
	('221bbf67-ea20-4ca9-aa15-7ec1ef26358a', 'MV', 'FPM', NULL),
	('221bbf67-ea20-4ca9-aa15-7ec1ef26358a', 'MV', 'PRO', NULL),
	('221bbf67-ea20-4ca9-aa15-7ec1ef26358a', 'SBT', 'SAW', NULL),
	('221bbf67-ea20-4ca9-aa15-7ec1ef26358a', 'SBT', 'PRO', NULL),
	('221bbf67-ea20-4ca9-aa15-7ec1ef26358a', 'SBT', 'WLM', NULL),
	('61659ad9-2e76-418c-94f8-67a6f5651a8e', 'EVAL', 'KNO', 4),
	('61659ad9-2e76-418c-94f8-67a6f5651a8e', 'EVAL', 'FPM', 4),
	('61659ad9-2e76-418c-94f8-67a6f5651a8e', 'EVAL', 'FPA', 4),
	('61659ad9-2e76-418c-94f8-67a6f5651a8e', 'EVAL', 'PRO', 3),
	('61659ad9-2e76-418c-94f8-67a6f5651a8e', 'EVAL', 'WLM', 3),
	('61659ad9-2e76-418c-94f8-67a6f5651a8e', 'EVAL', 'SAW', 3),
	('61659ad9-2e76-418c-94f8-67a6f5651a8e', 'EVAL', 'PSD', 3),
	('61659ad9-2e76-418c-94f8-67a6f5651a8e', 'EVAL', 'COM', 4),
	('61659ad9-2e76-418c-94f8-67a6f5651a8e', 'EVAL', 'LTW', 4),
	('61659ad9-2e76-418c-94f8-67a6f5651a8e', 'MV', 'FPM', NULL),
	('61659ad9-2e76-418c-94f8-67a6f5651a8e', 'MV', 'PRO', NULL),
	('61659ad9-2e76-418c-94f8-67a6f5651a8e', 'SBT', 'FPM', NULL),
	('61659ad9-2e76-418c-94f8-67a6f5651a8e', 'SBT', 'WLM', NULL),
	('61659ad9-2e76-418c-94f8-67a6f5651a8e', 'SBT', 'SAW', NULL),
	('37239ea4-5c1c-4415-9977-2747a3cc3895', 'EVAL', 'KNO', 4),
	('37239ea4-5c1c-4415-9977-2747a3cc3895', 'EVAL', 'FPM', 4),
	('37239ea4-5c1c-4415-9977-2747a3cc3895', 'EVAL', 'FPA', 4),
	('37239ea4-5c1c-4415-9977-2747a3cc3895', 'EVAL', 'PRO', 4),
	('37239ea4-5c1c-4415-9977-2747a3cc3895', 'EVAL', 'WLM', 4),
	('37239ea4-5c1c-4415-9977-2747a3cc3895', 'EVAL', 'SAW', 4),
	('37239ea4-5c1c-4415-9977-2747a3cc3895', 'EVAL', 'PSD', 4),
	('37239ea4-5c1c-4415-9977-2747a3cc3895', 'EVAL', 'COM', 3),
	('37239ea4-5c1c-4415-9977-2747a3cc3895', 'EVAL', 'LTW', 3),
	('37239ea4-5c1c-4415-9977-2747a3cc3895', 'MV', 'FPM', NULL),
	('37239ea4-5c1c-4415-9977-2747a3cc3895', 'MV', 'PRO', NULL),
	('37239ea4-5c1c-4415-9977-2747a3cc3895', 'SBT', 'FPM', NULL),
	('37239ea4-5c1c-4415-9977-2747a3cc3895', 'SBT', 'WLM', NULL),
	('37239ea4-5c1c-4415-9977-2747a3cc3895', 'SBT', 'SAW', NULL),
	('3eaf0f13-eb8d-43e4-8ec1-ec2c4ce958c9', 'EVAL', 'KNO', 4),
	('3eaf0f13-eb8d-43e4-8ec1-ec2c4ce958c9', 'EVAL', 'FPM', 4),
	('3eaf0f13-eb8d-43e4-8ec1-ec2c4ce958c9', 'EVAL', 'FPA', 4),
	('3eaf0f13-eb8d-43e4-8ec1-ec2c4ce958c9', 'EVAL', 'PRO', 4),
	('3eaf0f13-eb8d-43e4-8ec1-ec2c4ce958c9', 'EVAL', 'WLM', 4),
	('3eaf0f13-eb8d-43e4-8ec1-ec2c4ce958c9', 'EVAL', 'SAW', 4),
	('3eaf0f13-eb8d-43e4-8ec1-ec2c4ce958c9', 'EVAL', 'PSD', 4),
	('3eaf0f13-eb8d-43e4-8ec1-ec2c4ce958c9', 'EVAL', 'COM', 4),
	('3eaf0f13-eb8d-43e4-8ec1-ec2c4ce958c9', 'EVAL', 'LTW', 4),
	('3eaf0f13-eb8d-43e4-8ec1-ec2c4ce958c9', 'MV', 'FPM', NULL),
	('3eaf0f13-eb8d-43e4-8ec1-ec2c4ce958c9', 'MV', 'PRO', NULL),
	('3eaf0f13-eb8d-43e4-8ec1-ec2c4ce958c9', 'SBT', 'FPM', NULL),
	('3eaf0f13-eb8d-43e4-8ec1-ec2c4ce958c9', 'SBT', 'PRO', NULL),
	('8f473040-9309-4421-bd52-7608bc6847b4', 'EVAL', 'KNO', 3),
	('8f473040-9309-4421-bd52-7608bc6847b4', 'EVAL', 'FPM', 3),
	('8f473040-9309-4421-bd52-7608bc6847b4', 'EVAL', 'FPA', 3),
	('8f473040-9309-4421-bd52-7608bc6847b4', 'EVAL', 'PRO', 3),
	('8f473040-9309-4421-bd52-7608bc6847b4', 'EVAL', 'WLM', 3),
	('8f473040-9309-4421-bd52-7608bc6847b4', 'EVAL', 'SAW', 3),
	('8f473040-9309-4421-bd52-7608bc6847b4', 'EVAL', 'PSD', 3),
	('8f473040-9309-4421-bd52-7608bc6847b4', 'EVAL', 'COM', 3),
	('8f473040-9309-4421-bd52-7608bc6847b4', 'EVAL', 'LTW', 3),
	('8f473040-9309-4421-bd52-7608bc6847b4', 'MV', 'FPM', NULL),
	('8f473040-9309-4421-bd52-7608bc6847b4', 'MV', 'PRO', NULL),
	('8f473040-9309-4421-bd52-7608bc6847b4', 'SBT', 'SAW', NULL),
	('8f473040-9309-4421-bd52-7608bc6847b4', 'SBT', 'PRO', NULL),
	('5a3d455f-28f2-4c1b-86c8-f76278e212bc', 'EVAL', 'KNO', 3),
	('5a3d455f-28f2-4c1b-86c8-f76278e212bc', 'EVAL', 'FPM', 3),
	('5a3d455f-28f2-4c1b-86c8-f76278e212bc', 'EVAL', 'FPA', 3),
	('5a3d455f-28f2-4c1b-86c8-f76278e212bc', 'EVAL', 'PRO', 4),
	('5a3d455f-28f2-4c1b-86c8-f76278e212bc', 'EVAL', 'WLM', 4),
	('5a3d455f-28f2-4c1b-86c8-f76278e212bc', 'EVAL', 'SAW', 3),
	('5a3d455f-28f2-4c1b-86c8-f76278e212bc', 'EVAL', 'PSD', 3),
	('5a3d455f-28f2-4c1b-86c8-f76278e212bc', 'EVAL', 'COM', 3),
	('5a3d455f-28f2-4c1b-86c8-f76278e212bc', 'EVAL', 'LTW', 3),
	('5a3d455f-28f2-4c1b-86c8-f76278e212bc', 'MV', 'FPM', NULL),
	('5a3d455f-28f2-4c1b-86c8-f76278e212bc', 'MV', 'PRO', NULL),
	('5a3d455f-28f2-4c1b-86c8-f76278e212bc', 'SBT', 'FPA', NULL),
	('5a3d455f-28f2-4c1b-86c8-f76278e212bc', 'SBT', 'PRO', NULL),
	('12553404-8736-4817-a797-d089aadb5b4c', 'EVAL', 'KNO', 4),
	('12553404-8736-4817-a797-d089aadb5b4c', 'EVAL', 'FPM', 4),
	('12553404-8736-4817-a797-d089aadb5b4c', 'EVAL', 'FPA', 4),
	('12553404-8736-4817-a797-d089aadb5b4c', 'EVAL', 'PRO', 4),
	('12553404-8736-4817-a797-d089aadb5b4c', 'EVAL', 'WLM', 4),
	('12553404-8736-4817-a797-d089aadb5b4c', 'EVAL', 'SAW', 4),
	('12553404-8736-4817-a797-d089aadb5b4c', 'EVAL', 'PSD', 4),
	('12553404-8736-4817-a797-d089aadb5b4c', 'EVAL', 'COM', 4),
	('12553404-8736-4817-a797-d089aadb5b4c', 'EVAL', 'LTW', 4),
	('12553404-8736-4817-a797-d089aadb5b4c', 'MV', 'FPM', NULL),
	('12553404-8736-4817-a797-d089aadb5b4c', 'MV', 'PRO', NULL),
	('12553404-8736-4817-a797-d089aadb5b4c', 'SBT', 'WLM', NULL),
	('12553404-8736-4817-a797-d089aadb5b4c', 'SBT', 'KNO', NULL),
	('016cba63-73a0-4642-acf7-ab1d3d7c04a1', 'EVAL', 'KNO', 3),
	('016cba63-73a0-4642-acf7-ab1d3d7c04a1', 'EVAL', 'FPM', 3),
	('016cba63-73a0-4642-acf7-ab1d3d7c04a1', 'EVAL', 'FPA', 3),
	('016cba63-73a0-4642-acf7-ab1d3d7c04a1', 'EVAL', 'PRO', 3),
	('016cba63-73a0-4642-acf7-ab1d3d7c04a1', 'EVAL', 'WLM', 3),
	('016cba63-73a0-4642-acf7-ab1d3d7c04a1', 'EVAL', 'SAW', 3),
	('016cba63-73a0-4642-acf7-ab1d3d7c04a1', 'EVAL', 'PSD', 3),
	('016cba63-73a0-4642-acf7-ab1d3d7c04a1', 'EVAL', 'COM', 3),
	('016cba63-73a0-4642-acf7-ab1d3d7c04a1', 'EVAL', 'LTW', 3),
	('016cba63-73a0-4642-acf7-ab1d3d7c04a1', 'MV', 'FPM', NULL),
	('016cba63-73a0-4642-acf7-ab1d3d7c04a1', 'MV', 'FPA', NULL),
	('016cba63-73a0-4642-acf7-ab1d3d7c04a1', 'SBT', 'WLM', NULL),
	('3511d8d7-87bf-492d-b372-0f7b0b8c43f3', 'EVAL', 'KNO', 3),
	('3511d8d7-87bf-492d-b372-0f7b0b8c43f3', 'EVAL', 'FPM', 3),
	('3511d8d7-87bf-492d-b372-0f7b0b8c43f3', 'EVAL', 'FPA', 3),
	('3511d8d7-87bf-492d-b372-0f7b0b8c43f3', 'EVAL', 'PRO', 3),
	('3511d8d7-87bf-492d-b372-0f7b0b8c43f3', 'EVAL', 'WLM', 3),
	('3511d8d7-87bf-492d-b372-0f7b0b8c43f3', 'EVAL', 'SAW', 3),
	('3511d8d7-87bf-492d-b372-0f7b0b8c43f3', 'EVAL', 'PSD', 3),
	('3511d8d7-87bf-492d-b372-0f7b0b8c43f3', 'EVAL', 'COM', 3),
	('3511d8d7-87bf-492d-b372-0f7b0b8c43f3', 'EVAL', 'LTW', 3),
	('3511d8d7-87bf-492d-b372-0f7b0b8c43f3', 'MV', 'FPM', NULL),
	('3511d8d7-87bf-492d-b372-0f7b0b8c43f3', 'MV', 'FPA', NULL),
	('3511d8d7-87bf-492d-b372-0f7b0b8c43f3', 'MV', 'PRO', NULL),
	('3511d8d7-87bf-492d-b372-0f7b0b8c43f3', 'SBT', 'WLM', NULL),
	('3511d8d7-87bf-492d-b372-0f7b0b8c43f3', 'SBT', 'PSD', NULL),
	('ff9186e4-8888-4ee0-b66b-73b2cd04846d', 'EVAL', 'KNO', 4),
	('ff9186e4-8888-4ee0-b66b-73b2cd04846d', 'EVAL', 'FPM', 4),
	('ff9186e4-8888-4ee0-b66b-73b2cd04846d', 'EVAL', 'FPA', 4),
	('ff9186e4-8888-4ee0-b66b-73b2cd04846d', 'EVAL', 'PRO', 4),
	('ff9186e4-8888-4ee0-b66b-73b2cd04846d', 'EVAL', 'WLM', 4),
	('ff9186e4-8888-4ee0-b66b-73b2cd04846d', 'EVAL', 'SAW', 4),
	('ff9186e4-8888-4ee0-b66b-73b2cd04846d', 'EVAL', 'PSD', 4),
	('ff9186e4-8888-4ee0-b66b-73b2cd04846d', 'EVAL', 'COM', 4),
	('ff9186e4-8888-4ee0-b66b-73b2cd04846d', 'EVAL', 'LTW', 4),
	('ff9186e4-8888-4ee0-b66b-73b2cd04846d', 'MV', 'FPM', NULL),
	('ff9186e4-8888-4ee0-b66b-73b2cd04846d', 'MV', 'FPA', NULL),
	('ff9186e4-8888-4ee0-b66b-73b2cd04846d', 'SBT', 'FPM', NULL),
	('ff9186e4-8888-4ee0-b66b-73b2cd04846d', 'SBT', 'PSD', NULL),
	('13547c93-83bf-448c-914a-e9b167626409', 'EVAL', 'KNO', 4),
	('13547c93-83bf-448c-914a-e9b167626409', 'EVAL', 'FPM', 4),
	('13547c93-83bf-448c-914a-e9b167626409', 'EVAL', 'FPA', 4),
	('13547c93-83bf-448c-914a-e9b167626409', 'EVAL', 'PRO', 4),
	('13547c93-83bf-448c-914a-e9b167626409', 'EVAL', 'WLM', 4),
	('13547c93-83bf-448c-914a-e9b167626409', 'EVAL', 'SAW', 4),
	('13547c93-83bf-448c-914a-e9b167626409', 'EVAL', 'PSD', 4),
	('13547c93-83bf-448c-914a-e9b167626409', 'EVAL', 'COM', 4),
	('13547c93-83bf-448c-914a-e9b167626409', 'EVAL', 'LTW', 4),
	('13547c93-83bf-448c-914a-e9b167626409', 'MV', 'FPM', NULL),
	('13547c93-83bf-448c-914a-e9b167626409', 'MV', 'PRO', NULL),
	('13547c93-83bf-448c-914a-e9b167626409', 'SBT', 'WLM', NULL),
	('13547c93-83bf-448c-914a-e9b167626409', 'SBT', 'SAW', NULL),
	('13547c93-83bf-448c-914a-e9b167626409', 'SBT', 'PRO', NULL),
	('73efaa3c-43db-447c-8cb9-c2b37717a475', 'EVAL', 'KNO', 4),
	('73efaa3c-43db-447c-8cb9-c2b37717a475', 'EVAL', 'FPM', 3),
	('73efaa3c-43db-447c-8cb9-c2b37717a475', 'EVAL', 'FPA', 3),
	('73efaa3c-43db-447c-8cb9-c2b37717a475', 'EVAL', 'PRO', 3),
	('73efaa3c-43db-447c-8cb9-c2b37717a475', 'EVAL', 'WLM', 3),
	('73efaa3c-43db-447c-8cb9-c2b37717a475', 'EVAL', 'SAW', 3),
	('73efaa3c-43db-447c-8cb9-c2b37717a475', 'EVAL', 'PSD', 3),
	('73efaa3c-43db-447c-8cb9-c2b37717a475', 'EVAL', 'COM', 4),
	('73efaa3c-43db-447c-8cb9-c2b37717a475', 'EVAL', 'LTW', 4),
	('73efaa3c-43db-447c-8cb9-c2b37717a475', 'MV', 'FPA', NULL),
	('73efaa3c-43db-447c-8cb9-c2b37717a475', 'MV', 'FPM', NULL),
	('73efaa3c-43db-447c-8cb9-c2b37717a475', 'MV', 'PRO', NULL),
	('73efaa3c-43db-447c-8cb9-c2b37717a475', 'MV', 'SAW', NULL),
	('73efaa3c-43db-447c-8cb9-c2b37717a475', 'MV', 'COM', NULL),
	('73efaa3c-43db-447c-8cb9-c2b37717a475', 'MV', 'WLM', NULL),
	('73efaa3c-43db-447c-8cb9-c2b37717a475', 'SBT', 'FPA', NULL),
	('73efaa3c-43db-447c-8cb9-c2b37717a475', 'SBT', 'PRO', NULL),
	('73efaa3c-43db-447c-8cb9-c2b37717a475', 'SBT', 'SAW', NULL),
	('732d751a-6dd6-46c7-bfc0-f4dc86c22aa5', 'EVAL', 'KNO', 4),
	('732d751a-6dd6-46c7-bfc0-f4dc86c22aa5', 'EVAL', 'FPM', 4),
	('732d751a-6dd6-46c7-bfc0-f4dc86c22aa5', 'EVAL', 'FPA', 4),
	('732d751a-6dd6-46c7-bfc0-f4dc86c22aa5', 'EVAL', 'PRO', 4),
	('732d751a-6dd6-46c7-bfc0-f4dc86c22aa5', 'EVAL', 'WLM', 3),
	('732d751a-6dd6-46c7-bfc0-f4dc86c22aa5', 'EVAL', 'SAW', 4),
	('732d751a-6dd6-46c7-bfc0-f4dc86c22aa5', 'EVAL', 'PSD', 3),
	('732d751a-6dd6-46c7-bfc0-f4dc86c22aa5', 'EVAL', 'COM', 4),
	('732d751a-6dd6-46c7-bfc0-f4dc86c22aa5', 'EVAL', 'LTW', 4),
	('732d751a-6dd6-46c7-bfc0-f4dc86c22aa5', 'MV', 'FPA', NULL),
	('732d751a-6dd6-46c7-bfc0-f4dc86c22aa5', 'MV', 'FPM', NULL),
	('732d751a-6dd6-46c7-bfc0-f4dc86c22aa5', 'MV', 'PRO', NULL),
	('732d751a-6dd6-46c7-bfc0-f4dc86c22aa5', 'MV', 'SAW', NULL),
	('732d751a-6dd6-46c7-bfc0-f4dc86c22aa5', 'SBT', 'FPA', NULL),
	('732d751a-6dd6-46c7-bfc0-f4dc86c22aa5', 'SBT', 'PRO', NULL),
	('732d751a-6dd6-46c7-bfc0-f4dc86c22aa5', 'SBT', 'SAW', NULL),
	('9c2195c1-27f5-48e5-bff3-28e51fba97c8', 'EVAL', 'KNO', 3),
	('9c2195c1-27f5-48e5-bff3-28e51fba97c8', 'EVAL', 'FPM', 3),
	('9c2195c1-27f5-48e5-bff3-28e51fba97c8', 'EVAL', 'FPA', 3),
	('9c2195c1-27f5-48e5-bff3-28e51fba97c8', 'EVAL', 'PRO', 3),
	('9c2195c1-27f5-48e5-bff3-28e51fba97c8', 'EVAL', 'WLM', 3),
	('9c2195c1-27f5-48e5-bff3-28e51fba97c8', 'EVAL', 'SAW', 3),
	('9c2195c1-27f5-48e5-bff3-28e51fba97c8', 'EVAL', 'PSD', 3),
	('9c2195c1-27f5-48e5-bff3-28e51fba97c8', 'EVAL', 'COM', 4),
	('9c2195c1-27f5-48e5-bff3-28e51fba97c8', 'EVAL', 'LTW', 3),
	('9c2195c1-27f5-48e5-bff3-28e51fba97c8', 'MV', 'FPA', NULL),
	('9c2195c1-27f5-48e5-bff3-28e51fba97c8', 'SBT', 'WLM', NULL),
	('9c2195c1-27f5-48e5-bff3-28e51fba97c8', 'SBT', 'SAW', NULL),
	('9c2195c1-27f5-48e5-bff3-28e51fba97c8', 'SBT', 'COM', NULL),
	('2e5fa7f0-69ab-4db7-b2ff-6e17c8f1031f', 'EVAL', 'KNO', 3),
	('2e5fa7f0-69ab-4db7-b2ff-6e17c8f1031f', 'EVAL', 'FPM', 3),
	('2e5fa7f0-69ab-4db7-b2ff-6e17c8f1031f', 'EVAL', 'FPA', 3),
	('2e5fa7f0-69ab-4db7-b2ff-6e17c8f1031f', 'EVAL', 'PRO', 3),
	('2e5fa7f0-69ab-4db7-b2ff-6e17c8f1031f', 'EVAL', 'WLM', 4),
	('2e5fa7f0-69ab-4db7-b2ff-6e17c8f1031f', 'EVAL', 'SAW', 3),
	('2e5fa7f0-69ab-4db7-b2ff-6e17c8f1031f', 'EVAL', 'PSD', 4),
	('2e5fa7f0-69ab-4db7-b2ff-6e17c8f1031f', 'EVAL', 'COM', 4),
	('2e5fa7f0-69ab-4db7-b2ff-6e17c8f1031f', 'EVAL', 'LTW', 4),
	('2e5fa7f0-69ab-4db7-b2ff-6e17c8f1031f', 'MV', 'WLM', NULL),
	('2e5fa7f0-69ab-4db7-b2ff-6e17c8f1031f', 'MV', 'COM', NULL),
	('2e5fa7f0-69ab-4db7-b2ff-6e17c8f1031f', 'MV', 'FPM', NULL),
	('2e5fa7f0-69ab-4db7-b2ff-6e17c8f1031f', 'SBT', 'WLM', NULL),
	('2e5fa7f0-69ab-4db7-b2ff-6e17c8f1031f', 'SBT', 'COM', NULL),
	('fbd79c7c-a164-4d18-9518-2597eaa275f1', 'EVAL', 'KNO', 3),
	('fbd79c7c-a164-4d18-9518-2597eaa275f1', 'EVAL', 'FPM', 3),
	('fbd79c7c-a164-4d18-9518-2597eaa275f1', 'EVAL', 'FPA', 4),
	('fbd79c7c-a164-4d18-9518-2597eaa275f1', 'EVAL', 'PRO', 4),
	('fbd79c7c-a164-4d18-9518-2597eaa275f1', 'EVAL', 'WLM', 3),
	('fbd79c7c-a164-4d18-9518-2597eaa275f1', 'EVAL', 'SAW', 3),
	('fbd79c7c-a164-4d18-9518-2597eaa275f1', 'EVAL', 'PSD', 3),
	('fbd79c7c-a164-4d18-9518-2597eaa275f1', 'EVAL', 'COM', 3),
	('fbd79c7c-a164-4d18-9518-2597eaa275f1', 'EVAL', 'LTW', 3),
	('fbd79c7c-a164-4d18-9518-2597eaa275f1', 'MV', 'FPM', NULL),
	('fbd79c7c-a164-4d18-9518-2597eaa275f1', 'MV', 'FPA', NULL),
	('fbd79c7c-a164-4d18-9518-2597eaa275f1', 'MV', 'SAW', NULL),
	('fbd79c7c-a164-4d18-9518-2597eaa275f1', 'MV', 'PSD', NULL),
	('fbd79c7c-a164-4d18-9518-2597eaa275f1', 'SBT', 'FPA', NULL),
	('fbd79c7c-a164-4d18-9518-2597eaa275f1', 'SBT', 'SAW', NULL),
	('fbd79c7c-a164-4d18-9518-2597eaa275f1', 'SBT', 'PSD', NULL),
	('717b9d82-0701-4cce-96f9-b8c0e2844da0', 'EVAL', 'KNO', 4),
	('717b9d82-0701-4cce-96f9-b8c0e2844da0', 'EVAL', 'FPM', 4),
	('717b9d82-0701-4cce-96f9-b8c0e2844da0', 'EVAL', 'FPA', 4),
	('717b9d82-0701-4cce-96f9-b8c0e2844da0', 'EVAL', 'PRO', 3),
	('717b9d82-0701-4cce-96f9-b8c0e2844da0', 'EVAL', 'WLM', 3),
	('717b9d82-0701-4cce-96f9-b8c0e2844da0', 'EVAL', 'SAW', 3),
	('717b9d82-0701-4cce-96f9-b8c0e2844da0', 'EVAL', 'PSD', 3),
	('717b9d82-0701-4cce-96f9-b8c0e2844da0', 'EVAL', 'COM', 3),
	('717b9d82-0701-4cce-96f9-b8c0e2844da0', 'EVAL', 'LTW', 4),
	('717b9d82-0701-4cce-96f9-b8c0e2844da0', 'MV', 'FPA', NULL),
	('717b9d82-0701-4cce-96f9-b8c0e2844da0', 'MV', 'PRO', NULL),
	('717b9d82-0701-4cce-96f9-b8c0e2844da0', 'MV', 'COM', NULL),
	('717b9d82-0701-4cce-96f9-b8c0e2844da0', 'SBT', 'FPA', NULL),
	('717b9d82-0701-4cce-96f9-b8c0e2844da0', 'SBT', 'PSD', NULL),
	('717b9d82-0701-4cce-96f9-b8c0e2844da0', 'SBT', 'SAW', NULL),
	('72f937ca-4aa9-48c9-ae6d-f8e590e82741', 'EVAL', 'KNO', 4),
	('72f937ca-4aa9-48c9-ae6d-f8e590e82741', 'EVAL', 'FPM', 4),
	('72f937ca-4aa9-48c9-ae6d-f8e590e82741', 'EVAL', 'FPA', 4),
	('72f937ca-4aa9-48c9-ae6d-f8e590e82741', 'EVAL', 'PRO', 4),
	('72f937ca-4aa9-48c9-ae6d-f8e590e82741', 'EVAL', 'WLM', 4),
	('72f937ca-4aa9-48c9-ae6d-f8e590e82741', 'EVAL', 'SAW', 4),
	('72f937ca-4aa9-48c9-ae6d-f8e590e82741', 'EVAL', 'PSD', 4),
	('72f937ca-4aa9-48c9-ae6d-f8e590e82741', 'EVAL', 'COM', 4),
	('72f937ca-4aa9-48c9-ae6d-f8e590e82741', 'EVAL', 'LTW', 4),
	('72f937ca-4aa9-48c9-ae6d-f8e590e82741', 'MV', 'FPA', NULL),
	('72f937ca-4aa9-48c9-ae6d-f8e590e82741', 'MV', 'FPM', NULL),
	('72f937ca-4aa9-48c9-ae6d-f8e590e82741', 'MV', 'PRO', NULL),
	('72f937ca-4aa9-48c9-ae6d-f8e590e82741', 'MV', 'COM', NULL),
	('72f937ca-4aa9-48c9-ae6d-f8e590e82741', 'SBT', 'FPA', NULL),
	('72f937ca-4aa9-48c9-ae6d-f8e590e82741', 'SBT', 'PSD', NULL),
	('72f937ca-4aa9-48c9-ae6d-f8e590e82741', 'SBT', 'SAW', NULL),
	('ce3a1410-fec6-4801-808f-1c37eb701dd9', 'EVAL', 'KNO', 4),
	('ce3a1410-fec6-4801-808f-1c37eb701dd9', 'EVAL', 'FPM', 4),
	('ce3a1410-fec6-4801-808f-1c37eb701dd9', 'EVAL', 'FPA', 3),
	('ce3a1410-fec6-4801-808f-1c37eb701dd9', 'EVAL', 'PRO', 4),
	('ce3a1410-fec6-4801-808f-1c37eb701dd9', 'EVAL', 'WLM', 3),
	('ce3a1410-fec6-4801-808f-1c37eb701dd9', 'EVAL', 'SAW', 4),
	('ce3a1410-fec6-4801-808f-1c37eb701dd9', 'EVAL', 'PSD', 3),
	('ce3a1410-fec6-4801-808f-1c37eb701dd9', 'EVAL', 'COM', 4),
	('ce3a1410-fec6-4801-808f-1c37eb701dd9', 'EVAL', 'LTW', 3),
	('ce3a1410-fec6-4801-808f-1c37eb701dd9', 'MV', 'FPM', NULL),
	('ce3a1410-fec6-4801-808f-1c37eb701dd9', 'MV', 'FPA', NULL),
	('ce3a1410-fec6-4801-808f-1c37eb701dd9', 'MV', 'SAW', NULL),
	('ce3a1410-fec6-4801-808f-1c37eb701dd9', 'MV', 'PSD', NULL),
	('ce3a1410-fec6-4801-808f-1c37eb701dd9', 'SBT', 'FPA', NULL),
	('ce3a1410-fec6-4801-808f-1c37eb701dd9', 'SBT', 'SAW', NULL),
	('ce3a1410-fec6-4801-808f-1c37eb701dd9', 'SBT', 'PSD', NULL),
	('0b38ba1c-843a-4e64-ae7f-4914a7a520ce', 'EVAL', 'KNO', 3),
	('0b38ba1c-843a-4e64-ae7f-4914a7a520ce', 'EVAL', 'FPM', 4),
	('0b38ba1c-843a-4e64-ae7f-4914a7a520ce', 'EVAL', 'FPA', 3),
	('0b38ba1c-843a-4e64-ae7f-4914a7a520ce', 'EVAL', 'PRO', 3),
	('0b38ba1c-843a-4e64-ae7f-4914a7a520ce', 'EVAL', 'WLM', 3),
	('0b38ba1c-843a-4e64-ae7f-4914a7a520ce', 'EVAL', 'SAW', 3),
	('0b38ba1c-843a-4e64-ae7f-4914a7a520ce', 'EVAL', 'PSD', 3),
	('0b38ba1c-843a-4e64-ae7f-4914a7a520ce', 'EVAL', 'COM', 3),
	('0b38ba1c-843a-4e64-ae7f-4914a7a520ce', 'EVAL', 'LTW', 3),
	('0b38ba1c-843a-4e64-ae7f-4914a7a520ce', 'MV', 'FPM', NULL),
	('0b38ba1c-843a-4e64-ae7f-4914a7a520ce', 'MV', 'FPA', NULL),
	('0b38ba1c-843a-4e64-ae7f-4914a7a520ce', 'MV', 'SAW', NULL),
	('0b38ba1c-843a-4e64-ae7f-4914a7a520ce', 'MV', 'PSD', NULL),
	('0b38ba1c-843a-4e64-ae7f-4914a7a520ce', 'SBT', 'FPA', NULL),
	('0b38ba1c-843a-4e64-ae7f-4914a7a520ce', 'SBT', 'SAW', NULL),
	('0b38ba1c-843a-4e64-ae7f-4914a7a520ce', 'SBT', 'PSD', NULL),
	('340e5cd5-6460-40e7-9d9c-bcc3580cb7a5', 'EVAL', 'KNO', 4),
	('340e5cd5-6460-40e7-9d9c-bcc3580cb7a5', 'EVAL', 'FPM', 4),
	('340e5cd5-6460-40e7-9d9c-bcc3580cb7a5', 'EVAL', 'FPA', 4),
	('340e5cd5-6460-40e7-9d9c-bcc3580cb7a5', 'EVAL', 'PRO', 4),
	('340e5cd5-6460-40e7-9d9c-bcc3580cb7a5', 'EVAL', 'WLM', 3),
	('340e5cd5-6460-40e7-9d9c-bcc3580cb7a5', 'EVAL', 'SAW', 4),
	('340e5cd5-6460-40e7-9d9c-bcc3580cb7a5', 'EVAL', 'PSD', 4),
	('340e5cd5-6460-40e7-9d9c-bcc3580cb7a5', 'EVAL', 'COM', 3),
	('340e5cd5-6460-40e7-9d9c-bcc3580cb7a5', 'EVAL', 'LTW', 4),
	('340e5cd5-6460-40e7-9d9c-bcc3580cb7a5', 'MV', 'FPA', NULL),
	('340e5cd5-6460-40e7-9d9c-bcc3580cb7a5', 'MV', 'FPM', NULL),
	('340e5cd5-6460-40e7-9d9c-bcc3580cb7a5', 'MV', 'PRO', NULL),
	('340e5cd5-6460-40e7-9d9c-bcc3580cb7a5', 'MV', 'COM', NULL),
	('340e5cd5-6460-40e7-9d9c-bcc3580cb7a5', 'SBT', 'FPA', NULL),
	('340e5cd5-6460-40e7-9d9c-bcc3580cb7a5', 'SBT', 'PSD', NULL),
	('340e5cd5-6460-40e7-9d9c-bcc3580cb7a5', 'SBT', 'SAW', NULL),
	('d0a04c01-3b05-412e-aea7-661ef6e6150b', 'EVAL', 'KNO', 3),
	('d0a04c01-3b05-412e-aea7-661ef6e6150b', 'EVAL', 'FPM', 3),
	('d0a04c01-3b05-412e-aea7-661ef6e6150b', 'EVAL', 'FPA', 2),
	('d0a04c01-3b05-412e-aea7-661ef6e6150b', 'EVAL', 'PRO', 3),
	('d0a04c01-3b05-412e-aea7-661ef6e6150b', 'EVAL', 'WLM', 3),
	('d0a04c01-3b05-412e-aea7-661ef6e6150b', 'EVAL', 'SAW', 3),
	('d0a04c01-3b05-412e-aea7-661ef6e6150b', 'EVAL', 'PSD', 3),
	('d0a04c01-3b05-412e-aea7-661ef6e6150b', 'EVAL', 'COM', 3),
	('d0a04c01-3b05-412e-aea7-661ef6e6150b', 'EVAL', 'LTW', 3),
	('d0a04c01-3b05-412e-aea7-661ef6e6150b', 'MV', 'FPM', NULL),
	('d0a04c01-3b05-412e-aea7-661ef6e6150b', 'MV', 'PRO', NULL),
	('d0a04c01-3b05-412e-aea7-661ef6e6150b', 'SBT', 'FPM', NULL),
	('d0a04c01-3b05-412e-aea7-661ef6e6150b', 'SBT', 'PRO', NULL),
	('1f6a7264-36f9-496e-8ddf-5cf004b3ae40', 'EVAL', 'KNO', 3),
	('1f6a7264-36f9-496e-8ddf-5cf004b3ae40', 'EVAL', 'FPM', 3),
	('1f6a7264-36f9-496e-8ddf-5cf004b3ae40', 'EVAL', 'FPA', 3),
	('1f6a7264-36f9-496e-8ddf-5cf004b3ae40', 'EVAL', 'PRO', 3),
	('1f6a7264-36f9-496e-8ddf-5cf004b3ae40', 'EVAL', 'WLM', 3),
	('1f6a7264-36f9-496e-8ddf-5cf004b3ae40', 'EVAL', 'SAW', 3),
	('1f6a7264-36f9-496e-8ddf-5cf004b3ae40', 'EVAL', 'PSD', 3),
	('1f6a7264-36f9-496e-8ddf-5cf004b3ae40', 'EVAL', 'COM', 3),
	('1f6a7264-36f9-496e-8ddf-5cf004b3ae40', 'EVAL', 'LTW', 3),
	('1f6a7264-36f9-496e-8ddf-5cf004b3ae40', 'MV', 'FPM', NULL),
	('1f6a7264-36f9-496e-8ddf-5cf004b3ae40', 'MV', 'PRO', NULL),
	('1f6a7264-36f9-496e-8ddf-5cf004b3ae40', 'SBT', 'FPM', NULL),
	('1f6a7264-36f9-496e-8ddf-5cf004b3ae40', 'SBT', 'COM', NULL),
	('1f6a7264-36f9-496e-8ddf-5cf004b3ae40', 'SBT', 'PRO', NULL),
	('fd16738e-7418-4389-b9a8-9675c63bfdee', 'EVAL', 'KNO', 4),
	('fd16738e-7418-4389-b9a8-9675c63bfdee', 'EVAL', 'FPM', 4),
	('fd16738e-7418-4389-b9a8-9675c63bfdee', 'EVAL', 'FPA', 4),
	('fd16738e-7418-4389-b9a8-9675c63bfdee', 'EVAL', 'PRO', 4),
	('fd16738e-7418-4389-b9a8-9675c63bfdee', 'EVAL', 'WLM', 4),
	('fd16738e-7418-4389-b9a8-9675c63bfdee', 'EVAL', 'SAW', 4),
	('fd16738e-7418-4389-b9a8-9675c63bfdee', 'EVAL', 'PSD', 4),
	('fd16738e-7418-4389-b9a8-9675c63bfdee', 'EVAL', 'COM', 4),
	('fd16738e-7418-4389-b9a8-9675c63bfdee', 'EVAL', 'LTW', 4),
	('fd16738e-7418-4389-b9a8-9675c63bfdee', 'MV', 'PRO', NULL),
	('fd16738e-7418-4389-b9a8-9675c63bfdee', 'MV', 'FPM', NULL),
	('fd16738e-7418-4389-b9a8-9675c63bfdee', 'MV', 'LTW', NULL),
	('fd16738e-7418-4389-b9a8-9675c63bfdee', 'SBT', 'PRO', NULL),
	('fd16738e-7418-4389-b9a8-9675c63bfdee', 'SBT', 'FPM', NULL),
	('fd16738e-7418-4389-b9a8-9675c63bfdee', 'SBT', 'LTW', NULL),
	('a5c771b1-91d4-4aa1-b1a2-ab5a7536bf83', 'EVAL', 'KNO', 4),
	('a5c771b1-91d4-4aa1-b1a2-ab5a7536bf83', 'EVAL', 'FPM', 4),
	('a5c771b1-91d4-4aa1-b1a2-ab5a7536bf83', 'EVAL', 'FPA', 4),
	('a5c771b1-91d4-4aa1-b1a2-ab5a7536bf83', 'EVAL', 'PRO', 4),
	('a5c771b1-91d4-4aa1-b1a2-ab5a7536bf83', 'EVAL', 'WLM', 4),
	('a5c771b1-91d4-4aa1-b1a2-ab5a7536bf83', 'EVAL', 'SAW', 4),
	('a5c771b1-91d4-4aa1-b1a2-ab5a7536bf83', 'EVAL', 'PSD', 4),
	('a5c771b1-91d4-4aa1-b1a2-ab5a7536bf83', 'EVAL', 'COM', 4),
	('a5c771b1-91d4-4aa1-b1a2-ab5a7536bf83', 'EVAL', 'LTW', 4),
	('a5c771b1-91d4-4aa1-b1a2-ab5a7536bf83', 'MV', 'COM', NULL),
	('a5c771b1-91d4-4aa1-b1a2-ab5a7536bf83', 'MV', 'FPM', NULL),
	('a5c771b1-91d4-4aa1-b1a2-ab5a7536bf83', 'MV', 'LTW', NULL),
	('a5c771b1-91d4-4aa1-b1a2-ab5a7536bf83', 'SBT', 'FPM', NULL),
	('a5c771b1-91d4-4aa1-b1a2-ab5a7536bf83', 'SBT', 'PRO', NULL),
	('a5c771b1-91d4-4aa1-b1a2-ab5a7536bf83', 'SBT', 'LTW', NULL),
	('186ef48f-4497-4c91-9866-043acc6c6190', 'EVAL', 'KNO', 4),
	('186ef48f-4497-4c91-9866-043acc6c6190', 'EVAL', 'FPM', 4),
	('186ef48f-4497-4c91-9866-043acc6c6190', 'EVAL', 'FPA', 4),
	('186ef48f-4497-4c91-9866-043acc6c6190', 'EVAL', 'PRO', 3),
	('186ef48f-4497-4c91-9866-043acc6c6190', 'EVAL', 'WLM', 4),
	('186ef48f-4497-4c91-9866-043acc6c6190', 'EVAL', 'SAW', 3),
	('186ef48f-4497-4c91-9866-043acc6c6190', 'EVAL', 'PSD', 3),
	('186ef48f-4497-4c91-9866-043acc6c6190', 'EVAL', 'COM', 4),
	('186ef48f-4497-4c91-9866-043acc6c6190', 'EVAL', 'LTW', 4),
	('186ef48f-4497-4c91-9866-043acc6c6190', 'MV', 'FPM', NULL),
	('186ef48f-4497-4c91-9866-043acc6c6190', 'MV', 'PRO', NULL),
	('186ef48f-4497-4c91-9866-043acc6c6190', 'SBT', 'WLM', NULL),
	('186ef48f-4497-4c91-9866-043acc6c6190', 'SBT', 'SAW', NULL),
	('186ef48f-4497-4c91-9866-043acc6c6190', 'SBT', 'PRO', NULL),
	('65bed9a0-5d0f-428b-a174-4f1fbdba1b9c', 'EVAL', 'KNO', 3),
	('65bed9a0-5d0f-428b-a174-4f1fbdba1b9c', 'EVAL', 'FPM', 3),
	('65bed9a0-5d0f-428b-a174-4f1fbdba1b9c', 'EVAL', 'FPA', 3),
	('65bed9a0-5d0f-428b-a174-4f1fbdba1b9c', 'EVAL', 'PRO', 3),
	('65bed9a0-5d0f-428b-a174-4f1fbdba1b9c', 'EVAL', 'WLM', 3),
	('65bed9a0-5d0f-428b-a174-4f1fbdba1b9c', 'EVAL', 'SAW', 3),
	('65bed9a0-5d0f-428b-a174-4f1fbdba1b9c', 'EVAL', 'PSD', 3),
	('65bed9a0-5d0f-428b-a174-4f1fbdba1b9c', 'EVAL', 'COM', 3),
	('65bed9a0-5d0f-428b-a174-4f1fbdba1b9c', 'EVAL', 'LTW', 3),
	('65bed9a0-5d0f-428b-a174-4f1fbdba1b9c', 'MV', 'FPM', NULL),
	('65bed9a0-5d0f-428b-a174-4f1fbdba1b9c', 'MV', 'PRO', NULL),
	('65bed9a0-5d0f-428b-a174-4f1fbdba1b9c', 'SBT', 'FPM', NULL),
	('65bed9a0-5d0f-428b-a174-4f1fbdba1b9c', 'SBT', 'LTW', NULL),
	('65bed9a0-5d0f-428b-a174-4f1fbdba1b9c', 'SBT', 'COM', NULL),
	('1cafd24f-bb93-44c5-adfe-a984216db074', 'EVAL', 'KNO', 3),
	('1cafd24f-bb93-44c5-adfe-a984216db074', 'EVAL', 'FPM', 3),
	('1cafd24f-bb93-44c5-adfe-a984216db074', 'EVAL', 'FPA', 3),
	('1cafd24f-bb93-44c5-adfe-a984216db074', 'EVAL', 'PRO', 3),
	('1cafd24f-bb93-44c5-adfe-a984216db074', 'EVAL', 'WLM', 3),
	('1cafd24f-bb93-44c5-adfe-a984216db074', 'EVAL', 'SAW', 3),
	('1cafd24f-bb93-44c5-adfe-a984216db074', 'EVAL', 'PSD', 3),
	('1cafd24f-bb93-44c5-adfe-a984216db074', 'EVAL', 'COM', 3),
	('1cafd24f-bb93-44c5-adfe-a984216db074', 'EVAL', 'LTW', 3),
	('1cafd24f-bb93-44c5-adfe-a984216db074', 'MV', 'PRO', NULL),
	('1cafd24f-bb93-44c5-adfe-a984216db074', 'MV', 'FPM', NULL),
	('1cafd24f-bb93-44c5-adfe-a984216db074', 'SBT', 'PRO', NULL),
	('1cafd24f-bb93-44c5-adfe-a984216db074', 'SBT', 'COM', NULL),
	('1cafd24f-bb93-44c5-adfe-a984216db074', 'SBT', 'FPM', NULL),
	('70a42929-697c-4e39-88d0-e3b364fe255e', 'EVAL', 'KNO', 4),
	('70a42929-697c-4e39-88d0-e3b364fe255e', 'EVAL', 'FPM', 4),
	('70a42929-697c-4e39-88d0-e3b364fe255e', 'EVAL', 'FPA', 4),
	('70a42929-697c-4e39-88d0-e3b364fe255e', 'EVAL', 'PRO', 3),
	('70a42929-697c-4e39-88d0-e3b364fe255e', 'EVAL', 'WLM', 4),
	('70a42929-697c-4e39-88d0-e3b364fe255e', 'EVAL', 'SAW', 3),
	('70a42929-697c-4e39-88d0-e3b364fe255e', 'EVAL', 'PSD', 4),
	('70a42929-697c-4e39-88d0-e3b364fe255e', 'EVAL', 'COM', 3),
	('70a42929-697c-4e39-88d0-e3b364fe255e', 'EVAL', 'LTW', 4),
	('70a42929-697c-4e39-88d0-e3b364fe255e', 'MV', 'FPM', NULL),
	('70a42929-697c-4e39-88d0-e3b364fe255e', 'MV', 'PRO', NULL),
	('70a42929-697c-4e39-88d0-e3b364fe255e', 'SBT', 'PRO', NULL),
	('70a42929-697c-4e39-88d0-e3b364fe255e', 'SBT', 'PSD', NULL),
	('358642c9-cb19-443e-ba2f-d0c36f796cf3', 'EVAL', 'KNO', 4),
	('358642c9-cb19-443e-ba2f-d0c36f796cf3', 'EVAL', 'FPM', 4),
	('358642c9-cb19-443e-ba2f-d0c36f796cf3', 'EVAL', 'FPA', 4),
	('358642c9-cb19-443e-ba2f-d0c36f796cf3', 'EVAL', 'PRO', 4),
	('358642c9-cb19-443e-ba2f-d0c36f796cf3', 'EVAL', 'WLM', 4),
	('358642c9-cb19-443e-ba2f-d0c36f796cf3', 'EVAL', 'SAW', 4),
	('358642c9-cb19-443e-ba2f-d0c36f796cf3', 'EVAL', 'PSD', 4),
	('358642c9-cb19-443e-ba2f-d0c36f796cf3', 'EVAL', 'COM', 4),
	('358642c9-cb19-443e-ba2f-d0c36f796cf3', 'EVAL', 'LTW', 4),
	('358642c9-cb19-443e-ba2f-d0c36f796cf3', 'MV', 'FPM', NULL),
	('358642c9-cb19-443e-ba2f-d0c36f796cf3', 'MV', 'FPA', NULL),
	('358642c9-cb19-443e-ba2f-d0c36f796cf3', 'SBT', 'FPM', NULL),
	('358642c9-cb19-443e-ba2f-d0c36f796cf3', 'SBT', 'WLM', NULL),
	('358642c9-cb19-443e-ba2f-d0c36f796cf3', 'SBT', 'COM', NULL),
	('b94ef00b-1074-4fe5-a7f8-117b780c8536', 'EVAL', 'KNO', 3),
	('b94ef00b-1074-4fe5-a7f8-117b780c8536', 'EVAL', 'FPM', 3),
	('b94ef00b-1074-4fe5-a7f8-117b780c8536', 'EVAL', 'FPA', 3),
	('b94ef00b-1074-4fe5-a7f8-117b780c8536', 'EVAL', 'PRO', 3),
	('b94ef00b-1074-4fe5-a7f8-117b780c8536', 'EVAL', 'WLM', 3),
	('b94ef00b-1074-4fe5-a7f8-117b780c8536', 'EVAL', 'SAW', 3),
	('b94ef00b-1074-4fe5-a7f8-117b780c8536', 'EVAL', 'PSD', 3),
	('b94ef00b-1074-4fe5-a7f8-117b780c8536', 'EVAL', 'COM', 3),
	('b94ef00b-1074-4fe5-a7f8-117b780c8536', 'EVAL', 'LTW', 3),
	('b94ef00b-1074-4fe5-a7f8-117b780c8536', 'MV', 'FPA', NULL),
	('b94ef00b-1074-4fe5-a7f8-117b780c8536', 'MV', 'FPM', NULL),
	('b94ef00b-1074-4fe5-a7f8-117b780c8536', 'MV', 'PRO', NULL),
	('b94ef00b-1074-4fe5-a7f8-117b780c8536', 'SBT', 'FPM', NULL),
	('b94ef00b-1074-4fe5-a7f8-117b780c8536', 'SBT', 'LTW', NULL),
	('b94ef00b-1074-4fe5-a7f8-117b780c8536', 'SBT', 'COM', NULL),
	('67eb096c-0137-4f1a-a08f-05753441db81', 'EVAL', 'KNO', 4),
	('67eb096c-0137-4f1a-a08f-05753441db81', 'EVAL', 'FPM', 4),
	('67eb096c-0137-4f1a-a08f-05753441db81', 'EVAL', 'FPA', 4),
	('67eb096c-0137-4f1a-a08f-05753441db81', 'EVAL', 'PRO', 4),
	('67eb096c-0137-4f1a-a08f-05753441db81', 'EVAL', 'WLM', 4),
	('67eb096c-0137-4f1a-a08f-05753441db81', 'EVAL', 'SAW', 4),
	('67eb096c-0137-4f1a-a08f-05753441db81', 'EVAL', 'PSD', 4),
	('67eb096c-0137-4f1a-a08f-05753441db81', 'EVAL', 'COM', 4),
	('67eb096c-0137-4f1a-a08f-05753441db81', 'EVAL', 'LTW', 4),
	('67eb096c-0137-4f1a-a08f-05753441db81', 'MV', 'FPA', NULL),
	('67eb096c-0137-4f1a-a08f-05753441db81', 'MV', 'FPM', NULL),
	('67eb096c-0137-4f1a-a08f-05753441db81', 'MV', 'PRO', NULL),
	('67eb096c-0137-4f1a-a08f-05753441db81', 'SBT', 'FPM', NULL),
	('67eb096c-0137-4f1a-a08f-05753441db81', 'SBT', 'LTW', NULL),
	('67eb096c-0137-4f1a-a08f-05753441db81', 'SBT', 'COM', NULL),
	('c8bb8cc4-8a72-4735-ae4b-4df5ce78c4e9', 'EVAL', 'KNO', 4),
	('c8bb8cc4-8a72-4735-ae4b-4df5ce78c4e9', 'EVAL', 'FPM', 4),
	('c8bb8cc4-8a72-4735-ae4b-4df5ce78c4e9', 'EVAL', 'FPA', 4),
	('c8bb8cc4-8a72-4735-ae4b-4df5ce78c4e9', 'EVAL', 'PRO', 4),
	('c8bb8cc4-8a72-4735-ae4b-4df5ce78c4e9', 'EVAL', 'WLM', 4),
	('c8bb8cc4-8a72-4735-ae4b-4df5ce78c4e9', 'EVAL', 'SAW', 4),
	('c8bb8cc4-8a72-4735-ae4b-4df5ce78c4e9', 'EVAL', 'PSD', 4),
	('c8bb8cc4-8a72-4735-ae4b-4df5ce78c4e9', 'EVAL', 'COM', 4),
	('c8bb8cc4-8a72-4735-ae4b-4df5ce78c4e9', 'EVAL', 'LTW', 4),
	('c8bb8cc4-8a72-4735-ae4b-4df5ce78c4e9', 'MV', 'FPA', NULL),
	('c8bb8cc4-8a72-4735-ae4b-4df5ce78c4e9', 'MV', 'FPM', NULL),
	('c8bb8cc4-8a72-4735-ae4b-4df5ce78c4e9', 'MV', 'PRO', NULL),
	('c8bb8cc4-8a72-4735-ae4b-4df5ce78c4e9', 'SBT', 'FPM', NULL),
	('c8bb8cc4-8a72-4735-ae4b-4df5ce78c4e9', 'SBT', 'LTW', NULL),
	('c8bb8cc4-8a72-4735-ae4b-4df5ce78c4e9', 'SBT', 'COM', NULL),
	('e5cee276-0f38-4566-a2cf-7ac22df86744', 'EVAL', 'KNO', 4),
	('e5cee276-0f38-4566-a2cf-7ac22df86744', 'EVAL', 'FPM', 4),
	('e5cee276-0f38-4566-a2cf-7ac22df86744', 'EVAL', 'FPA', 4),
	('e5cee276-0f38-4566-a2cf-7ac22df86744', 'EVAL', 'PRO', 4),
	('e5cee276-0f38-4566-a2cf-7ac22df86744', 'EVAL', 'WLM', 4),
	('e5cee276-0f38-4566-a2cf-7ac22df86744', 'EVAL', 'SAW', 4),
	('e5cee276-0f38-4566-a2cf-7ac22df86744', 'EVAL', 'PSD', 4),
	('e5cee276-0f38-4566-a2cf-7ac22df86744', 'EVAL', 'COM', 4),
	('e5cee276-0f38-4566-a2cf-7ac22df86744', 'EVAL', 'LTW', 4),
	('e5cee276-0f38-4566-a2cf-7ac22df86744', 'MV', 'FPA', NULL),
	('e5cee276-0f38-4566-a2cf-7ac22df86744', 'MV', 'FPM', NULL),
	('e5cee276-0f38-4566-a2cf-7ac22df86744', 'MV', 'SAW', NULL),
	('e5cee276-0f38-4566-a2cf-7ac22df86744', 'SBT', 'FPM', NULL),
	('e5cee276-0f38-4566-a2cf-7ac22df86744', 'SBT', 'LTW', NULL),
	('e5cee276-0f38-4566-a2cf-7ac22df86744', 'SBT', 'COM', NULL),
	('a56a60db-a0b3-4df4-a8e3-401e96c81ce3', 'EVAL', 'KNO', 3),
	('a56a60db-a0b3-4df4-a8e3-401e96c81ce3', 'EVAL', 'FPM', 3),
	('a56a60db-a0b3-4df4-a8e3-401e96c81ce3', 'EVAL', 'FPA', 3),
	('a56a60db-a0b3-4df4-a8e3-401e96c81ce3', 'EVAL', 'PRO', 3),
	('a56a60db-a0b3-4df4-a8e3-401e96c81ce3', 'EVAL', 'WLM', 3),
	('a56a60db-a0b3-4df4-a8e3-401e96c81ce3', 'EVAL', 'SAW', 4),
	('a56a60db-a0b3-4df4-a8e3-401e96c81ce3', 'EVAL', 'PSD', 3),
	('8e8fe907-de08-4896-a1b3-7ad498dd7c21', 'EVAL', 'KNO', 4),
	('8e8fe907-de08-4896-a1b3-7ad498dd7c21', 'EVAL', 'FPM', 4),
	('8e8fe907-de08-4896-a1b3-7ad498dd7c21', 'EVAL', 'FPA', 4),
	('8e8fe907-de08-4896-a1b3-7ad498dd7c21', 'EVAL', 'PRO', 4),
	('8e8fe907-de08-4896-a1b3-7ad498dd7c21', 'EVAL', 'WLM', 4),
	('8e8fe907-de08-4896-a1b3-7ad498dd7c21', 'EVAL', 'SAW', 4),
	('8e8fe907-de08-4896-a1b3-7ad498dd7c21', 'EVAL', 'PSD', 4),
	('8e8fe907-de08-4896-a1b3-7ad498dd7c21', 'EVAL', 'COM', 4),
	('8e8fe907-de08-4896-a1b3-7ad498dd7c21', 'EVAL', 'LTW', 4),
	('8e8fe907-de08-4896-a1b3-7ad498dd7c21', 'MV', 'FPM', NULL),
	('8e8fe907-de08-4896-a1b3-7ad498dd7c21', 'MV', 'PRO', NULL),
	('8e8fe907-de08-4896-a1b3-7ad498dd7c21', 'SBT', 'KNO', NULL),
	('8e8fe907-de08-4896-a1b3-7ad498dd7c21', 'SBT', 'PRO', NULL),
	('8e8fe907-de08-4896-a1b3-7ad498dd7c21', 'SBT', 'SAW', NULL),
	('0d99a13c-2665-47ac-baa3-1d52f41bfdb6', 'EVAL', 'KNO', 3),
	('0d99a13c-2665-47ac-baa3-1d52f41bfdb6', 'EVAL', 'FPM', 3),
	('0d99a13c-2665-47ac-baa3-1d52f41bfdb6', 'EVAL', 'FPA', 3),
	('0d99a13c-2665-47ac-baa3-1d52f41bfdb6', 'EVAL', 'PRO', 3),
	('0d99a13c-2665-47ac-baa3-1d52f41bfdb6', 'EVAL', 'WLM', 4),
	('0d99a13c-2665-47ac-baa3-1d52f41bfdb6', 'EVAL', 'SAW', 3),
	('0d99a13c-2665-47ac-baa3-1d52f41bfdb6', 'EVAL', 'PSD', 4),
	('0d99a13c-2665-47ac-baa3-1d52f41bfdb6', 'EVAL', 'COM', 4),
	('0d99a13c-2665-47ac-baa3-1d52f41bfdb6', 'EVAL', 'LTW', 4),
	('0d99a13c-2665-47ac-baa3-1d52f41bfdb6', 'MV', 'FPM', NULL),
	('0d99a13c-2665-47ac-baa3-1d52f41bfdb6', 'MV', 'SAW', NULL),
	('0d99a13c-2665-47ac-baa3-1d52f41bfdb6', 'SBT', 'FPA', NULL),
	('0d99a13c-2665-47ac-baa3-1d52f41bfdb6', 'SBT', 'SAW', NULL),
	('0d99a13c-2665-47ac-baa3-1d52f41bfdb6', 'SBT', 'WLM', NULL),
	('f57b5fa1-dc98-4889-af93-5ce639c8ea8b', 'EVAL', 'KNO', 4),
	('f57b5fa1-dc98-4889-af93-5ce639c8ea8b', 'EVAL', 'FPM', 4),
	('f57b5fa1-dc98-4889-af93-5ce639c8ea8b', 'EVAL', 'FPA', 4),
	('f57b5fa1-dc98-4889-af93-5ce639c8ea8b', 'EVAL', 'PRO', 4),
	('f57b5fa1-dc98-4889-af93-5ce639c8ea8b', 'EVAL', 'WLM', 4),
	('f57b5fa1-dc98-4889-af93-5ce639c8ea8b', 'EVAL', 'SAW', 4),
	('f57b5fa1-dc98-4889-af93-5ce639c8ea8b', 'EVAL', 'PSD', 4),
	('f57b5fa1-dc98-4889-af93-5ce639c8ea8b', 'EVAL', 'COM', 4),
	('f57b5fa1-dc98-4889-af93-5ce639c8ea8b', 'EVAL', 'LTW', 4),
	('f57b5fa1-dc98-4889-af93-5ce639c8ea8b', 'MV', 'FPM', NULL),
	('f57b5fa1-dc98-4889-af93-5ce639c8ea8b', 'MV', 'FPA', NULL),
	('f57b5fa1-dc98-4889-af93-5ce639c8ea8b', 'MV', 'PRO', NULL),
	('f57b5fa1-dc98-4889-af93-5ce639c8ea8b', 'SBT', 'WLM', NULL),
	('f57b5fa1-dc98-4889-af93-5ce639c8ea8b', 'SBT', 'SAW', NULL),
	('f57b5fa1-dc98-4889-af93-5ce639c8ea8b', 'SBT', 'KNO', NULL),
	('9eefeee7-bd66-4a2b-a0cd-0d1cad86ddf7', 'EVAL', 'KNO', 4),
	('9eefeee7-bd66-4a2b-a0cd-0d1cad86ddf7', 'EVAL', 'FPM', 4),
	('9eefeee7-bd66-4a2b-a0cd-0d1cad86ddf7', 'EVAL', 'FPA', 4),
	('9eefeee7-bd66-4a2b-a0cd-0d1cad86ddf7', 'EVAL', 'PRO', 4),
	('9eefeee7-bd66-4a2b-a0cd-0d1cad86ddf7', 'EVAL', 'WLM', 4),
	('9eefeee7-bd66-4a2b-a0cd-0d1cad86ddf7', 'EVAL', 'SAW', 4),
	('9eefeee7-bd66-4a2b-a0cd-0d1cad86ddf7', 'EVAL', 'PSD', 4),
	('9eefeee7-bd66-4a2b-a0cd-0d1cad86ddf7', 'EVAL', 'COM', 4),
	('9eefeee7-bd66-4a2b-a0cd-0d1cad86ddf7', 'EVAL', 'LTW', 4),
	('9eefeee7-bd66-4a2b-a0cd-0d1cad86ddf7', 'MV', 'FPM', NULL),
	('9eefeee7-bd66-4a2b-a0cd-0d1cad86ddf7', 'MV', 'FPA', NULL),
	('9eefeee7-bd66-4a2b-a0cd-0d1cad86ddf7', 'MV', 'PRO', NULL),
	('9eefeee7-bd66-4a2b-a0cd-0d1cad86ddf7', 'SBT', 'COM', NULL),
	('9eefeee7-bd66-4a2b-a0cd-0d1cad86ddf7', 'SBT', 'PSD', NULL),
	('a20103af-66cb-42e5-a6f9-3daa70d23513', 'EVAL', 'KNO', 4),
	('a20103af-66cb-42e5-a6f9-3daa70d23513', 'EVAL', 'FPM', 4),
	('a20103af-66cb-42e5-a6f9-3daa70d23513', 'EVAL', 'FPA', 4),
	('a20103af-66cb-42e5-a6f9-3daa70d23513', 'EVAL', 'PRO', 4),
	('a20103af-66cb-42e5-a6f9-3daa70d23513', 'EVAL', 'WLM', 4),
	('a20103af-66cb-42e5-a6f9-3daa70d23513', 'EVAL', 'SAW', 4),
	('a20103af-66cb-42e5-a6f9-3daa70d23513', 'EVAL', 'PSD', 4),
	('a20103af-66cb-42e5-a6f9-3daa70d23513', 'EVAL', 'COM', 4),
	('a20103af-66cb-42e5-a6f9-3daa70d23513', 'EVAL', 'LTW', 4),
	('a20103af-66cb-42e5-a6f9-3daa70d23513', 'MV', 'PRO', NULL),
	('a20103af-66cb-42e5-a6f9-3daa70d23513', 'MV', 'FPM', NULL),
	('a20103af-66cb-42e5-a6f9-3daa70d23513', 'SBT', 'FPM', NULL),
	('a20103af-66cb-42e5-a6f9-3daa70d23513', 'SBT', 'COM', NULL),
	('a81adc5d-c382-47b5-b295-cda9bd9a8a9c', 'EVAL', 'KNO', 3),
	('a81adc5d-c382-47b5-b295-cda9bd9a8a9c', 'EVAL', 'FPM', 3),
	('a81adc5d-c382-47b5-b295-cda9bd9a8a9c', 'EVAL', 'FPA', 3),
	('a81adc5d-c382-47b5-b295-cda9bd9a8a9c', 'EVAL', 'PRO', 3),
	('a81adc5d-c382-47b5-b295-cda9bd9a8a9c', 'EVAL', 'WLM', 3),
	('a81adc5d-c382-47b5-b295-cda9bd9a8a9c', 'EVAL', 'SAW', 3),
	('a81adc5d-c382-47b5-b295-cda9bd9a8a9c', 'EVAL', 'PSD', 3),
	('a81adc5d-c382-47b5-b295-cda9bd9a8a9c', 'EVAL', 'COM', 3),
	('a81adc5d-c382-47b5-b295-cda9bd9a8a9c', 'EVAL', 'LTW', 3),
	('a81adc5d-c382-47b5-b295-cda9bd9a8a9c', 'MV', 'FPM', NULL),
	('a81adc5d-c382-47b5-b295-cda9bd9a8a9c', 'MV', 'PRO', NULL),
	('a81adc5d-c382-47b5-b295-cda9bd9a8a9c', 'SBT', 'FPM', NULL),
	('a81adc5d-c382-47b5-b295-cda9bd9a8a9c', 'SBT', 'FPA', NULL),
	('a81adc5d-c382-47b5-b295-cda9bd9a8a9c', 'SBT', 'WLM', NULL),
	('42e976b7-79cd-40ff-bb9f-a5254e609419', 'EVAL', 'KNO', 4),
	('42e976b7-79cd-40ff-bb9f-a5254e609419', 'EVAL', 'FPM', 4),
	('42e976b7-79cd-40ff-bb9f-a5254e609419', 'EVAL', 'FPA', 4),
	('42e976b7-79cd-40ff-bb9f-a5254e609419', 'EVAL', 'PRO', 4),
	('42e976b7-79cd-40ff-bb9f-a5254e609419', 'EVAL', 'WLM', 4),
	('42e976b7-79cd-40ff-bb9f-a5254e609419', 'EVAL', 'SAW', 4),
	('42e976b7-79cd-40ff-bb9f-a5254e609419', 'EVAL', 'PSD', 4),
	('42e976b7-79cd-40ff-bb9f-a5254e609419', 'EVAL', 'COM', 4),
	('42e976b7-79cd-40ff-bb9f-a5254e609419', 'EVAL', 'LTW', 4),
	('42e976b7-79cd-40ff-bb9f-a5254e609419', 'MV', 'FPM', NULL),
	('42e976b7-79cd-40ff-bb9f-a5254e609419', 'MV', 'FPA', NULL),
	('42e976b7-79cd-40ff-bb9f-a5254e609419', 'SBT', 'SAW', NULL),
	('42e976b7-79cd-40ff-bb9f-a5254e609419', 'SBT', 'FPA', NULL),
	('42e976b7-79cd-40ff-bb9f-a5254e609419', 'SBT', 'LTW', NULL),
	('24ea840b-d0ec-45fc-bca1-d24f3a0fc582', 'EVAL', 'KNO', 3),
	('24ea840b-d0ec-45fc-bca1-d24f3a0fc582', 'EVAL', 'FPM', 3),
	('24ea840b-d0ec-45fc-bca1-d24f3a0fc582', 'EVAL', 'FPA', 3),
	('24ea840b-d0ec-45fc-bca1-d24f3a0fc582', 'EVAL', 'PRO', 3),
	('24ea840b-d0ec-45fc-bca1-d24f3a0fc582', 'EVAL', 'WLM', 3),
	('24ea840b-d0ec-45fc-bca1-d24f3a0fc582', 'EVAL', 'SAW', 3),
	('24ea840b-d0ec-45fc-bca1-d24f3a0fc582', 'EVAL', 'PSD', 3),
	('24ea840b-d0ec-45fc-bca1-d24f3a0fc582', 'EVAL', 'COM', 3),
	('24ea840b-d0ec-45fc-bca1-d24f3a0fc582', 'EVAL', 'LTW', 3),
	('24ea840b-d0ec-45fc-bca1-d24f3a0fc582', 'MV', 'FPA', NULL),
	('24ea840b-d0ec-45fc-bca1-d24f3a0fc582', 'MV', 'FPM', NULL),
	('24ea840b-d0ec-45fc-bca1-d24f3a0fc582', 'MV', 'PRO', NULL),
	('24ea840b-d0ec-45fc-bca1-d24f3a0fc582', 'SBT', 'FPM', NULL),
	('24ea840b-d0ec-45fc-bca1-d24f3a0fc582', 'SBT', 'LTW', NULL),
	('24ea840b-d0ec-45fc-bca1-d24f3a0fc582', 'SBT', 'COM', NULL),
	('bab9a66b-05b8-4799-8dfb-b43af8a4b742', 'EVAL', 'KNO', 3),
	('bab9a66b-05b8-4799-8dfb-b43af8a4b742', 'EVAL', 'FPM', 3),
	('bab9a66b-05b8-4799-8dfb-b43af8a4b742', 'EVAL', 'FPA', 4),
	('bab9a66b-05b8-4799-8dfb-b43af8a4b742', 'EVAL', 'PRO', 3),
	('bab9a66b-05b8-4799-8dfb-b43af8a4b742', 'EVAL', 'WLM', 3),
	('bab9a66b-05b8-4799-8dfb-b43af8a4b742', 'EVAL', 'SAW', 3),
	('bab9a66b-05b8-4799-8dfb-b43af8a4b742', 'EVAL', 'PSD', 3),
	('bab9a66b-05b8-4799-8dfb-b43af8a4b742', 'EVAL', 'COM', 4),
	('bab9a66b-05b8-4799-8dfb-b43af8a4b742', 'EVAL', 'LTW', 3),
	('bab9a66b-05b8-4799-8dfb-b43af8a4b742', 'MV', 'FPA', NULL),
	('bab9a66b-05b8-4799-8dfb-b43af8a4b742', 'MV', 'FPM', NULL),
	('bab9a66b-05b8-4799-8dfb-b43af8a4b742', 'MV', 'PRO', NULL),
	('bab9a66b-05b8-4799-8dfb-b43af8a4b742', 'SBT', 'FPM', NULL),
	('bab9a66b-05b8-4799-8dfb-b43af8a4b742', 'SBT', 'LTW', NULL),
	('bab9a66b-05b8-4799-8dfb-b43af8a4b742', 'SBT', 'COM', NULL),
	('02040ba4-edba-49e8-b438-adffc58589af', 'EVAL', 'KNO', 4),
	('02040ba4-edba-49e8-b438-adffc58589af', 'EVAL', 'FPM', 4),
	('02040ba4-edba-49e8-b438-adffc58589af', 'EVAL', 'FPA', 4),
	('02040ba4-edba-49e8-b438-adffc58589af', 'EVAL', 'PRO', 4),
	('02040ba4-edba-49e8-b438-adffc58589af', 'EVAL', 'WLM', 4),
	('02040ba4-edba-49e8-b438-adffc58589af', 'EVAL', 'SAW', 4),
	('02040ba4-edba-49e8-b438-adffc58589af', 'EVAL', 'PSD', 4),
	('02040ba4-edba-49e8-b438-adffc58589af', 'EVAL', 'COM', 4),
	('02040ba4-edba-49e8-b438-adffc58589af', 'EVAL', 'LTW', 4),
	('02040ba4-edba-49e8-b438-adffc58589af', 'MV', 'FPA', NULL),
	('02040ba4-edba-49e8-b438-adffc58589af', 'MV', 'FPM', NULL),
	('02040ba4-edba-49e8-b438-adffc58589af', 'MV', 'SAW', NULL),
	('02040ba4-edba-49e8-b438-adffc58589af', 'SBT', 'FPM', NULL),
	('02040ba4-edba-49e8-b438-adffc58589af', 'SBT', 'LTW', NULL),
	('02040ba4-edba-49e8-b438-adffc58589af', 'SBT', 'COM', NULL),
	('a56a60db-a0b3-4df4-a8e3-401e96c81ce3', 'EVAL', 'COM', 3),
	('a56a60db-a0b3-4df4-a8e3-401e96c81ce3', 'EVAL', 'LTW', 3),
	('a56a60db-a0b3-4df4-a8e3-401e96c81ce3', 'MV', 'FPA', NULL),
	('a56a60db-a0b3-4df4-a8e3-401e96c81ce3', 'MV', 'FPM', NULL),
	('a56a60db-a0b3-4df4-a8e3-401e96c81ce3', 'MV', 'SAW', NULL),
	('a56a60db-a0b3-4df4-a8e3-401e96c81ce3', 'SBT', 'FPM', NULL),
	('a56a60db-a0b3-4df4-a8e3-401e96c81ce3', 'SBT', 'LTW', NULL),
	('a56a60db-a0b3-4df4-a8e3-401e96c81ce3', 'SBT', 'COM', NULL),
	('03952787-ea2f-4013-867d-618dcdadbca3', 'EVAL', 'KNO', 3),
	('03952787-ea2f-4013-867d-618dcdadbca3', 'EVAL', 'FPM', 3),
	('03952787-ea2f-4013-867d-618dcdadbca3', 'EVAL', 'FPA', 3),
	('03952787-ea2f-4013-867d-618dcdadbca3', 'EVAL', 'PRO', 3),
	('03952787-ea2f-4013-867d-618dcdadbca3', 'EVAL', 'WLM', 4),
	('03952787-ea2f-4013-867d-618dcdadbca3', 'EVAL', 'SAW', 4),
	('03952787-ea2f-4013-867d-618dcdadbca3', 'EVAL', 'PSD', 3),
	('03952787-ea2f-4013-867d-618dcdadbca3', 'EVAL', 'COM', 3),
	('03952787-ea2f-4013-867d-618dcdadbca3', 'EVAL', 'LTW', 3),
	('03952787-ea2f-4013-867d-618dcdadbca3', 'MV', 'PRO', NULL),
	('03952787-ea2f-4013-867d-618dcdadbca3', 'MV', 'FPM', NULL),
	('03952787-ea2f-4013-867d-618dcdadbca3', 'MV', 'SAW', NULL),
	('03952787-ea2f-4013-867d-618dcdadbca3', 'MV', 'LTW', NULL),
	('03952787-ea2f-4013-867d-618dcdadbca3', 'MV', 'WLM', NULL),
	('03952787-ea2f-4013-867d-618dcdadbca3', 'SBT', 'COM', NULL),
	('03952787-ea2f-4013-867d-618dcdadbca3', 'SBT', 'FPM', NULL),
	('03952787-ea2f-4013-867d-618dcdadbca3', 'SBT', 'WLM', NULL),
	('03952787-ea2f-4013-867d-618dcdadbca3', 'SBT', 'PRO', NULL),
	('03452547-e055-4ff5-874c-fac337b98f5d', 'EVAL', 'KNO', 3),
	('03452547-e055-4ff5-874c-fac337b98f5d', 'EVAL', 'FPM', 3),
	('03452547-e055-4ff5-874c-fac337b98f5d', 'EVAL', 'FPA', 3),
	('03452547-e055-4ff5-874c-fac337b98f5d', 'EVAL', 'PRO', 3),
	('03452547-e055-4ff5-874c-fac337b98f5d', 'EVAL', 'WLM', 4),
	('03452547-e055-4ff5-874c-fac337b98f5d', 'EVAL', 'SAW', 3),
	('03452547-e055-4ff5-874c-fac337b98f5d', 'EVAL', 'PSD', 3),
	('03452547-e055-4ff5-874c-fac337b98f5d', 'EVAL', 'COM', 3),
	('03452547-e055-4ff5-874c-fac337b98f5d', 'EVAL', 'LTW', 4),
	('03452547-e055-4ff5-874c-fac337b98f5d', 'MV', 'FPM', NULL),
	('03452547-e055-4ff5-874c-fac337b98f5d', 'MV', 'PRO', NULL),
	('03452547-e055-4ff5-874c-fac337b98f5d', 'SBT', 'WLM', NULL),
	('03452547-e055-4ff5-874c-fac337b98f5d', 'SBT', 'SAW', NULL),
	('497a5ba8-fb3f-435e-a3bf-8e1b1de8cda2', 'EVAL', 'KNO', 4),
	('497a5ba8-fb3f-435e-a3bf-8e1b1de8cda2', 'EVAL', 'FPM', 4),
	('497a5ba8-fb3f-435e-a3bf-8e1b1de8cda2', 'EVAL', 'FPA', 4),
	('497a5ba8-fb3f-435e-a3bf-8e1b1de8cda2', 'EVAL', 'PRO', 4),
	('497a5ba8-fb3f-435e-a3bf-8e1b1de8cda2', 'EVAL', 'WLM', 4),
	('497a5ba8-fb3f-435e-a3bf-8e1b1de8cda2', 'EVAL', 'SAW', 4),
	('497a5ba8-fb3f-435e-a3bf-8e1b1de8cda2', 'EVAL', 'PSD', 4),
	('497a5ba8-fb3f-435e-a3bf-8e1b1de8cda2', 'EVAL', 'COM', 4),
	('497a5ba8-fb3f-435e-a3bf-8e1b1de8cda2', 'EVAL', 'LTW', 4),
	('497a5ba8-fb3f-435e-a3bf-8e1b1de8cda2', 'MV', 'FPM', NULL),
	('497a5ba8-fb3f-435e-a3bf-8e1b1de8cda2', 'MV', 'SAW', NULL),
	('497a5ba8-fb3f-435e-a3bf-8e1b1de8cda2', 'MV', 'PRO', NULL),
	('497a5ba8-fb3f-435e-a3bf-8e1b1de8cda2', 'SBT', 'WLM', NULL),
	('497a5ba8-fb3f-435e-a3bf-8e1b1de8cda2', 'SBT', 'SAW', NULL),
	('497a5ba8-fb3f-435e-a3bf-8e1b1de8cda2', 'SBT', 'KNO', NULL),
	('e24e4a1c-9819-4bf6-a2d1-01bc8557ec55', 'EVAL', 'KNO', 3),
	('e24e4a1c-9819-4bf6-a2d1-01bc8557ec55', 'EVAL', 'FPM', 4),
	('e24e4a1c-9819-4bf6-a2d1-01bc8557ec55', 'EVAL', 'FPA', 3),
	('e24e4a1c-9819-4bf6-a2d1-01bc8557ec55', 'EVAL', 'PRO', 3),
	('e24e4a1c-9819-4bf6-a2d1-01bc8557ec55', 'EVAL', 'WLM', 3),
	('e24e4a1c-9819-4bf6-a2d1-01bc8557ec55', 'EVAL', 'SAW', 4),
	('e24e4a1c-9819-4bf6-a2d1-01bc8557ec55', 'EVAL', 'PSD', 3),
	('e24e4a1c-9819-4bf6-a2d1-01bc8557ec55', 'EVAL', 'COM', 4),
	('e24e4a1c-9819-4bf6-a2d1-01bc8557ec55', 'EVAL', 'LTW', 4),
	('e24e4a1c-9819-4bf6-a2d1-01bc8557ec55', 'MV', 'PRO', NULL),
	('e24e4a1c-9819-4bf6-a2d1-01bc8557ec55', 'MV', 'FPM', NULL),
	('e24e4a1c-9819-4bf6-a2d1-01bc8557ec55', 'MV', 'SAW', NULL),
	('e24e4a1c-9819-4bf6-a2d1-01bc8557ec55', 'MV', 'LTW', NULL),
	('e24e4a1c-9819-4bf6-a2d1-01bc8557ec55', 'MV', 'WLM', NULL),
	('e24e4a1c-9819-4bf6-a2d1-01bc8557ec55', 'SBT', 'COM', NULL),
	('e24e4a1c-9819-4bf6-a2d1-01bc8557ec55', 'SBT', 'FPM', NULL),
	('e24e4a1c-9819-4bf6-a2d1-01bc8557ec55', 'SBT', 'WLM', NULL),
	('e24e4a1c-9819-4bf6-a2d1-01bc8557ec55', 'SBT', 'PRO', NULL),
	('ff87d970-28e0-4fc3-8cb6-a71522ccb834', 'EVAL', 'KNO', 4),
	('ff87d970-28e0-4fc3-8cb6-a71522ccb834', 'EVAL', 'FPM', 3),
	('ff87d970-28e0-4fc3-8cb6-a71522ccb834', 'EVAL', 'FPA', 4),
	('ff87d970-28e0-4fc3-8cb6-a71522ccb834', 'EVAL', 'PRO', 4),
	('ff87d970-28e0-4fc3-8cb6-a71522ccb834', 'EVAL', 'WLM', 4),
	('ff87d970-28e0-4fc3-8cb6-a71522ccb834', 'EVAL', 'SAW', 4),
	('ff87d970-28e0-4fc3-8cb6-a71522ccb834', 'EVAL', 'PSD', 3),
	('ff87d970-28e0-4fc3-8cb6-a71522ccb834', 'EVAL', 'COM', 4),
	('ff87d970-28e0-4fc3-8cb6-a71522ccb834', 'EVAL', 'LTW', 4),
	('ff87d970-28e0-4fc3-8cb6-a71522ccb834', 'MV', 'PRO', NULL),
	('ff87d970-28e0-4fc3-8cb6-a71522ccb834', 'MV', 'FPM', NULL),
	('ff87d970-28e0-4fc3-8cb6-a71522ccb834', 'MV', 'SAW', NULL),
	('ff87d970-28e0-4fc3-8cb6-a71522ccb834', 'MV', 'LTW', NULL),
	('ff87d970-28e0-4fc3-8cb6-a71522ccb834', 'MV', 'WLM', NULL),
	('ff87d970-28e0-4fc3-8cb6-a71522ccb834', 'SBT', 'COM', NULL),
	('ff87d970-28e0-4fc3-8cb6-a71522ccb834', 'SBT', 'FPM', NULL),
	('ff87d970-28e0-4fc3-8cb6-a71522ccb834', 'SBT', 'WLM', NULL),
	('ff87d970-28e0-4fc3-8cb6-a71522ccb834', 'SBT', 'PRO', NULL),
	('ff87d970-28e0-4fc3-8cb6-a71522ccb834', 'SBT', 'FPA', NULL),
	('ff87d970-28e0-4fc3-8cb6-a71522ccb834', 'SBT', 'LTW', NULL),
	('7a7ef4c2-9789-48d6-9fb6-b3bbe4808b49', 'EVAL', 'KNO', 3),
	('7a7ef4c2-9789-48d6-9fb6-b3bbe4808b49', 'EVAL', 'FPM', 3),
	('7a7ef4c2-9789-48d6-9fb6-b3bbe4808b49', 'EVAL', 'FPA', 3),
	('7a7ef4c2-9789-48d6-9fb6-b3bbe4808b49', 'EVAL', 'PRO', 3),
	('7a7ef4c2-9789-48d6-9fb6-b3bbe4808b49', 'EVAL', 'WLM', 3),
	('7a7ef4c2-9789-48d6-9fb6-b3bbe4808b49', 'EVAL', 'SAW', 3),
	('7a7ef4c2-9789-48d6-9fb6-b3bbe4808b49', 'EVAL', 'PSD', 3),
	('7a7ef4c2-9789-48d6-9fb6-b3bbe4808b49', 'EVAL', 'COM', 3),
	('7a7ef4c2-9789-48d6-9fb6-b3bbe4808b49', 'EVAL', 'LTW', 3),
	('7a7ef4c2-9789-48d6-9fb6-b3bbe4808b49', 'SBT', 'PRO', NULL),
	('7a7ef4c2-9789-48d6-9fb6-b3bbe4808b49', 'SBT', 'FPA', NULL),
	('f69a0032-c58f-49d7-816e-709195e158e2', 'EVAL', 'KNO', 3),
	('f69a0032-c58f-49d7-816e-709195e158e2', 'EVAL', 'FPM', 3),
	('f69a0032-c58f-49d7-816e-709195e158e2', 'EVAL', 'FPA', 3),
	('f69a0032-c58f-49d7-816e-709195e158e2', 'EVAL', 'PRO', 3),
	('f69a0032-c58f-49d7-816e-709195e158e2', 'EVAL', 'WLM', 3),
	('f69a0032-c58f-49d7-816e-709195e158e2', 'EVAL', 'SAW', 3),
	('f69a0032-c58f-49d7-816e-709195e158e2', 'EVAL', 'PSD', 3),
	('f69a0032-c58f-49d7-816e-709195e158e2', 'EVAL', 'COM', 3),
	('f69a0032-c58f-49d7-816e-709195e158e2', 'EVAL', 'LTW', 3),
	('f69a0032-c58f-49d7-816e-709195e158e2', 'MV', 'FPM', NULL),
	('f69a0032-c58f-49d7-816e-709195e158e2', 'MV', 'PRO', NULL),
	('f69a0032-c58f-49d7-816e-709195e158e2', 'SBT', 'PRO', NULL),
	('f69a0032-c58f-49d7-816e-709195e158e2', 'SBT', 'FPM', NULL),
	('deac7d01-142f-492e-bf3a-4dfa399bc0e6', 'EVAL', 'KNO', 4),
	('deac7d01-142f-492e-bf3a-4dfa399bc0e6', 'EVAL', 'FPM', 3),
	('deac7d01-142f-492e-bf3a-4dfa399bc0e6', 'EVAL', 'FPA', 4),
	('deac7d01-142f-492e-bf3a-4dfa399bc0e6', 'EVAL', 'PRO', 3),
	('deac7d01-142f-492e-bf3a-4dfa399bc0e6', 'EVAL', 'WLM', 3),
	('deac7d01-142f-492e-bf3a-4dfa399bc0e6', 'EVAL', 'SAW', 3),
	('deac7d01-142f-492e-bf3a-4dfa399bc0e6', 'EVAL', 'PSD', 4),
	('deac7d01-142f-492e-bf3a-4dfa399bc0e6', 'EVAL', 'COM', 3),
	('deac7d01-142f-492e-bf3a-4dfa399bc0e6', 'EVAL', 'LTW', 4),
	('deac7d01-142f-492e-bf3a-4dfa399bc0e6', 'MV', 'KNO', NULL),
	('deac7d01-142f-492e-bf3a-4dfa399bc0e6', 'MV', 'PRO', NULL),
	('deac7d01-142f-492e-bf3a-4dfa399bc0e6', 'MV', 'LTW', NULL),
	('deac7d01-142f-492e-bf3a-4dfa399bc0e6', 'MV', 'FPM', NULL),
	('deac7d01-142f-492e-bf3a-4dfa399bc0e6', 'MV', 'FPA', NULL),
	('deac7d01-142f-492e-bf3a-4dfa399bc0e6', 'MV', 'SAW', NULL),
	('deac7d01-142f-492e-bf3a-4dfa399bc0e6', 'SBT', 'KNO', NULL),
	('deac7d01-142f-492e-bf3a-4dfa399bc0e6', 'SBT', 'PRO', NULL),
	('deac7d01-142f-492e-bf3a-4dfa399bc0e6', 'SBT', 'FPM', NULL),
	('deac7d01-142f-492e-bf3a-4dfa399bc0e6', 'SBT', 'FPA', NULL),
	('deac7d01-142f-492e-bf3a-4dfa399bc0e6', 'SBT', 'SAW', NULL),
	('deac7d01-142f-492e-bf3a-4dfa399bc0e6', 'SBT', 'WLM', NULL),
	('dbd881bd-f45e-4b31-9e03-e91b6225f8d1', 'EVAL', 'KNO', 3),
	('dbd881bd-f45e-4b31-9e03-e91b6225f8d1', 'EVAL', 'FPM', 3),
	('dbd881bd-f45e-4b31-9e03-e91b6225f8d1', 'EVAL', 'FPA', 3),
	('dbd881bd-f45e-4b31-9e03-e91b6225f8d1', 'EVAL', 'PRO', 3),
	('dbd881bd-f45e-4b31-9e03-e91b6225f8d1', 'EVAL', 'WLM', 3),
	('dbd881bd-f45e-4b31-9e03-e91b6225f8d1', 'EVAL', 'SAW', 3),
	('dbd881bd-f45e-4b31-9e03-e91b6225f8d1', 'EVAL', 'PSD', 3),
	('dbd881bd-f45e-4b31-9e03-e91b6225f8d1', 'EVAL', 'COM', 3),
	('dbd881bd-f45e-4b31-9e03-e91b6225f8d1', 'EVAL', 'LTW', 3),
	('dbd881bd-f45e-4b31-9e03-e91b6225f8d1', 'MV', 'FPA', NULL),
	('dbd881bd-f45e-4b31-9e03-e91b6225f8d1', 'MV', 'FPM', NULL),
	('dbd881bd-f45e-4b31-9e03-e91b6225f8d1', 'MV', 'SAW', NULL),
	('dbd881bd-f45e-4b31-9e03-e91b6225f8d1', 'MV', 'PRO', NULL),
	('dbd881bd-f45e-4b31-9e03-e91b6225f8d1', 'SBT', 'FPM', NULL),
	('dbd881bd-f45e-4b31-9e03-e91b6225f8d1', 'SBT', 'PSD', NULL),
	('dbd881bd-f45e-4b31-9e03-e91b6225f8d1', 'SBT', 'COM', NULL),
	('a36e9a57-b53a-4444-bd6e-f00449466d24', 'EVAL', 'KNO', 3),
	('a36e9a57-b53a-4444-bd6e-f00449466d24', 'EVAL', 'FPM', 3),
	('a36e9a57-b53a-4444-bd6e-f00449466d24', 'EVAL', 'FPA', 3),
	('a36e9a57-b53a-4444-bd6e-f00449466d24', 'EVAL', 'PRO', 3),
	('a36e9a57-b53a-4444-bd6e-f00449466d24', 'EVAL', 'WLM', 3),
	('a36e9a57-b53a-4444-bd6e-f00449466d24', 'EVAL', 'SAW', 3),
	('a36e9a57-b53a-4444-bd6e-f00449466d24', 'EVAL', 'PSD', 3),
	('a36e9a57-b53a-4444-bd6e-f00449466d24', 'EVAL', 'COM', 3),
	('a36e9a57-b53a-4444-bd6e-f00449466d24', 'EVAL', 'LTW', 4),
	('a36e9a57-b53a-4444-bd6e-f00449466d24', 'MV', 'FPA', NULL),
	('a36e9a57-b53a-4444-bd6e-f00449466d24', 'MV', 'FPM', NULL),
	('a36e9a57-b53a-4444-bd6e-f00449466d24', 'MV', 'SAW', NULL),
	('a36e9a57-b53a-4444-bd6e-f00449466d24', 'MV', 'PRO', NULL),
	('a36e9a57-b53a-4444-bd6e-f00449466d24', 'SBT', 'FPM', NULL),
	('a36e9a57-b53a-4444-bd6e-f00449466d24', 'SBT', 'PSD', NULL),
	('a36e9a57-b53a-4444-bd6e-f00449466d24', 'SBT', 'COM', NULL),
	('6b600317-390f-4426-90a2-18112d877413', 'EVAL', 'KNO', 3),
	('6b600317-390f-4426-90a2-18112d877413', 'EVAL', 'FPM', 4),
	('6b600317-390f-4426-90a2-18112d877413', 'EVAL', 'FPA', 3),
	('6b600317-390f-4426-90a2-18112d877413', 'EVAL', 'PRO', 4),
	('6b600317-390f-4426-90a2-18112d877413', 'EVAL', 'WLM', 3),
	('6b600317-390f-4426-90a2-18112d877413', 'EVAL', 'SAW', 3),
	('6b600317-390f-4426-90a2-18112d877413', 'EVAL', 'PSD', 3),
	('6b600317-390f-4426-90a2-18112d877413', 'EVAL', 'COM', 3),
	('6b600317-390f-4426-90a2-18112d877413', 'EVAL', 'LTW', 3),
	('6b600317-390f-4426-90a2-18112d877413', 'MV', 'FPM', NULL),
	('6b600317-390f-4426-90a2-18112d877413', 'MV', 'SAW', NULL),
	('6b600317-390f-4426-90a2-18112d877413', 'SBT', 'PRO', NULL),
	('6b600317-390f-4426-90a2-18112d877413', 'SBT', 'SAW', NULL),
	('6b600317-390f-4426-90a2-18112d877413', 'SBT', 'FPM', NULL),
	('13e896a6-7bbc-4175-8cb4-1045a9b5aff9', 'EVAL', 'KNO', 3),
	('13e896a6-7bbc-4175-8cb4-1045a9b5aff9', 'EVAL', 'FPM', 3),
	('13e896a6-7bbc-4175-8cb4-1045a9b5aff9', 'EVAL', 'FPA', 3),
	('13e896a6-7bbc-4175-8cb4-1045a9b5aff9', 'EVAL', 'PRO', 3),
	('13e896a6-7bbc-4175-8cb4-1045a9b5aff9', 'EVAL', 'WLM', 3),
	('13e896a6-7bbc-4175-8cb4-1045a9b5aff9', 'EVAL', 'SAW', 3),
	('13e896a6-7bbc-4175-8cb4-1045a9b5aff9', 'EVAL', 'PSD', 3),
	('13e896a6-7bbc-4175-8cb4-1045a9b5aff9', 'EVAL', 'COM', 4),
	('13e896a6-7bbc-4175-8cb4-1045a9b5aff9', 'EVAL', 'LTW', 4),
	('13e896a6-7bbc-4175-8cb4-1045a9b5aff9', 'MV', 'PRO', NULL),
	('13e896a6-7bbc-4175-8cb4-1045a9b5aff9', 'MV', 'FPM', NULL),
	('13e896a6-7bbc-4175-8cb4-1045a9b5aff9', 'MV', 'SAW', NULL),
	('13e896a6-7bbc-4175-8cb4-1045a9b5aff9', 'MV', 'LTW', NULL),
	('13e896a6-7bbc-4175-8cb4-1045a9b5aff9', 'MV', 'WLM', NULL),
	('13e896a6-7bbc-4175-8cb4-1045a9b5aff9', 'SBT', 'COM', NULL),
	('13e896a6-7bbc-4175-8cb4-1045a9b5aff9', 'SBT', 'FPM', NULL),
	('13e896a6-7bbc-4175-8cb4-1045a9b5aff9', 'SBT', 'WLM', NULL),
	('13e896a6-7bbc-4175-8cb4-1045a9b5aff9', 'SBT', 'PRO', NULL),
	('67a78e2d-c0b3-4c41-84d8-a4620c18501c', 'EVAL', 'KNO', 3),
	('67a78e2d-c0b3-4c41-84d8-a4620c18501c', 'EVAL', 'FPM', 3),
	('67a78e2d-c0b3-4c41-84d8-a4620c18501c', 'EVAL', 'FPA', 3),
	('67a78e2d-c0b3-4c41-84d8-a4620c18501c', 'EVAL', 'PRO', 4),
	('67a78e2d-c0b3-4c41-84d8-a4620c18501c', 'EVAL', 'WLM', 3),
	('67a78e2d-c0b3-4c41-84d8-a4620c18501c', 'EVAL', 'SAW', 4),
	('67a78e2d-c0b3-4c41-84d8-a4620c18501c', 'EVAL', 'PSD', 3),
	('67a78e2d-c0b3-4c41-84d8-a4620c18501c', 'EVAL', 'COM', 4),
	('67a78e2d-c0b3-4c41-84d8-a4620c18501c', 'EVAL', 'LTW', 3),
	('67a78e2d-c0b3-4c41-84d8-a4620c18501c', 'MV', 'PRO', NULL),
	('67a78e2d-c0b3-4c41-84d8-a4620c18501c', 'MV', 'FPM', NULL),
	('67a78e2d-c0b3-4c41-84d8-a4620c18501c', 'MV', 'SAW', NULL),
	('67a78e2d-c0b3-4c41-84d8-a4620c18501c', 'MV', 'LTW', NULL),
	('67a78e2d-c0b3-4c41-84d8-a4620c18501c', 'MV', 'WLM', NULL),
	('67a78e2d-c0b3-4c41-84d8-a4620c18501c', 'SBT', 'COM', NULL),
	('67a78e2d-c0b3-4c41-84d8-a4620c18501c', 'SBT', 'FPM', NULL),
	('67a78e2d-c0b3-4c41-84d8-a4620c18501c', 'SBT', 'WLM', NULL),
	('67a78e2d-c0b3-4c41-84d8-a4620c18501c', 'SBT', 'PRO', NULL),
	('cb05ff1c-ec64-41bd-8cfa-3f18633b4eaf', 'EVAL', 'KNO', 3),
	('cb05ff1c-ec64-41bd-8cfa-3f18633b4eaf', 'EVAL', 'FPM', 3),
	('cb05ff1c-ec64-41bd-8cfa-3f18633b4eaf', 'EVAL', 'FPA', 3),
	('cb05ff1c-ec64-41bd-8cfa-3f18633b4eaf', 'EVAL', 'PRO', 3),
	('cb05ff1c-ec64-41bd-8cfa-3f18633b4eaf', 'EVAL', 'WLM', 3),
	('cb05ff1c-ec64-41bd-8cfa-3f18633b4eaf', 'EVAL', 'SAW', 3),
	('cb05ff1c-ec64-41bd-8cfa-3f18633b4eaf', 'EVAL', 'PSD', 3),
	('cb05ff1c-ec64-41bd-8cfa-3f18633b4eaf', 'EVAL', 'COM', 3),
	('cb05ff1c-ec64-41bd-8cfa-3f18633b4eaf', 'EVAL', 'LTW', 3),
	('cb05ff1c-ec64-41bd-8cfa-3f18633b4eaf', 'MV', 'FPM', NULL),
	('cb05ff1c-ec64-41bd-8cfa-3f18633b4eaf', 'MV', 'PRO', NULL),
	('cb05ff1c-ec64-41bd-8cfa-3f18633b4eaf', 'SBT', 'PRO', NULL),
	('cb05ff1c-ec64-41bd-8cfa-3f18633b4eaf', 'SBT', 'FPM', NULL),
	('25bf30a0-d9d9-402e-b668-d2aa947f6c43', 'EVAL', 'KNO', 3),
	('25bf30a0-d9d9-402e-b668-d2aa947f6c43', 'EVAL', 'FPM', 3),
	('25bf30a0-d9d9-402e-b668-d2aa947f6c43', 'EVAL', 'FPA', 3),
	('25bf30a0-d9d9-402e-b668-d2aa947f6c43', 'EVAL', 'PRO', 3),
	('25bf30a0-d9d9-402e-b668-d2aa947f6c43', 'EVAL', 'WLM', 3),
	('25bf30a0-d9d9-402e-b668-d2aa947f6c43', 'EVAL', 'SAW', 3),
	('25bf30a0-d9d9-402e-b668-d2aa947f6c43', 'EVAL', 'PSD', 3),
	('25bf30a0-d9d9-402e-b668-d2aa947f6c43', 'EVAL', 'COM', 3),
	('25bf30a0-d9d9-402e-b668-d2aa947f6c43', 'EVAL', 'LTW', 3),
	('25bf30a0-d9d9-402e-b668-d2aa947f6c43', 'MV', 'FPM', NULL),
	('25bf30a0-d9d9-402e-b668-d2aa947f6c43', 'MV', 'PRO', NULL),
	('25bf30a0-d9d9-402e-b668-d2aa947f6c43', 'SBT', 'PRO', NULL),
	('25bf30a0-d9d9-402e-b668-d2aa947f6c43', 'SBT', 'FPM', NULL),
	('ba00faa0-51f8-46f1-bdc0-e3ed42bbe6d0', 'EVAL', 'KNO', 3),
	('ba00faa0-51f8-46f1-bdc0-e3ed42bbe6d0', 'EVAL', 'FPM', 3),
	('ba00faa0-51f8-46f1-bdc0-e3ed42bbe6d0', 'EVAL', 'FPA', 3),
	('ba00faa0-51f8-46f1-bdc0-e3ed42bbe6d0', 'EVAL', 'PRO', 3),
	('ba00faa0-51f8-46f1-bdc0-e3ed42bbe6d0', 'EVAL', 'WLM', 3),
	('ba00faa0-51f8-46f1-bdc0-e3ed42bbe6d0', 'EVAL', 'SAW', 3),
	('ba00faa0-51f8-46f1-bdc0-e3ed42bbe6d0', 'EVAL', 'PSD', 3),
	('ba00faa0-51f8-46f1-bdc0-e3ed42bbe6d0', 'EVAL', 'COM', 3),
	('ba00faa0-51f8-46f1-bdc0-e3ed42bbe6d0', 'EVAL', 'LTW', 3),
	('ba00faa0-51f8-46f1-bdc0-e3ed42bbe6d0', 'MV', 'KNO', NULL),
	('ba00faa0-51f8-46f1-bdc0-e3ed42bbe6d0', 'MV', 'PRO', NULL),
	('ba00faa0-51f8-46f1-bdc0-e3ed42bbe6d0', 'MV', 'LTW', NULL),
	('ba00faa0-51f8-46f1-bdc0-e3ed42bbe6d0', 'MV', 'FPM', NULL),
	('ba00faa0-51f8-46f1-bdc0-e3ed42bbe6d0', 'MV', 'FPA', NULL),
	('ba00faa0-51f8-46f1-bdc0-e3ed42bbe6d0', 'MV', 'SAW', NULL),
	('ba00faa0-51f8-46f1-bdc0-e3ed42bbe6d0', 'SBT', 'KNO', NULL),
	('ba00faa0-51f8-46f1-bdc0-e3ed42bbe6d0', 'SBT', 'PRO', NULL),
	('ba00faa0-51f8-46f1-bdc0-e3ed42bbe6d0', 'SBT', 'FPM', NULL),
	('ba00faa0-51f8-46f1-bdc0-e3ed42bbe6d0', 'SBT', 'FPA', NULL),
	('ba00faa0-51f8-46f1-bdc0-e3ed42bbe6d0', 'SBT', 'SAW', NULL),
	('ba00faa0-51f8-46f1-bdc0-e3ed42bbe6d0', 'SBT', 'WLM', NULL),
	('07d82536-e863-4dfc-b72d-765e08455734', 'EVAL', 'KNO', 3),
	('07d82536-e863-4dfc-b72d-765e08455734', 'EVAL', 'FPM', 3),
	('07d82536-e863-4dfc-b72d-765e08455734', 'EVAL', 'FPA', 3),
	('07d82536-e863-4dfc-b72d-765e08455734', 'EVAL', 'PRO', 4),
	('07d82536-e863-4dfc-b72d-765e08455734', 'EVAL', 'WLM', 4),
	('07d82536-e863-4dfc-b72d-765e08455734', 'EVAL', 'SAW', 4),
	('07d82536-e863-4dfc-b72d-765e08455734', 'EVAL', 'PSD', 3),
	('07d82536-e863-4dfc-b72d-765e08455734', 'EVAL', 'COM', 4),
	('07d82536-e863-4dfc-b72d-765e08455734', 'EVAL', 'LTW', 3),
	('07d82536-e863-4dfc-b72d-765e08455734', 'MV', 'FPM', NULL),
	('07d82536-e863-4dfc-b72d-765e08455734', 'MV', 'PRO', NULL),
	('07d82536-e863-4dfc-b72d-765e08455734', 'SBT', 'KNO', NULL),
	('07d82536-e863-4dfc-b72d-765e08455734', 'SBT', 'PRO', NULL),
	('07d82536-e863-4dfc-b72d-765e08455734', 'SBT', 'COM', NULL),
	('7dd84855-ecb0-43d7-944b-46ec77e146e6', 'EVAL', 'KNO', 3),
	('7dd84855-ecb0-43d7-944b-46ec77e146e6', 'EVAL', 'FPM', 3),
	('7dd84855-ecb0-43d7-944b-46ec77e146e6', 'EVAL', 'FPA', 3),
	('7dd84855-ecb0-43d7-944b-46ec77e146e6', 'EVAL', 'PRO', 3),
	('7dd84855-ecb0-43d7-944b-46ec77e146e6', 'EVAL', 'WLM', 3),
	('7dd84855-ecb0-43d7-944b-46ec77e146e6', 'EVAL', 'SAW', 3),
	('7dd84855-ecb0-43d7-944b-46ec77e146e6', 'EVAL', 'PSD', 3),
	('7dd84855-ecb0-43d7-944b-46ec77e146e6', 'EVAL', 'COM', 3),
	('7dd84855-ecb0-43d7-944b-46ec77e146e6', 'EVAL', 'LTW', 3),
	('7dd84855-ecb0-43d7-944b-46ec77e146e6', 'MV', 'KNO', NULL),
	('7dd84855-ecb0-43d7-944b-46ec77e146e6', 'MV', 'FPM', NULL),
	('7dd84855-ecb0-43d7-944b-46ec77e146e6', 'MV', 'FPA', NULL),
	('7dd84855-ecb0-43d7-944b-46ec77e146e6', 'MV', 'LTW', NULL),
	('7dd84855-ecb0-43d7-944b-46ec77e146e6', 'MV', 'SAW', NULL),
	('7dd84855-ecb0-43d7-944b-46ec77e146e6', 'SBT', 'KNO', NULL),
	('7dd84855-ecb0-43d7-944b-46ec77e146e6', 'SBT', 'FPM', NULL),
	('7dd84855-ecb0-43d7-944b-46ec77e146e6', 'SBT', 'FPA', NULL),
	('7dd84855-ecb0-43d7-944b-46ec77e146e6', 'SBT', 'SAW', NULL),
	('7dd84855-ecb0-43d7-944b-46ec77e146e6', 'SBT', 'PRO', NULL),
	('e906f7a1-646e-4b2c-a40d-ff6e6cd46fbb', 'EVAL', 'KNO', 3),
	('e906f7a1-646e-4b2c-a40d-ff6e6cd46fbb', 'EVAL', 'FPM', 3),
	('e906f7a1-646e-4b2c-a40d-ff6e6cd46fbb', 'EVAL', 'FPA', 3),
	('e906f7a1-646e-4b2c-a40d-ff6e6cd46fbb', 'EVAL', 'PRO', 3),
	('e906f7a1-646e-4b2c-a40d-ff6e6cd46fbb', 'EVAL', 'WLM', 3),
	('e906f7a1-646e-4b2c-a40d-ff6e6cd46fbb', 'EVAL', 'SAW', 3),
	('e906f7a1-646e-4b2c-a40d-ff6e6cd46fbb', 'EVAL', 'PSD', 3),
	('e906f7a1-646e-4b2c-a40d-ff6e6cd46fbb', 'EVAL', 'COM', 3),
	('e906f7a1-646e-4b2c-a40d-ff6e6cd46fbb', 'EVAL', 'LTW', 3),
	('e906f7a1-646e-4b2c-a40d-ff6e6cd46fbb', 'MV', 'KNO', NULL),
	('e906f7a1-646e-4b2c-a40d-ff6e6cd46fbb', 'MV', 'FPM', NULL),
	('e906f7a1-646e-4b2c-a40d-ff6e6cd46fbb', 'MV', 'FPA', NULL),
	('e906f7a1-646e-4b2c-a40d-ff6e6cd46fbb', 'MV', 'LTW', NULL),
	('e906f7a1-646e-4b2c-a40d-ff6e6cd46fbb', 'MV', 'SAW', NULL),
	('e906f7a1-646e-4b2c-a40d-ff6e6cd46fbb', 'SBT', 'KNO', NULL),
	('e906f7a1-646e-4b2c-a40d-ff6e6cd46fbb', 'SBT', 'FPM', NULL),
	('e906f7a1-646e-4b2c-a40d-ff6e6cd46fbb', 'SBT', 'FPA', NULL),
	('e906f7a1-646e-4b2c-a40d-ff6e6cd46fbb', 'SBT', 'SAW', NULL),
	('e906f7a1-646e-4b2c-a40d-ff6e6cd46fbb', 'SBT', 'PRO', NULL),
	('50a540cb-673f-4837-9c33-7a012519c4f0', 'EVAL', 'KNO', 3),
	('50a540cb-673f-4837-9c33-7a012519c4f0', 'EVAL', 'FPM', 3),
	('50a540cb-673f-4837-9c33-7a012519c4f0', 'EVAL', 'FPA', 3),
	('50a540cb-673f-4837-9c33-7a012519c4f0', 'EVAL', 'PRO', 3),
	('50a540cb-673f-4837-9c33-7a012519c4f0', 'EVAL', 'WLM', 3),
	('50a540cb-673f-4837-9c33-7a012519c4f0', 'EVAL', 'SAW', 3),
	('50a540cb-673f-4837-9c33-7a012519c4f0', 'EVAL', 'PSD', 3),
	('50a540cb-673f-4837-9c33-7a012519c4f0', 'EVAL', 'COM', 3),
	('50a540cb-673f-4837-9c33-7a012519c4f0', 'EVAL', 'LTW', 3),
	('50a540cb-673f-4837-9c33-7a012519c4f0', 'MV', 'FPM', NULL),
	('50a540cb-673f-4837-9c33-7a012519c4f0', 'MV', 'FPA', NULL),
	('50a540cb-673f-4837-9c33-7a012519c4f0', 'MV', 'SAW', NULL),
	('50a540cb-673f-4837-9c33-7a012519c4f0', 'MV', 'PRO', NULL),
	('50a540cb-673f-4837-9c33-7a012519c4f0', 'MV', 'WLM', NULL),
	('eca17e8c-b2b1-4d48-84b7-4b636310c443', 'EVAL', 'KNO', 4),
	('eca17e8c-b2b1-4d48-84b7-4b636310c443', 'EVAL', 'FPM', 3),
	('eca17e8c-b2b1-4d48-84b7-4b636310c443', 'EVAL', 'FPA', 4),
	('eca17e8c-b2b1-4d48-84b7-4b636310c443', 'EVAL', 'PRO', 3),
	('eca17e8c-b2b1-4d48-84b7-4b636310c443', 'EVAL', 'WLM', 3),
	('eca17e8c-b2b1-4d48-84b7-4b636310c443', 'EVAL', 'SAW', 3),
	('eca17e8c-b2b1-4d48-84b7-4b636310c443', 'EVAL', 'PSD', 3),
	('eca17e8c-b2b1-4d48-84b7-4b636310c443', 'EVAL', 'COM', 3),
	('eca17e8c-b2b1-4d48-84b7-4b636310c443', 'EVAL', 'LTW', 3),
	('eca17e8c-b2b1-4d48-84b7-4b636310c443', 'MV', 'FPM', NULL),
	('eca17e8c-b2b1-4d48-84b7-4b636310c443', 'MV', 'PRO', NULL),
	('eca17e8c-b2b1-4d48-84b7-4b636310c443', 'SBT', 'KNO', NULL),
	('eca17e8c-b2b1-4d48-84b7-4b636310c443', 'SBT', 'PRO', NULL),
	('eca17e8c-b2b1-4d48-84b7-4b636310c443', 'SBT', 'SAW', NULL),
	('4a0dbfec-00bf-4807-87ed-fcb7a72be8cc', 'EVAL', 'KNO', 3),
	('4a0dbfec-00bf-4807-87ed-fcb7a72be8cc', 'EVAL', 'FPM', 3),
	('4a0dbfec-00bf-4807-87ed-fcb7a72be8cc', 'EVAL', 'FPA', 3),
	('4a0dbfec-00bf-4807-87ed-fcb7a72be8cc', 'EVAL', 'PRO', 3),
	('4a0dbfec-00bf-4807-87ed-fcb7a72be8cc', 'EVAL', 'WLM', 3),
	('4a0dbfec-00bf-4807-87ed-fcb7a72be8cc', 'EVAL', 'SAW', 4),
	('4a0dbfec-00bf-4807-87ed-fcb7a72be8cc', 'EVAL', 'PSD', 3),
	('4a0dbfec-00bf-4807-87ed-fcb7a72be8cc', 'EVAL', 'COM', 3),
	('4a0dbfec-00bf-4807-87ed-fcb7a72be8cc', 'EVAL', 'LTW', 3),
	('4a0dbfec-00bf-4807-87ed-fcb7a72be8cc', 'MV', 'FPM', NULL),
	('4a0dbfec-00bf-4807-87ed-fcb7a72be8cc', 'MV', 'FPA', NULL),
	('4a0dbfec-00bf-4807-87ed-fcb7a72be8cc', 'MV', 'PRO', NULL),
	('4a0dbfec-00bf-4807-87ed-fcb7a72be8cc', 'SBT', 'KNO', NULL),
	('4a0dbfec-00bf-4807-87ed-fcb7a72be8cc', 'SBT', 'PRO', NULL),
	('4a0dbfec-00bf-4807-87ed-fcb7a72be8cc', 'SBT', 'FPM', NULL),
	('4a0dbfec-00bf-4807-87ed-fcb7a72be8cc', 'SBT', 'FPA', NULL),
	('e4cd93dd-acac-4dc1-b105-bcf584ae558a', 'EVAL', 'KNO', 2),
	('e4cd93dd-acac-4dc1-b105-bcf584ae558a', 'EVAL', 'FPM', 2),
	('e4cd93dd-acac-4dc1-b105-bcf584ae558a', 'EVAL', 'FPA', 2),
	('e4cd93dd-acac-4dc1-b105-bcf584ae558a', 'EVAL', 'PRO', 1),
	('e4cd93dd-acac-4dc1-b105-bcf584ae558a', 'EVAL', 'WLM', 2),
	('e4cd93dd-acac-4dc1-b105-bcf584ae558a', 'EVAL', 'SAW', 2),
	('e4cd93dd-acac-4dc1-b105-bcf584ae558a', 'EVAL', 'PSD', 3),
	('e4cd93dd-acac-4dc1-b105-bcf584ae558a', 'EVAL', 'COM', 3),
	('e4cd93dd-acac-4dc1-b105-bcf584ae558a', 'EVAL', 'LTW', 3),
	('e4cd93dd-acac-4dc1-b105-bcf584ae558a', 'MV', 'FPA', NULL),
	('e4cd93dd-acac-4dc1-b105-bcf584ae558a', 'MV', 'PRO', NULL),
	('e4cd93dd-acac-4dc1-b105-bcf584ae558a', 'MV', 'FPM', NULL),
	('e4cd93dd-acac-4dc1-b105-bcf584ae558a', 'MV', 'WLM', NULL),
	('e4cd93dd-acac-4dc1-b105-bcf584ae558a', 'SBT', 'KNO', NULL),
	('e4cd93dd-acac-4dc1-b105-bcf584ae558a', 'SBT', 'FPM', NULL),
	('e4cd93dd-acac-4dc1-b105-bcf584ae558a', 'SBT', 'FPA', NULL),
	('e4cd93dd-acac-4dc1-b105-bcf584ae558a', 'SBT', 'PRO', NULL),
	('e4cd93dd-acac-4dc1-b105-bcf584ae558a', 'SBT', 'WLM', NULL),
	('d04f24b3-edc3-4c1f-af08-c451f4998917', 'EVAL', 'KNO', 3),
	('d04f24b3-edc3-4c1f-af08-c451f4998917', 'EVAL', 'FPM', 3),
	('d04f24b3-edc3-4c1f-af08-c451f4998917', 'EVAL', 'FPA', 4),
	('d04f24b3-edc3-4c1f-af08-c451f4998917', 'EVAL', 'PRO', 4),
	('d04f24b3-edc3-4c1f-af08-c451f4998917', 'EVAL', 'WLM', 4),
	('d04f24b3-edc3-4c1f-af08-c451f4998917', 'EVAL', 'SAW', 4),
	('d04f24b3-edc3-4c1f-af08-c451f4998917', 'EVAL', 'PSD', 4),
	('d04f24b3-edc3-4c1f-af08-c451f4998917', 'EVAL', 'COM', 3),
	('d04f24b3-edc3-4c1f-af08-c451f4998917', 'EVAL', 'LTW', 4),
	('d04f24b3-edc3-4c1f-af08-c451f4998917', 'MV', 'FPA', NULL),
	('d04f24b3-edc3-4c1f-af08-c451f4998917', 'MV', 'PRO', NULL),
	('d04f24b3-edc3-4c1f-af08-c451f4998917', 'MV', 'FPM', NULL),
	('d04f24b3-edc3-4c1f-af08-c451f4998917', 'MV', 'WLM', NULL),
	('d04f24b3-edc3-4c1f-af08-c451f4998917', 'SBT', 'KNO', NULL),
	('d04f24b3-edc3-4c1f-af08-c451f4998917', 'SBT', 'FPM', NULL),
	('d04f24b3-edc3-4c1f-af08-c451f4998917', 'SBT', 'FPA', NULL),
	('d04f24b3-edc3-4c1f-af08-c451f4998917', 'SBT', 'PRO', NULL),
	('d04f24b3-edc3-4c1f-af08-c451f4998917', 'SBT', 'WLM', NULL),
	('87144443-502c-46c8-820c-551806c23e90', 'EVAL', 'KNO', 3),
	('87144443-502c-46c8-820c-551806c23e90', 'EVAL', 'FPM', 3),
	('87144443-502c-46c8-820c-551806c23e90', 'EVAL', 'FPA', 3),
	('87144443-502c-46c8-820c-551806c23e90', 'EVAL', 'PRO', 3),
	('87144443-502c-46c8-820c-551806c23e90', 'EVAL', 'WLM', 3),
	('87144443-502c-46c8-820c-551806c23e90', 'EVAL', 'SAW', 3),
	('87144443-502c-46c8-820c-551806c23e90', 'EVAL', 'PSD', 3),
	('87144443-502c-46c8-820c-551806c23e90', 'EVAL', 'COM', 3),
	('87144443-502c-46c8-820c-551806c23e90', 'EVAL', 'LTW', 3),
	('87144443-502c-46c8-820c-551806c23e90', 'MV', 'KNO', NULL),
	('87144443-502c-46c8-820c-551806c23e90', 'MV', 'FPM', NULL),
	('87144443-502c-46c8-820c-551806c23e90', 'MV', 'FPA', NULL),
	('87144443-502c-46c8-820c-551806c23e90', 'MV', 'SAW', NULL),
	('87144443-502c-46c8-820c-551806c23e90', 'MV', 'PRO', NULL),
	('87144443-502c-46c8-820c-551806c23e90', 'MV', 'WLM', NULL),
	('87144443-502c-46c8-820c-551806c23e90', 'SBT', 'KNO', NULL),
	('87144443-502c-46c8-820c-551806c23e90', 'SBT', 'PRO', NULL),
	('87144443-502c-46c8-820c-551806c23e90', 'SBT', 'WLM', NULL),
	('5c6654f0-7b1a-4962-9665-d16a246b1ae7', 'EVAL', 'KNO', 3),
	('5c6654f0-7b1a-4962-9665-d16a246b1ae7', 'EVAL', 'FPM', 3),
	('5c6654f0-7b1a-4962-9665-d16a246b1ae7', 'EVAL', 'FPA', 3),
	('5c6654f0-7b1a-4962-9665-d16a246b1ae7', 'EVAL', 'PRO', 3),
	('5c6654f0-7b1a-4962-9665-d16a246b1ae7', 'EVAL', 'WLM', 3),
	('5c6654f0-7b1a-4962-9665-d16a246b1ae7', 'EVAL', 'SAW', 3),
	('5c6654f0-7b1a-4962-9665-d16a246b1ae7', 'EVAL', 'PSD', 3),
	('5c6654f0-7b1a-4962-9665-d16a246b1ae7', 'EVAL', 'COM', 3),
	('5c6654f0-7b1a-4962-9665-d16a246b1ae7', 'EVAL', 'LTW', 3),
	('5c6654f0-7b1a-4962-9665-d16a246b1ae7', 'MV', 'KNO', NULL),
	('5c6654f0-7b1a-4962-9665-d16a246b1ae7', 'MV', 'FPM', NULL),
	('5c6654f0-7b1a-4962-9665-d16a246b1ae7', 'MV', 'FPA', NULL),
	('5c6654f0-7b1a-4962-9665-d16a246b1ae7', 'MV', 'SAW', NULL),
	('5c6654f0-7b1a-4962-9665-d16a246b1ae7', 'MV', 'PRO', NULL),
	('5c6654f0-7b1a-4962-9665-d16a246b1ae7', 'MV', 'WLM', NULL),
	('5c6654f0-7b1a-4962-9665-d16a246b1ae7', 'SBT', 'KNO', NULL),
	('5c6654f0-7b1a-4962-9665-d16a246b1ae7', 'SBT', 'PRO', NULL),
	('5c6654f0-7b1a-4962-9665-d16a246b1ae7', 'SBT', 'WLM', NULL),
	('67624fe7-f7fb-4b8d-aefb-b4a45a333c02', 'EVAL', 'KNO', 4),
	('67624fe7-f7fb-4b8d-aefb-b4a45a333c02', 'EVAL', 'FPM', 4),
	('67624fe7-f7fb-4b8d-aefb-b4a45a333c02', 'EVAL', 'FPA', 4),
	('67624fe7-f7fb-4b8d-aefb-b4a45a333c02', 'EVAL', 'PRO', 3),
	('67624fe7-f7fb-4b8d-aefb-b4a45a333c02', 'EVAL', 'WLM', 4),
	('67624fe7-f7fb-4b8d-aefb-b4a45a333c02', 'EVAL', 'SAW', 4),
	('67624fe7-f7fb-4b8d-aefb-b4a45a333c02', 'EVAL', 'PSD', 4),
	('67624fe7-f7fb-4b8d-aefb-b4a45a333c02', 'EVAL', 'COM', 4),
	('67624fe7-f7fb-4b8d-aefb-b4a45a333c02', 'EVAL', 'LTW', 4),
	('67624fe7-f7fb-4b8d-aefb-b4a45a333c02', 'MV', 'FPM', NULL),
	('67624fe7-f7fb-4b8d-aefb-b4a45a333c02', 'MV', 'PRO', NULL),
	('67624fe7-f7fb-4b8d-aefb-b4a45a333c02', 'SBT', 'KNO', NULL),
	('67624fe7-f7fb-4b8d-aefb-b4a45a333c02', 'SBT', 'PRO', NULL),
	('67624fe7-f7fb-4b8d-aefb-b4a45a333c02', 'SBT', 'WLM', NULL),
	('57d63447-39ed-4786-a222-8edb4d56781c', 'EVAL', 'KNO', 3),
	('57d63447-39ed-4786-a222-8edb4d56781c', 'EVAL', 'FPM', 3),
	('57d63447-39ed-4786-a222-8edb4d56781c', 'EVAL', 'FPA', 3),
	('57d63447-39ed-4786-a222-8edb4d56781c', 'EVAL', 'PRO', 3),
	('57d63447-39ed-4786-a222-8edb4d56781c', 'EVAL', 'WLM', 3),
	('57d63447-39ed-4786-a222-8edb4d56781c', 'EVAL', 'SAW', 3),
	('57d63447-39ed-4786-a222-8edb4d56781c', 'EVAL', 'PSD', 3),
	('57d63447-39ed-4786-a222-8edb4d56781c', 'EVAL', 'COM', 3),
	('57d63447-39ed-4786-a222-8edb4d56781c', 'EVAL', 'LTW', 3),
	('57d63447-39ed-4786-a222-8edb4d56781c', 'MV', 'FPA', NULL),
	('57d63447-39ed-4786-a222-8edb4d56781c', 'MV', 'PRO', NULL),
	('57d63447-39ed-4786-a222-8edb4d56781c', 'MV', 'FPM', NULL),
	('57d63447-39ed-4786-a222-8edb4d56781c', 'MV', 'WLM', NULL),
	('57d63447-39ed-4786-a222-8edb4d56781c', 'SBT', 'KNO', NULL),
	('57d63447-39ed-4786-a222-8edb4d56781c', 'SBT', 'FPM', NULL),
	('57d63447-39ed-4786-a222-8edb4d56781c', 'SBT', 'FPA', NULL),
	('57d63447-39ed-4786-a222-8edb4d56781c', 'SBT', 'PRO', NULL),
	('57d63447-39ed-4786-a222-8edb4d56781c', 'SBT', 'WLM', NULL),
	('514dd5d0-d4be-4f4e-b9d4-7996d87bf821', 'EVAL', 'KNO', 3),
	('514dd5d0-d4be-4f4e-b9d4-7996d87bf821', 'EVAL', 'FPM', 2),
	('514dd5d0-d4be-4f4e-b9d4-7996d87bf821', 'EVAL', 'FPA', 3),
	('514dd5d0-d4be-4f4e-b9d4-7996d87bf821', 'EVAL', 'PRO', 2),
	('514dd5d0-d4be-4f4e-b9d4-7996d87bf821', 'EVAL', 'WLM', 2),
	('514dd5d0-d4be-4f4e-b9d4-7996d87bf821', 'EVAL', 'SAW', 3),
	('514dd5d0-d4be-4f4e-b9d4-7996d87bf821', 'EVAL', 'PSD', 3),
	('514dd5d0-d4be-4f4e-b9d4-7996d87bf821', 'EVAL', 'COM', 3),
	('514dd5d0-d4be-4f4e-b9d4-7996d87bf821', 'EVAL', 'LTW', 3),
	('514dd5d0-d4be-4f4e-b9d4-7996d87bf821', 'MV', 'FPM', NULL),
	('514dd5d0-d4be-4f4e-b9d4-7996d87bf821', 'MV', 'FPA', NULL),
	('514dd5d0-d4be-4f4e-b9d4-7996d87bf821', 'MV', 'PRO', NULL),
	('514dd5d0-d4be-4f4e-b9d4-7996d87bf821', 'MV', 'KNO', NULL),
	('514dd5d0-d4be-4f4e-b9d4-7996d87bf821', 'SBT', 'KNO', NULL),
	('514dd5d0-d4be-4f4e-b9d4-7996d87bf821', 'SBT', 'PRO', NULL),
	('514dd5d0-d4be-4f4e-b9d4-7996d87bf821', 'SBT', 'FPM', NULL),
	('514dd5d0-d4be-4f4e-b9d4-7996d87bf821', 'SBT', 'FPA', NULL),
	('37f0360e-148a-4b4a-895f-710f5266af07', 'EVAL', 'KNO', 3),
	('37f0360e-148a-4b4a-895f-710f5266af07', 'EVAL', 'FPM', 3),
	('37f0360e-148a-4b4a-895f-710f5266af07', 'EVAL', 'FPA', 4),
	('37f0360e-148a-4b4a-895f-710f5266af07', 'EVAL', 'PRO', 4),
	('37f0360e-148a-4b4a-895f-710f5266af07', 'EVAL', 'WLM', 4),
	('37f0360e-148a-4b4a-895f-710f5266af07', 'EVAL', 'SAW', 4),
	('37f0360e-148a-4b4a-895f-710f5266af07', 'EVAL', 'PSD', 4),
	('37f0360e-148a-4b4a-895f-710f5266af07', 'EVAL', 'COM', 4),
	('37f0360e-148a-4b4a-895f-710f5266af07', 'EVAL', 'LTW', 4),
	('37f0360e-148a-4b4a-895f-710f5266af07', 'MV', 'FPM', NULL),
	('37f0360e-148a-4b4a-895f-710f5266af07', 'MV', 'FPA', NULL),
	('37f0360e-148a-4b4a-895f-710f5266af07', 'MV', 'PRO', NULL),
	('37f0360e-148a-4b4a-895f-710f5266af07', 'MV', 'KNO', NULL),
	('37f0360e-148a-4b4a-895f-710f5266af07', 'SBT', 'KNO', NULL),
	('37f0360e-148a-4b4a-895f-710f5266af07', 'SBT', 'FPM', NULL),
	('37f0360e-148a-4b4a-895f-710f5266af07', 'SBT', 'FPA', NULL),
	('37f0360e-148a-4b4a-895f-710f5266af07', 'SBT', 'PRO', NULL),
	('37f0360e-148a-4b4a-895f-710f5266af07', 'SBT', 'WLM', NULL),
	('37f0360e-148a-4b4a-895f-710f5266af07', 'SBT', 'SAW', NULL),
	('817eac20-91dc-4ff5-a572-7bf98c23ee9b', 'EVAL', 'KNO', 3),
	('817eac20-91dc-4ff5-a572-7bf98c23ee9b', 'EVAL', 'FPM', 3),
	('817eac20-91dc-4ff5-a572-7bf98c23ee9b', 'EVAL', 'FPA', 3),
	('817eac20-91dc-4ff5-a572-7bf98c23ee9b', 'EVAL', 'PRO', 4),
	('817eac20-91dc-4ff5-a572-7bf98c23ee9b', 'EVAL', 'WLM', 3),
	('817eac20-91dc-4ff5-a572-7bf98c23ee9b', 'EVAL', 'SAW', 3),
	('817eac20-91dc-4ff5-a572-7bf98c23ee9b', 'EVAL', 'PSD', 4),
	('817eac20-91dc-4ff5-a572-7bf98c23ee9b', 'EVAL', 'COM', 3),
	('817eac20-91dc-4ff5-a572-7bf98c23ee9b', 'EVAL', 'LTW', 4),
	('817eac20-91dc-4ff5-a572-7bf98c23ee9b', 'MV', 'FPM', NULL),
	('817eac20-91dc-4ff5-a572-7bf98c23ee9b', 'MV', 'FPA', NULL),
	('817eac20-91dc-4ff5-a572-7bf98c23ee9b', 'MV', 'PRO', NULL),
	('817eac20-91dc-4ff5-a572-7bf98c23ee9b', 'MV', 'KNO', NULL),
	('817eac20-91dc-4ff5-a572-7bf98c23ee9b', 'SBT', 'KNO', NULL),
	('817eac20-91dc-4ff5-a572-7bf98c23ee9b', 'SBT', 'FPM', NULL),
	('817eac20-91dc-4ff5-a572-7bf98c23ee9b', 'SBT', 'FPA', NULL),
	('817eac20-91dc-4ff5-a572-7bf98c23ee9b', 'SBT', 'PRO', NULL),
	('817eac20-91dc-4ff5-a572-7bf98c23ee9b', 'SBT', 'WLM', NULL),
	('817eac20-91dc-4ff5-a572-7bf98c23ee9b', 'SBT', 'SAW', NULL);


--
-- Data for Name: report_documents; Type: TABLE DATA; Schema: public; Owner: postgres
--



--
-- Data for Name: report_observed_behaviours; Type: TABLE DATA; Schema: public; Owner: postgres
--



--
-- Data for Name: report_phases; Type: TABLE DATA; Schema: public; Owner: postgres
--

INSERT INTO "ebt"."report_phases" ("id", "report_id", "phase", "progress", "result", "technical_events", "non_technical_events", "overall_comments") VALUES
	('66e0a831-3e60-440c-b746-b88f34118c81', 'bfa37d04-b655-454d-a565-125bf3eda24e', 'MV', 'achieved', NULL, NULL, NULL, 'FPM good, work on sequence and calls.'),
	('34d8d4bd-71f9-4b6f-a628-80e7484c29bc', 'bfa37d04-b655-454d-a565-125bf3eda24e', 'SBT', 'achieved', NULL, NULL, NULL, 'Satisfactory outcome for Unreliable Airspeed. Good COM, almost all OB shown. PSD, well performed.'),
	('ee6d9a6e-20fe-449a-8d6d-53347a577852', 'bfa37d04-b655-454d-a565-125bf3eda24e', 'ISI', 'achieved', NULL, NULL, NULL, 'Good calls.'),
	('c7c0ad81-9d34-4641-8a9d-6d6e651c37bb', 'f51d052a-57e2-4706-a197-1dfdc908f3bf', 'EVAL', NULL, 'pass', 'No comment .', 'No comment', 'Well managed exercise'),
	('61b8ff38-7b69-4c3d-b84f-3ada2d334e13', 'd1354639-5ba6-46fd-9457-9d62e4f43223', 'EVAL', NULL, 'pass', 'ENG OIL FILTER BYPASS
DUAL FMC FAILURE', 'Glideslope and Localiser failure', 'Good use of all competencies.'),
	('c9e0429b-7088-4ab0-8381-b4bdc3c4eefa', 'f51d052a-57e2-4706-a197-1dfdc908f3bf', 'MV', 'achieved', NULL, NULL, NULL, 'Good SAW / management taking over from F.O. ( PF) due high workload for approach and landing'),
	('d23b39a9-b24e-4de5-b2ab-cd3b107be5fc', '228ea722-495d-45e3-a319-b318e1afa4b9', 'EVAL', NULL, 'pass', 'ENG OIL FILTER BYPASS
DUAL FMC FAILURE', 'Glideslope and Localiser failure', 'Good COM and APK
Good support and speaking up.'),
	('e5889898-e574-400f-a6df-bf372b1acb39', 'd1354639-5ba6-46fd-9457-9d62e4f43223', 'MV', 'achieved', NULL, NULL, NULL, 'All manoeuvres completed to a satisfactory standard.'),
	('9e322613-40ed-4d82-ad0d-728413b1a42e', '57f972f0-5218-41a1-9433-836261807695', 'EVAL', NULL, 'pass', 'OIL FILTER BLOCKAGE
BOTH FMC FAIL', 'G/S and LLZ Failure', 'Ensure appropriate Navaids are selected.
Briefing to include LLZ Minima in case of G/S failure.
Run C/L for FUEL CONFIG, to confirm no fuel leak.'),
	('b888e3a5-2164-420c-bf49-b38eb73f3ec5', 'bfa37d04-b655-454d-a565-125bf3eda24e', 'EVAL', NULL, 'pass', 'OIL FILTER 
BOTH FMC FAIL', 'G/S and LLZ failure', 'Ensure changes are confirmed in the FMC before executing.
Review non-precision instrument approach profile and work on tracking.
Review EFATO sequence and calls.'),
	('51f11470-f3e1-4a5a-b416-110056b74823', 'cbfa4702-9aac-467a-85b3-3ea151ce64e6', 'MV', 'achieved', NULL, NULL, NULL, 'FPM good, work on sequence and calls.'),
	('0ad00f43-ae6d-4969-bfc4-973b7c07c6a8', 'cbfa4702-9aac-467a-85b3-3ea151ce64e6', 'SBT', 'achieved', NULL, NULL, NULL, 'Good PSD for Unreliable Airspeed. Continued to review indications and corrected initial decision, leading to a successful outcome.'),
	('eb9bfc38-b5c7-4f49-9611-d11690d8be5f', 'cbfa4702-9aac-467a-85b3-3ea151ce64e6', 'ISI', 'achieved', NULL, NULL, NULL, 'None'),
	('3affcb92-b4e2-48c7-8ac0-cfee8b20edde', '5ca550ca-eec8-4765-9d17-d4df9f202155', 'MV', 'achieved', NULL, NULL, NULL, 'Review non precision approach profile and monitor tracking.'),
	('e6274534-40b7-4063-8ff3-ed98be3ce808', '5ca550ca-eec8-4765-9d17-d4df9f202155', 'SBT', 'achieved_with_practice', NULL, NULL, NULL, 'Watch tracking and profile for non precision approach.'),
	('7dd47a17-dc04-469b-a7ce-e394338eba4a', '5ca550ca-eec8-4765-9d17-d4df9f202155', 'ISI', 'achieved', NULL, NULL, NULL, 'No comment'),
	('f41e64a8-6a29-45f4-bb38-71a7f4f7d93b', 'd1354639-5ba6-46fd-9457-9d62e4f43223', 'SBT', 'achieved', NULL, NULL, NULL, 'Good considerations for Unreliable Airspeed.'),
	('dc20b840-fa7b-4bfb-9aea-1331d9af8820', '14d77904-51e8-4ec9-a6b7-c678bef06517', 'EVAL', NULL, 'pass', 'ENGINE OIL FILTER BYPASS
BOTH FMC FAIL', 'G/S and LLZ Fai', 'Be more aware of rudder trim for Single Engine. Especially when changing configuration and thrust.
LLZ is a non precision approach. Set the minima and ensure V/S armed.'),
	('a2278f61-9970-4a03-9eb1-3ec3b9b1473c', '228ea722-495d-45e3-a319-b318e1afa4b9', 'MV', 'achieved', NULL, NULL, NULL, 'Minor points discussed. 
VOR approach well planned and flown.'),
	('fb1a3733-6bb2-43c7-84cd-3dccda7a0c1e', 'cbfa4702-9aac-467a-85b3-3ea151ce64e6', 'EVAL', NULL, 'pass', 'OIL FILTER BLOCKAGE
BOTH FMC FAIL', 'G/S and LLZ failure', 'Ensure changes are confirmed in the FMC before executing.
Review non-precision instrument approach profile and work on tracking.
Review EFATO sequence and calls.'),
	('898a2e70-36a9-4187-895f-fd4047b6d1cb', '57f972f0-5218-41a1-9433-836261807695', 'MV', 'achieved', NULL, NULL, NULL, 'Monitor profile for VOR A approach.'),
	('8d4d1d5f-127c-407c-99fc-0b42f61f12d6', '57f972f0-5218-41a1-9433-836261807695', 'SBT', 'achieved', NULL, NULL, NULL, 'Good COM and WLM, with a number of failures to consider.'),
	('096f7c1d-456a-4a9d-832a-fba8c2fa52db', '57f972f0-5218-41a1-9433-836261807695', 'ISI', 'achieved', NULL, NULL, NULL, 'Good standard'),
	('c14dd7c3-1bf4-432f-a73e-ba88f70e1928', '228ea722-495d-45e3-a319-b318e1afa4b9', 'SBT', 'achieved', NULL, NULL, NULL, 'Good APK and CPM.
Good support calls and speaking up.'),
	('68b9fbc2-32c8-4061-ad3b-949ca39c73a4', '228ea722-495d-45e3-a319-b318e1afa4b9', 'ISI', 'achieved', NULL, NULL, NULL, 'Good'),
	('875b806c-0c39-4fdd-b4bb-89f7977beb54', 'f51d052a-57e2-4706-a197-1dfdc908f3bf', 'SBT', 'achieved', NULL, NULL, NULL, 'Good exercise'),
	('37bd1c60-d1e8-47ef-98f5-d0ef01fe7bd6', 'f51d052a-57e2-4706-a197-1dfdc908f3bf', 'ISI', 'achieved', NULL, NULL, NULL, 'NIL'),
	('ca9a19dc-e369-452b-989d-1b635bfd4827', '5ca550ca-eec8-4765-9d17-d4df9f202155', 'EVAL', NULL, 'pass', 'OIL FILTER BLOCKAGE
BOTH FMC FAIL', 'G/S and LLZ failure', 'Ensure LLZ minima is briefed in case of G/S failure.'),
	('8c462ec0-ac51-4233-b299-c6055c4dc257', '14d77904-51e8-4ec9-a6b7-c678bef06517', 'MV', 'achieved', NULL, NULL, NULL, 'CS VOR A, ensure next limiting altitude is set on the MCP and V/S selected prior to commencing the approach.
Set appropriate rudder trim for configuration and thrust setting.'),
	('8370b7d4-8403-4f7d-b0d3-b2dea3720fd3', '14d77904-51e8-4ec9-a6b7-c678bef06517', 'SBT', 'achieved', NULL, NULL, NULL, 'Reviewed rudder trim use with engine failure in cruise.
KNO - review EICAS Messages so you are familiar with what the message is referring to.'),
	('076bb011-2e67-4b99-bb96-54e5981dd982', '14d77904-51e8-4ec9-a6b7-c678bef06517', 'ISI', 'achieved', NULL, NULL, NULL, 'Good calls'),
	('99ddd1b7-5ac2-46c7-b541-66d63ab1f808', 'fbd79c7c-a164-4d18-9518-2597eaa275f1', 'MV', 'achieved', NULL, NULL, NULL, 'MANVAL Satisfactory. The PF always closes the Thrust levers when securing the engine.'),
	('6ea9ba65-884e-46fc-b4bc-885f394feb14', 'd1354639-5ba6-46fd-9457-9d62e4f43223', 'ISI', 'achieved', NULL, NULL, NULL, 'Nil'),
	('598b1765-f64a-44be-aca7-bd633b7c5f6b', '538d2229-22df-4239-a5c2-a3147271e478', 'MV', 'achieved_with_practice', NULL, NULL, NULL, 'A/C HANDLING GOOD , SOME REVISION OF SCANS , SOP REQ’D'),
	('c0f97e1e-2a5c-4367-8f44-354637de7f8a', '538d2229-22df-4239-a5c2-a3147271e478', 'SBT', 'achieved', NULL, NULL, NULL, 'Loft exercise PF  high workload , was well managed'),
	('89fd8fed-2488-4e46-a124-89a8cb771e02', '538d2229-22df-4239-a5c2-a3147271e478', 'ISI', 'achieved', NULL, NULL, NULL, 'F.O. BOMA standard calls / monitoring good . Called go round from unstable approach .'),
	('bfa73712-500a-4e44-8059-f7e534a145dc', 'fbd79c7c-a164-4d18-9518-2597eaa275f1', 'SBT', 'achieved', NULL, NULL, NULL, 'EVAL diffieciencies carried to satisfactory standards.'),
	('e679a8ae-1d42-4b87-abf2-4c7f835d4213', 'fbd79c7c-a164-4d18-9518-2597eaa275f1', 'ISI', 'achieved', NULL, NULL, NULL, 'N/A'),
	('f6911f16-d827-4b84-b7b2-f207913271aa', '70a42929-697c-4e39-88d0-e3b364fe255e', 'MV', 'achieved', NULL, NULL, NULL, 'Well flown'),
	('0d3e0067-6e69-4d34-8e3b-b2ef0641e3c3', '538d2229-22df-4239-a5c2-a3147271e478', 'EVAL', NULL, 'pass', 'No comment', 'No commentc', 'Missed APP in CNS requires repeat due non standard proccedure'),
	('b056c087-2d4d-48a4-be81-b0a41dad289b', '296d8aed-6eb4-4370-b19b-78a469091134', 'MV', 'achieved', NULL, NULL, NULL, 'Eng Failure we’ll flown 
Good support as PM'),
	('673cd9cd-314a-4380-8707-2f8ec10648c7', '296d8aed-6eb4-4370-b19b-78a469091134', 'SBT', 'achieved', NULL, NULL, NULL, 'Overall solid performance'),
	('c6878f59-42c5-4d4b-98da-4f0f179d292c', '296d8aed-6eb4-4370-b19b-78a469091134', 'ISI', 'achieved', NULL, NULL, NULL, 'Make sure PF has hands on Thrust levers from Rad Alt call out .
Watch Flap speed for flap 30'),
	('72df53c2-d2fc-4435-94bc-56c6805df4b9', '70a42929-697c-4e39-88d0-e3b364fe255e', 'SBT', 'achieved', NULL, NULL, NULL, 'Good considerations.'),
	('b24064dd-447d-4f38-93dd-a95227caab04', '70a42929-697c-4e39-88d0-e3b364fe255e', 'ISI', 'achieved', NULL, NULL, NULL, 'UPRT'),
	('ecc74ab7-97e2-43fe-8446-d2e1673acf38', '296d8aed-6eb4-4370-b19b-78a469091134', 'EVAL', NULL, 'pass', 'OIL FILTER 
ENG S/D
FMC FAIL 
E/O TOFF', NULL, 'Overall satisfactory performance 
Minor points discussed reference holding options etc'),
	('be63a9c6-abeb-4ab1-9a81-4e54ec1738e5', '5e5c590f-70b1-4139-863c-a2369c4fe451', 'EVAL', NULL, 'pass', 'Oil filter 
Eng shut down 
Duel FMC Fail
E/O TO', 'Raw Data VOR APP CNS', 'E/O TOFF GOOD'),
	('bcc34380-964f-42ca-be4b-de4eca4cfca9', '5e5c590f-70b1-4139-863c-a2369c4fe451', 'MV', 'achieved', NULL, NULL, NULL, 'RAW DATA VOR CNS WELL MANAGED 
MINOR POINTS DISCUSSED'),
	('e4ea5bba-92d5-4b5f-ac6f-4ea4fc8419cd', '5e5c590f-70b1-4139-863c-a2369c4fe451', 'SBT', 'achieved', NULL, NULL, NULL, 'Overall good performance .'),
	('ea9d620b-12bd-4f46-9a8d-f9cd82c0a105', '5e5c590f-70b1-4139-863c-a2369c4fe451', 'ISI', 'achieved', NULL, NULL, NULL, 'Good exercise'),
	('662e0d8e-60a4-4bfb-953a-d2c53323c073', 'f0726035-c14c-4d47-a45f-57262b10d7f7', 'MV', 'achieved', NULL, NULL, NULL, 'Minor points discussed'),
	('6ab54020-62f6-4247-ae4f-01bd7e148b4d', 'f0726035-c14c-4d47-a45f-57262b10d7f7', 'SBT', 'achieved', NULL, NULL, NULL, 'Exercises well performed .
Look at all options reference Diversions .'),
	('6c98c399-d64a-48ce-a18e-c40281109f2a', 'f0726035-c14c-4d47-a45f-57262b10d7f7', 'ISI', 'achieved', NULL, NULL, NULL, 'Good calls and calling G/A'),
	('829b0235-bfbb-49ed-9be0-9b69ee6e1de5', '858006ac-d300-4309-b25d-22c1dd36302d', 'EVAL', NULL, 'pass', 'APU FAIL ON GND / FUEL LEAK/  DUEL ENG FAIL', 'WINDSHEAR T.O.  T/STORMS', 'WINDSHEAR ON T.O WELL FLOWN / ENG FAIL ON T.O WELL FLOWN'),
	('a2421b69-1b8c-44f5-aba8-54bc2d75e28a', 'a6aa6987-a444-4277-851a-40f29e2cc7a9', 'EVAL', NULL, 'pass', 'DUEL FMC FAIL 
ENG FAIL ( T.O.)', 'SE G/A', 'Overall good exercise , minor points discussed . 
Complete Check List .'),
	('2b195deb-7df0-4a19-aacf-754ca1b253ff', '03f822fb-1aec-43be-92ba-c8f93967ac5f', 'EVAL', NULL, 'pass', 'ENG OIL FILTER BYPASS
DUAL FMC FAILURE', 'G/S and LLZ', 'Good use of all competencies.'),
	('7ab94fbe-f803-48fa-bb59-df82a4b8394a', '53f2e0e9-5926-46a9-a893-007215b02be3', 'MV', 'achieved', NULL, NULL, NULL, 'Good support for PF .’'),
	('aabcd4de-f7e1-4fc3-b125-76b3a311fd74', 'f0726035-c14c-4d47-a45f-57262b10d7f7', 'EVAL', NULL, 'pass', 'OIL FILTER BYPASS 
ENG SHUT DOWN
FMC(2) FAIL', NULL, 'OVERALL  SATISFACTORY PERFORMANCE'),
	('dd4e6b0f-a45e-4d6e-9e59-0b502bf7ca1d', 'f0b5a283-0aee-466f-8bad-4a0241911b7a', 'MV', 'achieved', NULL, NULL, NULL, 'VOR APP - Fly profile . Reset MAP ALT . 
Standard calls .
Engine Fail on T.O. CNS . START TURN EARLIER .'),
	('4333763e-d8b6-44fc-a5b0-e5fbf530019d', 'f0b5a283-0aee-466f-8bad-4a0241911b7a', 'SBT', 'achieved', NULL, NULL, NULL, 'Good considerations for DIVERSION with MEDICAL'),
	('00a792ae-e867-462b-b14e-70948c7b4f2c', 'f0b5a283-0aee-466f-8bad-4a0241911b7a', 'ISI', 'achieved', NULL, NULL, NULL, 'Good calls at appropriate time .
Keep an eye on Flap 30 Speed'),
	('f5f393d3-946a-4c3d-9f98-4afde98f8788', '53f2e0e9-5926-46a9-a893-007215b02be3', 'SBT', 'achieved', NULL, NULL, NULL, 'Loft exercise well managed .'),
	('2de5fa80-00f0-40e2-b13d-e146483291e6', '53f2e0e9-5926-46a9-a893-007215b02be3', 'ISI', 'achieved', NULL, NULL, NULL, 'No comment'),
	('9e7e6ffa-da40-4f65-9acb-c54c40caa062', 'a153c06b-37ac-4e29-a8f0-5fd4585cf6bd', 'MV', 'achieved', NULL, NULL, NULL, 'All exercises to good standard'),
	('5bcd7ddb-bbc6-48df-abf9-9b1511ec6b51', 'a153c06b-37ac-4e29-a8f0-5fd4585cf6bd', 'SBT', 'achieved', NULL, NULL, NULL, 'Discussed possible outcomes of uncontrollable fire 
Good exercise'),
	('113c7826-57cc-4808-9e38-f6d009667e68', 'a153c06b-37ac-4e29-a8f0-5fd4585cf6bd', 'ISI', 'achieved', NULL, NULL, NULL, 'Nil'),
	('74d78c8e-3e55-4afb-b2b6-74e2082c1451', 'ed413c6a-3108-4c37-9acf-2dd5d9303f92', 'MV', 'achieved', NULL, NULL, NULL, 'WILL LOOK AT DUEL ENGINE FAIL AGAIN DAY 2 for CHECKLIST REFERENCE'),
	('1070f6ef-db7f-462a-a10d-32f2bab53617', 'ed413c6a-3108-4c37-9acf-2dd5d9303f92', 'SBT', 'achieved', NULL, NULL, NULL, 'Take time to confirm any items that require confirmation 
RNP APP GOOD 
RHS cv'),
	('0e00463f-95bc-4840-8976-7e826bc70abe', 'f0b5a283-0aee-466f-8bad-4a0241911b7a', 'EVAL', NULL, 'pass', 'ENG OIL FILTER 
ENG SHUTDOWN
DUEL FMC FAIL', NULL, 'Overall satisfactory performance as PF AND PF .'),
	('d8423395-7c96-4d86-a033-87dd16d94d01', 'cb425d5c-cfa0-40cd-a7c8-4b1284745207', 'MV', 'achieved', NULL, NULL, NULL, 'Discussed profile on NPA. Will review SAW on Day 2.'),
	('bbe592af-d094-45b4-920c-d653bc1dceeb', 'cb425d5c-cfa0-40cd-a7c8-4b1284745207', 'SBT', 'achieved', NULL, NULL, NULL, 'Reviewed SAW to a satisfactory standard.'),
	('0c2c0622-9931-44a2-8a12-5f3c567566b7', 'cb425d5c-cfa0-40cd-a7c8-4b1284745207', 'ISI', 'achieved', NULL, NULL, NULL, 'Confirm appropriate speed before flap selection.'),
	('3ded2562-a2de-42b9-96cc-329dd5d70409', 'ed413c6a-3108-4c37-9acf-2dd5d9303f92', 'ISI', 'achieved', NULL, NULL, NULL, NULL),
	('d028ca4c-69b6-4489-8b4a-83753b873d1a', '53f2e0e9-5926-46a9-a893-007215b02be3', 'EVAL', NULL, 'pass', 'ENG SHUTDOWN ( OIL FILTER )
ENGINE FAILURE ( T.O)', 'ILS FAILURE 
GO AROUNDS (S/E)', 'Overall well managed and handled exercise .'),
	('23ca859a-cb87-4565-a312-ef1e71cc711c', 'a6aa6987-a444-4277-851a-40f29e2cc7a9', 'MV', 'achieved', NULL, NULL, NULL, 'NIL'),
	('268b6631-dd58-4783-adf8-20f7bd33bb78', 'a6aa6987-a444-4277-851a-40f29e2cc7a9', 'SBT', 'achieved', NULL, NULL, NULL, 'Good support , with good considerations .'),
	('f300034a-7427-4628-9c56-9553ab9fa700', 'a6aa6987-a444-4277-851a-40f29e2cc7a9', 'ISI', 'achieved', NULL, NULL, NULL, 'Nil comment'),
	('b1f4712c-e32a-458b-a26e-be0d5fbfbe83', '70888f48-8cfa-4f21-a0ae-9b49d1b08778', 'EVAL', NULL, 'pass', 'Duel Engine fail', 'WINDSHEAR on T.O. ADVERSE WX', 'Good standard'),
	('a873b82c-9595-41b6-8151-8916c8e91908', 'cb425d5c-cfa0-40cd-a7c8-4b1284745207', 'EVAL', NULL, 'pass', 'ENG OIL FILTER BYPASS
DUAL FMC FAILURE', 'G/S and LLZ FAILURE', 'Good general performance in most competencies.'),
	('3c2add55-fb83-405b-80ad-85799f5112d6', '03f822fb-1aec-43be-92ba-c8f93967ac5f', 'MV', 'achieved', NULL, NULL, NULL, 'No comment.'),
	('3d411a4d-42ac-406a-b0af-f716c4781f8e', '03f822fb-1aec-43be-92ba-c8f93967ac5f', 'SBT', 'achieved', NULL, NULL, NULL, 'Good support and use of relevant competencies.'),
	('e0e6d1a7-1384-41f7-9a3b-d88f162d5d98', '03f822fb-1aec-43be-92ba-c8f93967ac5f', 'ISI', 'achieved', NULL, NULL, NULL, 'Appropriate and standard calls.'),
	('6c934690-c785-49b7-94db-640c25165393', '858006ac-d300-4309-b25d-22c1dd36302d', 'MV', 'achieved', NULL, NULL, NULL, 'Minor points discussed , speak up as required .'),
	('2d3b16ed-7395-42dd-9a15-abeda4b04e7c', '858006ac-d300-4309-b25d-22c1dd36302d', 'SBT', 'achieved', NULL, NULL, NULL, 'WELL DONE PM DURING ENG FAIL MISS IDENTIFICATION BY PF . ENGINE FIRE INFLIGHT WELL MANAGED / RNP APP / LANDING GOOD'),
	('379b4a64-cb48-458e-81cc-77622f4113bc', '858006ac-d300-4309-b25d-22c1dd36302d', 'ISI', 'achieved', NULL, NULL, NULL, 'NO COMMENT'),
	('4695da3f-ef3a-4b21-9b72-e6e965d24447', 'a153c06b-37ac-4e29-a8f0-5fd4585cf6bd', 'EVAL', NULL, 'pass', 'APU FAIL/  FUEL LEAK IN CZ', 'WINDSHEAR on T.O / T.S.avoidance', 'Overall sound operation'),
	('55ad7232-b4f0-43c9-bff4-5c370119b437', '70888f48-8cfa-4f21-a0ae-9b49d1b08778', 'MV', 'achieved', NULL, NULL, NULL, 'Exercises performed to good standard'),
	('ed69b9bd-0dbf-4f3c-b5f3-ed61932d0678', '70888f48-8cfa-4f21-a0ae-9b49d1b08778', 'SBT', 'achieved', NULL, NULL, NULL, 'Solid performance , Kieth puts in a lot of work'),
	('45511356-f822-414a-8fa7-ad9d06d4958c', '70888f48-8cfa-4f21-a0ae-9b49d1b08778', 'ISI', 'achieved', NULL, NULL, NULL, 'Good understanding of SOP’s'),
	('e777ef84-1442-40ff-9c7d-ea88ed4fc129', 'ed413c6a-3108-4c37-9acf-2dd5d9303f92', 'EVAL', NULL, 'pass', 'APU FAIL on GND / DUEL ENG FAIL / ENG FAIL T.O.', 'WINDSHEAR  T/STORMS', 'OVERALL GOOD EXERCISE , WINDSHEAR ESCAPE ON T.O. WELL HANDLED .
USE CORRECT CHECKLIST AS REQ’D'),
	('ec8283b0-31a2-4939-a819-965a8603c3e7', 'c36dbde0-4335-4cf0-bbed-9c415ea1b1eb', 'MV', 'achieved', NULL, NULL, NULL, 'Use all available information / Q’s in deciding on a plan of action'),
	('4ea86a62-68f3-41fa-9bbe-0a8790edac93', 'c36dbde0-4335-4cf0-bbed-9c415ea1b1eb', 'EVAL', NULL, 'pass', 'APU U/S  
FUEL LEAK 
ENGINE SHUTDOWN', 'WIND SHEAR ON T.O.
T.S. IN TERMINAL AREA', 'Watch SE speed with manual thrust'),
	('d9dd190b-07a5-4d3a-a9dd-324d0eaa9587', 'c36dbde0-4335-4cf0-bbed-9c415ea1b1eb', 'SBT', 'achieved', NULL, NULL, NULL, 'Overall well handled , discussed return to airport options .'),
	('50ad6794-9da5-41f3-a679-e5950c359b71', 'c36dbde0-4335-4cf0-bbed-9c415ea1b1eb', 'ISI', 'achieved', NULL, NULL, NULL, 'Overall good exercise .'),
	('03a38aaf-f0ec-4f31-9976-ab17c8352c23', 'ede18524-33f3-4b7a-86e0-08115e94a91d', 'MV', 'achieved', NULL, NULL, NULL, 'Eng FAIL HKG well flown 
Man ILS well flown'),
	('52341255-76ed-4bbb-b682-4bdf151f1f69', 'ede18524-33f3-4b7a-86e0-08115e94a91d', 'SBT', 'achieved', NULL, NULL, NULL, 'Discussed immediate return options available'),
	('52e06edd-2ee9-46b6-89ef-fac9652f6dac', 'ede18524-33f3-4b7a-86e0-08115e94a91d', 'ISI', 'achieved', NULL, NULL, NULL, 'Good exercise , minor points discussed'),
	('e9b4e9bf-738a-4ef7-9589-2c5c62576d92', '622c8a0a-5af9-462a-a92a-2aac33388eba', 'EVAL', NULL, 'pass', 'Fuel Leak
A/P Disconnect
Dual Engine Failure', 'Wind shear
Weather deviation 
Severe turbulence', 'COM observable indicators appropriately used
FPM well flown'),
	('aecbb65c-d41a-4071-b943-70b6a86deb99', '35236318-5ef5-4876-8528-3c30e1423a36', 'MV', 'achieved', NULL, NULL, NULL, 'Eng failure well managed 
S.E. MAPP well flown .'),
	('44fabc5f-fe8b-4f4a-ab07-305657195ace', '35236318-5ef5-4876-8528-3c30e1423a36', 'SBT', 'achieved', NULL, NULL, NULL, 'UNCONTROLLED ENG FIRE , PM . GOOD SUPPORT 
FWD DOOR  ok 
ENG FIRE and return good 
RNP APP 06 . REMEMBER TO SET MCP TO MINIMA WHEN CLEARED FOR APP .'),
	('44622771-93cc-4de7-8683-5a778921a61c', '35236318-5ef5-4876-8528-3c30e1423a36', 'ISI', 'achieved', NULL, NULL, NULL, 'Overall good calls . 
G/A. Tail wind / Gusty condition'),
	('6d58ecf7-9b12-4b7e-a206-f657e6051ce3', 'fbd79c7c-a164-4d18-9518-2597eaa275f1', 'EVAL', NULL, 'pass', 'Abort Engine Start, Aircon Pack Overheat.IDG', 'TCAS RA, Volcanic ash, Windshear, GPWS, Cargo Fire', 'Overall the loft was satisfactory. Should continuously maintain situational awareness especially in high terrain terminal area by monitoring Radar minimum altitudes. Ash encounter QRH checklist control, Ash encounter verses Dual Engine Recall considerations.'),
	('72aedf70-336b-4b83-b031-84f2715ecc71', 'ede18524-33f3-4b7a-86e0-08115e94a91d', 'EVAL', NULL, 'pass', 'APU FAIL 
FUEL LEAK ( PM) 
DUEL ENG FAIL', 'Wind shear on TO 
T.S. IN TERM AREA', 'Sequence flown from RHS .
Wind shear well flown'),
	('e3c33f81-9077-450b-b0ca-dfa6423dd0e1', '160418dd-b04e-4fca-989b-5de70d821bbf', 'MV', 'achieved', NULL, NULL, NULL, 'Eng Fail HKG , be aware not to go past the 105R ( due Terrain ) 
S/E GA well flown'),
	('ce022cba-b229-49c8-9632-dc78d0ce2a39', '160418dd-b04e-4fca-989b-5de70d821bbf', 'SBT', 'achieved', NULL, NULL, NULL, 'Discussed immediate return due uncontrolled ENG FIRE . 
Looked at a second one for reference .
Support for exersice return with ENG FIRE / DOOR ISSUE'),
	('3a7e43ad-e89f-4eb8-9455-d9431fc3e273', '160418dd-b04e-4fca-989b-5de70d821bbf', 'ISI', 'achieved', NULL, NULL, NULL, '2 exercises flown 
Bounced landing 
Unstable ILS'),
	('2704b04a-1b18-4d2f-a2ff-9a9c34788d2a', 'c49e3f81-9977-4cac-9e40-720e10dad7b1', 'EVAL', NULL, 'pass', 'Fuel leak and Dual Engine Failure', 'Adverse weather. Wind shear and weather deviation', 'EVAL. HKGPOM1 route. MEL APU NA. Correct MEL application and procedures used during preflight. QRH from Fuel Config leading on to Fuel Leak checklist was well managed. Dual engine failure was correctly identified by the crew and correct RECALL procedure actioned. Good coordination and teamwork throughout the event.'),
	('9ab8345f-1c4b-4e8f-a5d0-9aa9528315b1', 'da1b8e66-30bd-4fad-ad6e-3310eeed4e21', 'MV', 'achieved', NULL, NULL, NULL, 'Minor points discussed.'),
	('a4be08a6-ee21-49f7-931f-68b08468fbe0', 'da1b8e66-30bd-4fad-ad6e-3310eeed4e21', 'SBT', 'achieved', NULL, NULL, NULL, 'Good standard achieved.'),
	('bd316cbd-75cd-442c-8259-77aa796d4379', 'da1b8e66-30bd-4fad-ad6e-3310eeed4e21', 'ISI', 'achieved', NULL, NULL, NULL, 'No comment'),
	('fa9c0876-4adb-4649-bfee-d5e1720cdf7a', 'da1b8e66-30bd-4fad-ad6e-3310eeed4e21', 'EVAL', NULL, 'pass', 'Fuel Leak
A/P Disconnect
Dual Engine Failure', 'Wind shear
Weather deviation 
Severe turbulence', 'Well managed flight.'),
	('6a2dd375-570a-4602-8683-1243de153b49', '622c8a0a-5af9-462a-a92a-2aac33388eba', 'MV', 'achieved', NULL, NULL, NULL, 'Well flown.'),
	('2370965e-910d-4785-87f5-592bd2a52065', '160418dd-b04e-4fca-989b-5de70d821bbf', 'EVAL', NULL, 'pass', 'APU FAIL 
FUEL LEAK 
DOUBLE ENG FAIL 
ENG FAIL T.O', 'T.S. IN AREA 
WIND SHEAR ON T.O', 'Generally sound exercises .
Fuel leak and Duel Eng Fail well handled 
Minor points discussed  .'),
	('63ebc93e-a18e-41ed-a5bb-8000fce5b9f1', '622c8a0a-5af9-462a-a92a-2aac33388eba', 'SBT', 'achieved', NULL, NULL, NULL, 'Minor points discussed.
FPM good.'),
	('292f3f5f-b4c5-4a2b-b16f-0d691fec104e', '622c8a0a-5af9-462a-a92a-2aac33388eba', 'ISI', 'achieved', NULL, NULL, NULL, 'Good calls.'),
	('7e6ee6ac-5408-44fe-a97c-9456411cb29e', '717b9d82-0701-4cce-96f9-b8c0e2844da0', 'MV', 'achieved', NULL, NULL, NULL, 'AFATO flying the HKG ENG OUT PRO, SE ILS, SE GA Procedure well flown per SOP. The PF closes the Thrust levers when securing the engine not the PM.'),
	('14976148-db30-42d5-9877-5940052daf3c', '717b9d82-0701-4cce-96f9-b8c0e2844da0', 'SBT', 'achieved', NULL, NULL, NULL, 'EVAL diffieciencies carried out to satisfactory standards.'),
	('f352196f-0dc9-4aa6-b678-2fe042b07069', '717b9d82-0701-4cce-96f9-b8c0e2844da0', 'ISI', 'achieved', NULL, NULL, NULL, 'N?A'),
	('979d8e7a-6ba8-438b-8242-f17c1f16aa69', '514dd5d0-d4be-4f4e-b9d4-7996d87bf821', 'ISI', 'achieved', NULL, NULL, NULL, 'Time used to cover SBT exercises.'),
	('0d48777e-ce9d-44ab-b5e4-3740251981cc', '35236318-5ef5-4876-8528-3c30e1423a36', 'EVAL', NULL, 'pass', 'No APU AIR START , AP DISCONNECT , ENG FUEL LEAK', 'Wind shear on T.O.,T.S. ON DEP   DUEL ENG FAIL', 'Overall good exercise . S.E. ILS 07r repeated to good standard 
Be mindful of effects of trim with auto pilot on'),
	('3949af0f-7a65-4271-ae02-2ee258c8e7eb', 'cb12c2d0-aebb-4ea5-8ec0-f92e3804dd71', 'EVAL', NULL, NULL, 'Fuel leak', 'Winshear, weather deviation,', NULL),
	('5b5e9e33-46d0-466e-a135-dd3443251382', 'c49e3f81-9977-4cac-9e40-720e10dad7b1', 'MV', 'achieved', NULL, NULL, NULL, 'Engine failure and the Single engine approach and landing flown within tolerances, however the SE sequence were not in order and require continuous prompting throughout the single engine exercises.'),
	('6933ff28-8dd6-41b0-9fe0-394afb058709', 'c49e3f81-9977-4cac-9e40-720e10dad7b1', 'SBT', 'achieved_with_practice', NULL, NULL, NULL, 'William IF scan rate slow putting the aircraft in an undesired state and was unable to recover during the 2 engine circling approach go around. The event was repeated successfully.'),
	('77b2fa69-5781-42f1-9b84-7e5ab94d0ba5', 'c49e3f81-9977-4cac-9e40-720e10dad7b1', 'ISI', 'achieved', NULL, NULL, NULL, 'Recovered from a bounced landing and initiated the GA when the captain decided to land after the bounce. Well executed. Capturing the glide slope from above was well executed per SOP.'),
	('a8d7b036-f20e-4b89-981b-29291dee2c54', 'e0606be7-e195-4f8e-a386-9b9336a701b2', 'MV', 'achieved', NULL, NULL, NULL, 'RTO, EFATO, SE APP & GA Procedures well executed as per SOPs. Aircraft asymmetric handling, manually and using Automation satisfactory.'),
	('7fc1d425-4272-423d-a915-f2891fdeaf53', 'e0606be7-e195-4f8e-a386-9b9336a701b2', 'SBT', 'achieved', NULL, NULL, NULL, 'Uncontrolled engine fire well managed getting the aircraft on the ground on a visual circuit in 5 minutes.'),
	('cb49b5ea-2f5a-4a5f-a3a5-6f6f26de7c7e', 'e0606be7-e195-4f8e-a386-9b9336a701b2', 'ISI', 'achieved', NULL, NULL, NULL, 'Bounced, float and balked landing/ Recovery demonstrated. Hold level and capturing G/S from above technique demonstrated. All satisfactory'),
	('3cca6f18-9bc4-4ce8-92ca-98ef97a44245', '26c871f6-889b-42e1-a2af-ce0a26d21a19', 'EVAL', NULL, 'pass', 'APU U/S.  DUEL ENG FAIL.  FUEL LEAK (PM)', 'WINDSHEAR ON DEP.  T..S in TERM AREA', 'Generally good exercise .  Keep ahead of A/C with respect Scans / Calls etc .  
Windshear well handled'),
	('57e7c1bd-e263-4610-a535-1957336b42bd', 'e0606be7-e195-4f8e-a386-9b9336a701b2', 'EVAL', NULL, 'pass', 'Ground/Cross-Bleed Start
Eng Fuel Leak/ Dual Eng F', 'Weather deviation, windshear', 'Dual engine failure RECALL action executed correctly. Successful restart of the left engine and a decision to return to HKG. Need to monitor PM reading of the QRH to ensure correct application and must clarify or ask to repeat QRH checklist if in doubt.'),
	('bef6c0d8-9fc9-48e0-8dac-518debb15464', '3b93d7cc-ee5d-4c78-a198-85e76ff64967', 'MV', 'achieved', NULL, NULL, NULL, 'RTO, EFATO, SE APP & GA handling satisfactory.'),
	('c65721db-1384-4320-915d-a7b682db4b77', '3b93d7cc-ee5d-4c78-a198-85e76ff64967', 'SBT', 'achieved', NULL, NULL, NULL, 'Fuel leak event was repeated successfully.'),
	('30e6ff84-b526-46ea-b0b7-13411d0503e1', '3b93d7cc-ee5d-4c78-a198-85e76ff64967', 'ISI', 'achieved', NULL, NULL, NULL, 'Bounced, float and balked landing/ Recovery demonstrated. Low level off after takeoff and capturing G/S from above technique demonstrated. All satisfactory'),
	('3900bd23-f98d-428e-bffc-d224930c60ea', 'f2b87ece-f4df-4ee3-b129-cef0a450ca1d', 'MV', 'achieved', NULL, NULL, NULL, 'Be mindful of effects of trim when S/E 
Run complete Check List 
S/E SEQUENCE WELL FLOWN'),
	('9a7b347c-b682-49c4-a279-455890320659', 'f2b87ece-f4df-4ee3-b129-cef0a450ca1d', 'SBT', 'achieved', NULL, NULL, NULL, 'Well managed exercises .'),
	('ba2046cd-0f50-47ef-9df5-514b3b67a0a1', 'f2b87ece-f4df-4ee3-b129-cef0a450ca1d', 'ISI', 'achieved', NULL, NULL, NULL, 'PM on ILS .  Good calls on profile and speed excursions and recover / take over from bounced landing .'),
	('b3201cd8-8da0-46e3-a8ea-18468cdff81e', 'f14c5456-6408-4911-8a9d-7cfbe48cca56', 'EVAL', NULL, 'pass', 'APU Shutdown
Fuel Leak
A/P disconnect 
Dual engine', 'Wind shear
Thunderstorm
Severe turbulence', 'Good application of knowledge and procedures.'),
	('eb265274-75e1-4a81-8ea5-9dbd8aef691b', '198811df-5cde-431a-9f79-37c4930b4be1', 'MV', 'achieved', NULL, NULL, NULL, 'Good performance.'),
	('b2b6dcb0-79be-4c71-95fb-ec4cd19443a0', '198811df-5cde-431a-9f79-37c4930b4be1', 'SBT', 'achieved_with_practice', NULL, NULL, NULL, 'FPM - Some practice required for Engine Fire after takeoff.
PRO - reviewed Engine Fire after takeoff sequence.'),
	('a6cbdeb1-3c92-48da-b988-64b81be99417', '3b93d7cc-ee5d-4c78-a198-85e76ff64967', 'EVAL', NULL, 'pass', 'No APU, Eng fuel leak and Dual Eng Failure', 'Windshear and Adverse Weather', 'Fuel Leak QRH was prematurely ended without shutting down the engine. Must read the QRH carefully to avoid making errors in the future.'),
	('150fca8d-2ddf-4dc9-b6da-3ce4799bdc83', '26c871f6-889b-42e1-a2af-ce0a26d21a19', 'MV', 'achieved', NULL, NULL, NULL, 'Engine Failure good 
S/E G/A well flown'),
	('6c735b2d-de97-4a5d-9a7d-d4d5da12da86', '26c871f6-889b-42e1-a2af-ce0a26d21a19', 'SBT', 'achieved', NULL, NULL, NULL, 'Make sure scans calls etc are done'),
	('6c0c3870-0eb3-4a0f-8c5e-8765c8618664', '26c871f6-889b-42e1-a2af-ce0a26d21a19', 'ISI', 'not_achieved', NULL, NULL, NULL, 'Ran out of time due SIM ISSUE'),
	('a73ee3b3-ad6e-407b-9092-ac7b9f22c90a', '198811df-5cde-431a-9f79-37c4930b4be1', 'ISI', 'achieved', NULL, NULL, NULL, 'Reviewed Approach Deviation calls.'),
	('79004be4-a0d5-4cff-a05d-6487d2218e86', '358642c9-cb19-443e-ba2f-d0c36f796cf3', 'MV', 'achieved', NULL, NULL, NULL, 'Well flown exercise . Manual flying very accurate .'),
	('c6fae6af-a89a-414f-aff0-9fc402534640', '2cfa04f2-358e-4a83-9e8e-e43dbbee1600', 'EVAL', NULL, 'pass', 'APU Shutdown
Fuel Leak
A/P disconnect 
Dual engine', 'Wind shear
Thunderstorm avoidance
Severe turbulenc', 'Good session.
Good COM and LTW'),
	('ffc6d370-ff22-47be-9f36-872edd764984', 'f14c5456-6408-4911-8a9d-7cfbe48cca56', 'MV', 'achieved', NULL, NULL, NULL, 'Objectives achieved minor points discussed
EFATO Correct sequence at 400’, Heading Select then Restate emergency.'),
	('bb996dc8-5cb9-4fa3-a1ab-7999d2f22766', 'f14c5456-6408-4911-8a9d-7cfbe48cca56', 'SBT', 'achieved', NULL, NULL, NULL, 'Good COM and PRO'),
	('94f9738e-e67d-4ced-a518-91bd39364ef8', 'f14c5456-6408-4911-8a9d-7cfbe48cca56', 'ISI', 'achieved', NULL, NULL, NULL, 'Good standard'),
	('63b2c218-97b8-4ebf-a487-b31adf77f8b5', '358642c9-cb19-443e-ba2f-d0c36f796cf3', 'SBT', 'achieved', NULL, NULL, NULL, 'Nil'),
	('c0e4f61c-44ec-484f-91cb-20bebfc05465', '358642c9-cb19-443e-ba2f-d0c36f796cf3', 'ISI', 'achieved', NULL, NULL, NULL, 'Occupied LHS to support Cpt Rondeau in RHS exercise'),
	('4282c0e8-f90c-4a6d-9b67-08a14c905a6b', 'f2b87ece-f4df-4ee3-b129-cef0a450ca1d', 'EVAL', NULL, 'pass', 'APU U/S     FUEL LEAK  DUEL ENG FAIL', 'WIND SHEAR. T.S. IN TERM AREA', 'Over all well managed exercise  . Wind shear well handled . Fuel leak good considerations . 
Good support as PM on Duel Eng fail .'),
	('4c31d703-a4df-44ca-9182-036c9aa62b0e', '2cfa04f2-358e-4a83-9e8e-e43dbbee1600', 'MV', 'achieved', NULL, NULL, NULL, 'Discussed transition from IMC to visual at the minimum. Consideration of crosswind.'),
	('c6713bd9-7405-47cd-849c-23fc20687246', '2cfa04f2-358e-4a83-9e8e-e43dbbee1600', 'SBT', 'achieved', NULL, NULL, NULL, 'Good standard.'),
	('ba641a85-b71a-420a-91cb-9d6b28cc87fe', '2cfa04f2-358e-4a83-9e8e-e43dbbee1600', 'ISI', 'achieved', NULL, NULL, NULL, 'Appropriate and timely calls.'),
	('724838eb-88c1-4834-84e0-2ae9b3687503', '198811df-5cde-431a-9f79-37c4930b4be1', 'EVAL', NULL, 'pass', 'APU Failure
Fuel leak
Dual engine failure', 'Wind shear
Severe turbulence 
Weather avoidance', 'Review FMC knowledge.
Good FPM demonstrated.
NNC - take time when assessing items for NNC, in particular Fuel leak.'),
	('1ac81c4d-6783-4d02-afb1-fc293f00b152', 'a7709576-d237-4695-a3d9-e016f566e374', 'MV', 'achieved_with_practice', NULL, NULL, NULL, 'Reviewed SE ILS approach tracking with Autopilot engaged.
Ensure Go Around lever is selected during go - around. Don’t just follow the flight directors. Ensure climb performance is being achieved.'),
	('646aa56a-f5c7-4fed-9caa-5b98923c7641', 'a7709576-d237-4695-a3d9-e016f566e374', 'SBT', 'achieved_with_practice', NULL, NULL, NULL, 'FPM - Some practice required for Engine Fire after takeoff.
PRO - reviewed Engine Fire after takeoff sequence.'),
	('63a99085-625f-49dd-87db-c2c2f8ac97c6', '016cba63-73a0-4642-acf7-ab1d3d7c04a1', 'ISI', 'achieved', NULL, NULL, NULL, 'Not conducted.'),
	('4eae264e-75ea-4508-a4ae-be42e16ea3b6', 'a7709576-d237-4695-a3d9-e016f566e374', 'ISI', 'achieved', NULL, NULL, NULL, 'Good calls.'),
	('b7f838a0-38e7-4a0b-862a-8f2fc7e90f16', 'a7709576-d237-4695-a3d9-e016f566e374', 'EVAL', NULL, 'pass', 'APU Failure
A/P disengage
Fuel leak', 'Wind shear
Severe turbulence
Weather avoidance', 'Good use of COM and LTW in both Fuel leak and Dual Engine Failure.'),
	('6af627cb-df68-44ac-83cb-a2cb149ef356', '009f65ed-dcb2-4b4b-a74e-16622b8a9917', 'MV', 'achieved', NULL, NULL, NULL, 'Be mindful of correct identification / confirmation of Memory items'),
	('b6220d2a-a7d8-4ce6-9ea1-ae3c8dff745a', '009f65ed-dcb2-4b4b-a74e-16622b8a9917', 'SBT', 'achieved', NULL, NULL, NULL, 'Well conducted exercise'),
	('9c374e50-d69b-4562-965a-b87c2e686386', '009f65ed-dcb2-4b4b-a74e-16622b8a9917', 'ISI', 'not_achieved', NULL, NULL, NULL, 'Not done due time constraint'),
	('29006a31-2a0d-4c55-8453-17572c0ecb80', '009f65ed-dcb2-4b4b-a74e-16622b8a9917', 'EVAL', NULL, 'pass', 'Duct leak 
Auto throttle fail TOD 
IRSFail 
GP Fai', 'Marginal WX 
Low level level off ( 2500)
TS', 'Generally well managed exercise'),
	('276d376d-5c4e-493d-8358-388e8abe5193', '358642c9-cb19-443e-ba2f-d0c36f796cf3', 'EVAL', NULL, 'pass', 'GEAR LVR STUCK DOWN  L+R HYD SYS FAIL', 'Marginal WX   X WIND WET RNWY', 'Well flown MAN. LZZ APP CNS .'),
	('d92be347-62a2-4609-819f-eaf6a3b5c17c', '48ef0dba-652b-42b2-adaa-1ded63b333e7', 'MV', 'achieved_with_practice', NULL, NULL, NULL, 'Be mindful of confirmation / actioning Memory items during Eng abnormals'),
	('7cde7ab0-fb35-4453-b8f2-30b10ebfd733', '48ef0dba-652b-42b2-adaa-1ded63b333e7', 'SBT', 'achieved', NULL, NULL, NULL, 'Good exercise'),
	('a70ef432-d43e-4e04-b327-76e9640e0036', '48ef0dba-652b-42b2-adaa-1ded63b333e7', 'ISI', 'achieved', NULL, NULL, NULL, 'Not done'),
	('a4f16c39-5a7e-49c5-9620-dd418d8f0e81', '48ef0dba-652b-42b2-adaa-1ded63b333e7', 'EVAL', NULL, 'pass', 'Autopilot malfunction 
BLEED LEAK', 'Marg WX
Low level level off 2500  
ILS / DME FAIL', 'Overall well managed exercise 
Missed APP on VOR app due getting high on profile ( 32R VOR )'),
	('69e755ce-543d-4d7e-a64c-2630bbfd1041', '4fd0f9e9-9e41-4dda-87ad-817d85f09159', 'MV', 'achieved', NULL, NULL, NULL, 'Well flown E/O ( severe damage ) 
MAN ILS VERY WELL FLOWN'),
	('6a278b8c-3a1c-4b0e-95c7-1921095fa84a', '4fd0f9e9-9e41-4dda-87ad-817d85f09159', 'SBT', 'achieved', NULL, NULL, NULL, 'Good exercise , return to BNE well managed .
Landing MIN VIS X WIND 
RAPID DESCENT'),
	('6c65ccc3-8537-49ad-9937-bf7bc833b8fa', '4fd0f9e9-9e41-4dda-87ad-817d85f09159', 'ISI', 'achieved', NULL, NULL, NULL, 'Good calls and SOP'),
	('e701cc7a-42de-4441-a5e0-eb25fb4c9dcf', '717b9d82-0701-4cce-96f9-b8c0e2844da0', 'EVAL', NULL, 'pass', 'Abort Engine Start, Aircon Pack Overheat.', 'TCAS RA, Volcanic ash, Windshear, GPWS, Cargo Fire', 'Overall the loft was satisfactory. Should continuously maintain situational awareness especially in high terrain terminal area by monitoring Radar minimum altitudes. Ash encounter QRH checklist control, Ash encounter verses Dual Engine Recall considerations, Reviewed what if scenarios during debrief.'),
	('cafcc944-ceb9-4692-a96d-7b19b2f5cb2c', '305a5c4f-1d72-48d5-8a4b-2e707ff7e993', 'EVAL', NULL, 'pass', 'Auto Pilot fail to engage . Strut leak', 'Marginal WX . 25K X wind', 'Overall well managed exercise . Minor points discussed'),
	('bc4c997a-8104-4bea-bd04-a536b54ce42f', '72f937ca-4aa9-48c9-ae6d-f8e590e82741', 'MV', 'achieved', NULL, NULL, NULL, 'After a positive climb, engine fire.. The HKG ENG OUT PRO, SE ILS, SE GA procedure was well flown per SOP.'),
	('c0eb807a-67d6-481b-bc08-faf361c514b8', '11f87e7b-301f-438a-a800-82b03287c9fc', 'MV', 'achieved', NULL, NULL, NULL, 'Engine Fail / S/E GA well flown 

Support was not to standard on SE GA . wrong MCP SELECTIONS and head down using FMC made for confusion in the GA and was detrimental to PF ‘s performance 
Take time to confirm correct selections. .'),
	('c80104ca-2672-4344-a62b-e569659ee893', '11f87e7b-301f-438a-a800-82b03287c9fc', 'SBT', 'achieved', NULL, NULL, NULL, 'Generally well conducted exercise , some minor points discussed .'),
	('f3906df4-db59-4295-a582-1e3313ad6ac7', '11f87e7b-301f-438a-a800-82b03287c9fc', 'ISI', 'not_achieved', NULL, NULL, NULL, 'Not carried out due additional exercise from day one for Cpt .'),
	('6ead613c-9f1a-4f68-8ec4-98c4f647e50c', '4fd0f9e9-9e41-4dda-87ad-817d85f09159', 'EVAL', NULL, 'pass', 'LNAV FAIL 
DUCT LEAK UNABLE RNP', 'Low level level off 2500
ILS FAIL 
MARGINAL WX', 'Well managed return , good approach ( VOR 32R , STRONG X WIND , MARGINAL WX'),
	('21769051-ffe7-43af-a6a0-55845ec2bdca', '9cbe3306-56ed-4081-89ee-fcae43f880c4', 'MV', 'achieved', NULL, NULL, NULL, 'EFATO, SE GA and LDG procedures well executed per SOP. Well flown manually.'),
	('1a741564-e58f-490d-8154-fa70859d0df2', '9cbe3306-56ed-4081-89ee-fcae43f880c4', 'SBT', 'achieved', NULL, NULL, NULL, 'Departure BNE 01L with 15kts crosswind, both aircon packs overheat during climb followed by cabin slow leak pressurisation leading to rapid descend and return to Brisbane. PRO execution per SOP and WLM during the scenarios'),
	('9fab8986-2a6c-42e4-b550-1c805f59a6cb', '9cbe3306-56ed-4081-89ee-fcae43f880c4', 'ISI', 'achieved', NULL, NULL, NULL, 'Additional training covering intercepting G/S from above and 2 engines GA and.ILS breakouts procedures'),
	('6312c537-852d-4db9-81c6-3440215df32c', 'b5779034-0439-4cad-af18-99fe3958eeff', 'EVAL', NULL, 'pass', 'Auto pilot failure
Body Duct Leak
L IRS Fail', 'Adverse weather', 'Good teamwork and CRM throughout the exercise while troubleshooting Autopilot.'),
	('04c591b3-2955-4522-9329-ac9b2e457a5a', '801902b7-19a3-457a-9b7e-a0b353ade7ef', 'MV', 'achieved', NULL, NULL, NULL, 'Good standard , Minor points discussed'),
	('5d8c589a-37c4-4ffa-8635-ac23d5da3cd5', '801902b7-19a3-457a-9b7e-a0b353ade7ef', 'SBT', 'achieved', NULL, NULL, NULL, 'Exercises carried out from both seats . Well managed .'),
	('71d516cc-8d85-4d05-8839-451ead17fb34', '801902b7-19a3-457a-9b7e-a0b353ade7ef', 'ISI', 'not_achieved', NULL, NULL, NULL, 'In seat not carried out due both Capt’s , other exercises practised'),
	('52b37135-1259-4f9e-af13-9ba63627c723', '0192333b-c797-4707-bf26-7a2d84d745cd', 'EVAL', NULL, 'pass', 'Auto Pilot fail , Body duct leak , strut leak', 'Marginal WX , 20 knot X wind , ILS fail', 'Overall well managed exercise'),
	('ecb63b2e-11a2-449c-993f-b287f0e6d627', '305a5c4f-1d72-48d5-8a4b-2e707ff7e993', 'MV', 'achieved_with_practice', NULL, NULL, NULL, 'S/E MANUAL G/A REPEATED TO SATISIFACTORY STANDARD ON DAY 2 
1st G/A speed control and tracking out of tolerance .
Be mindful of MAP procedure'),
	('e2b045af-7fd4-42e0-86d9-7047171cc60a', '9cbe3306-56ed-4081-89ee-fcae43f880c4', 'EVAL', NULL, 'pass', 'Auto pilot failure,Auto throttle failure,Body duct', 'Adverse weather. Wet runway conditions and rain', 'Good leadership, teamwork in trouble shooting failures. Good decision making to return on multiple failures.'),
	('cb56ba09-76db-4219-b19b-8047958f420e', 'b5779034-0439-4cad-af18-99fe3958eeff', 'MV', 'achieved', NULL, NULL, NULL, 'EFATO, SE GA and LDG procedures well executed per SOP. Well flown manually.'),
	('2758a10c-6404-4124-a91b-dfcef50a14ac', 'b5779034-0439-4cad-af18-99fe3958eeff', 'SBT', 'achieved', NULL, NULL, NULL, 'Crosswind take-off and landings techniques per FCTM briefed and applied during the crosswind takeoff and landings. Packs failure and rapid descend recall and procedures including PAs done per SOP.'),
	('5d19ecff-9afa-4c66-b9ff-7e2e2dc0775e', 'b5779034-0439-4cad-af18-99fe3958eeff', 'ISI', 'achieved', NULL, NULL, NULL, 'Additional train?g capturing G/S from above, iLS breakout and 2eng GA'),
	('d28e072f-0649-4942-96fd-6f65ab056368', '305a5c4f-1d72-48d5-8a4b-2e707ff7e993', 'SBT', 'achieved', NULL, NULL, NULL, 'Exercises were conducted to a good standard , minor points discussed'),
	('393dfbb7-a7e5-48f3-80ff-67546414271c', '305a5c4f-1d72-48d5-8a4b-2e707ff7e993', 'ISI', 'not_achieved', NULL, NULL, NULL, 'Not conducted due to time constraints'),
	('e99e9ba8-c5c5-4f7d-8d95-92b8bd00e936', '72f937ca-4aa9-48c9-ae6d-f8e590e82741', 'SBT', 'achieved', NULL, NULL, NULL, 'EVAL diffieciencies carried out standards.'),
	('e92144aa-8ff0-48d0-8ccc-92f70d816f61', '72f937ca-4aa9-48c9-ae6d-f8e590e82741', 'ISI', 'achieved', NULL, NULL, NULL, 'RHS and Training Captain syllabus completed satisfactorily.'),
	('65b38fef-c490-4814-9871-82a8bde061b6', '801902b7-19a3-457a-9b7e-a0b353ade7ef', 'EVAL', NULL, 'pass', 'Auto Throttle fail TOD . GPS fail . Auto Pilot fai', 'Marginal WX on Dep POM . T.S. ON ARRIVAL', 'Overall well managed and flown'),
	('f708c90d-a779-4c89-8125-da0d8e2dc724', '0192333b-c797-4707-bf26-7a2d84d745cd', 'MV', 'achieved', NULL, NULL, NULL, 'Be mindful of Rudder use on S/E G/A'),
	('f06f0788-4148-461b-b6ac-b386f9908063', '0192333b-c797-4707-bf26-7a2d84d745cd', 'SBT', 'achieved', NULL, NULL, NULL, 'Good exercise flown from both seats'),
	('ffed5daf-05e6-48b0-9732-9b5e8a301e6e', '0192333b-c797-4707-bf26-7a2d84d745cd', 'ISI', 'not_achieved', NULL, NULL, NULL, 'Not done as both Crew are Cpt’s'),
	('6758ac2a-8a01-467d-a412-52b23c7d62c2', '11f87e7b-301f-438a-a800-82b03287c9fc', 'EVAL', NULL, 'pass', 'BODY DUCT LEAK  AUTO THROTTLE FAIL FLIGHT DIR', 'Marginal WX , X Wind. , T.S in Terminal area', 'Exercise generally well managed . 
X wind landing blown off centre line on wet runway 


F.O. BOMA did not bring his LOG BOOK or was able to provide back up of LBS .'),
	('422b0791-2d43-4859-9cdd-b37d4c8671be', '8c2d3137-efe7-451f-9f8a-e0b8eba3fff0', 'MV', 'achieved', NULL, NULL, NULL, 'Watch heading after EFATO'),
	('9c6d63a1-6168-4625-886d-8f75d204e8ca', '8c2d3137-efe7-451f-9f8a-e0b8eba3fff0', 'SBT', 'achieved', NULL, NULL, NULL, 'Reviewed ILS Breakout procedure. Objective achieved,'),
	('4b08c075-aa7b-417e-8f7d-6fdaec0272df', '8c2d3137-efe7-451f-9f8a-e0b8eba3fff0', 'ISI', 'achieved', NULL, NULL, NULL, 'Not required.'),
	('44e2cc76-07e9-4ce6-bdc4-0b1453b9cef0', '72f937ca-4aa9-48c9-ae6d-f8e590e82741', 'EVAL', NULL, 'pass', 'Abort Engine Start, Aircon Pack Overheat.', 'TCAS RA, Volcanic ash, Windshear, GPWS,', 'The loft scenarios were well managed and flown.'),
	('eb085218-c2fd-4ad4-944b-5221544fb84d', 'dcaddb87-3171-4580-8b15-1370f42452f3', 'EVAL', NULL, 'pass', 'Autothrottle, autopilot, L IRS ON DC, ILS GS Fail', 'Thunderstorm avoidance, crosswind T/O & LDG', 'Good SAW and checklist control throughout the exercise. Must not use non standard calls to avoid confusions.'),
	('c11ce906-fe06-44c0-8cba-d6eb7741ddb5', 'c10beba3-f34a-45eb-9f34-004beedf88a6', 'MV', 'achieved', NULL, NULL, NULL, 'Good exercise , no comments'),
	('c143d5fe-cae5-4e10-9432-48452edcf41d', 'c10beba3-f34a-45eb-9f34-004beedf88a6', 'SBT', 'achieved', NULL, NULL, NULL, 'Overall good standard'),
	('780a508d-a1ff-4641-a0b7-db56a5959e37', 'c10beba3-f34a-45eb-9f34-004beedf88a6', 'ISI', 'not_achieved', NULL, NULL, NULL, 'Not conducted due exercise from previous day'),
	('ef00b70e-f50d-4652-bf0d-bebc5ace3f9a', 'ce3a1410-fec6-4801-808f-1c37eb701dd9', 'MV', 'achieved', NULL, NULL, NULL, 'MANVAL Satisfactory. Must not retract flaps until when within 20 kts of the next flap manoeuvring speed or on speed tape, the speed must be on F with the speed trend increasing.'),
	('1268c3b2-8e4e-46dd-bd85-2cef65a3d7ee', '8c2d3137-efe7-451f-9f8a-e0b8eba3fff0', 'EVAL', NULL, 'pass', 'L FCC Fail
BODY DUCT LEAK
A/T FAIL
L IRS FAIL', 'Wet Runway Crosswind
G/S FAIL
THUNDERSTORM', 'Good exercise'),
	('233f098e-9f3c-4966-a910-d08a113898b0', 'da40917e-eecf-446b-aa06-ebb70044c8a6', 'MV', 'achieved', NULL, NULL, NULL, 'No comments'),
	('462d8c96-c63e-46fa-b566-83d610ea4aa7', 'da40917e-eecf-446b-aa06-ebb70044c8a6', 'SBT', 'achieved', NULL, NULL, NULL, 'Good use of competencies. Good exercise.'),
	('41535f35-45fb-4e8c-9d27-57f7165cf25a', 'da40917e-eecf-446b-aa06-ebb70044c8a6', 'ISI', 'achieved', NULL, NULL, NULL, 'Not required.'),
	('efe856e8-d71f-439f-8f57-795ab22a73a5', '395806a2-dfb5-4aa9-b5f9-398bedb53caa', 'EVAL', NULL, 'pass', 'Auto throttle fail Tod
AP fail on App', '25 kt X wind T.O / Land 
TS on descent 
G/a  ATC', 'Exercise flown to standard 
General knowledge lacking in some areas ( limitations etc )'),
	('b5ee9c31-2a23-443d-942d-21b134841e4a', 'dcaddb87-3171-4580-8b15-1370f42452f3', 'MV', 'achieved', NULL, NULL, NULL, 'Need to be more positive during acceleration phase, follow the flight director guidance and get the aircraft clean earlier to respect the engine time limit on TOGA.'),
	('ca5d61cb-2532-421e-9de8-9ccbb101f2fd', 'dcaddb87-3171-4580-8b15-1370f42452f3', 'SBT', 'achieved', NULL, NULL, NULL, 'STRUCT BLEED LEAK - QRH. RETURN DUE TO ICING AVOIDANCE. Keep everyone in the loop especially cabin crew if returning shortly after departure to prepare the cabin.'),
	('cd77480b-3081-4fb4-b114-aabdf81ae80d', 'dcaddb87-3171-4580-8b15-1370f42452f3', 'ISI', 'achieved', NULL, NULL, NULL, 'Speaking up during deviations but should only speak up when outside tolerances per SOP'),
	('174c6555-f598-4aad-94da-77130d8485c9', 'ce3a1410-fec6-4801-808f-1c37eb701dd9', 'SBT', 'achieved', NULL, NULL, NULL, 'EVAL diffieciencies carried out to standards.'),
	('3837b88e-67ef-4909-a05d-6ee35668bfe9', 'ce3a1410-fec6-4801-808f-1c37eb701dd9', 'ISI', 'achieved', NULL, NULL, NULL, 'N/A'),
	('218c79ef-0301-4ddf-839b-592b9c2e6b46', 'da40917e-eecf-446b-aa06-ebb70044c8a6', 'EVAL', NULL, 'pass', 'L FCC Fail
BODY DUCT LEAK
A/T FAIL
L IRS FAIL', 'Wet Runway Crosswind
G/S FAIL
THUNDERSTORM', 'Good exercise'),
	('f7e502ee-6912-4e0f-be02-12ee7e31acf4', 'ea3af0f5-dbc5-42c8-ae81-3c6f34232ab0', 'MV', 'achieved', NULL, NULL, NULL, 'Exercises well flown 
Good support / guidance as PM'),
	('6fcb4cf7-9c2d-40aa-b67b-9e3275bfdacf', 'ea3af0f5-dbc5-42c8-ae81-3c6f34232ab0', 'SBT', 'achieved', NULL, NULL, NULL, 'Exercises well managed and flown 
Good support for PF'),
	('7c4e8fba-faa1-4c28-b119-5c38b632e3b4', 'ea3af0f5-dbc5-42c8-ae81-3c6f34232ab0', 'ISI', 'achieved', NULL, NULL, NULL, 'conducted duel  Eng fail after T.O. and DITCHING'),
	('344f038c-c0bc-4fd5-aa3e-c6506dd4869f', 'c10beba3-f34a-45eb-9f34-004beedf88a6', 'EVAL', NULL, 'pass', 'A/P U/S  AUTO THRT U/S  BODY DUCT LEAK', '20 KT X WIND  wet runway . T.S avoidance', 'Well flown exercise without A/ P . 
Be mindful of X wind technique to stay on centre line 
Be more positive on stable calls / criteria'),
	('a6ae185c-7d6f-4d47-a7e3-923f2774274f', '8b8f0663-7bb2-43c1-a386-00ad3bbd3b08', 'MV', 'achieved', NULL, NULL, NULL, 'Well flown exercise'),
	('ceda1bde-7991-4d9e-bf39-d57b2f2085b4', 'e7438119-9780-44d1-ad40-22a26024efce', 'EVAL', NULL, 'pass', 'Auto thr U/S , L IRS FAIL , G/P FAIL', 'T.S IN Terminal area  x-wind ( 25k) wet RWY', 'Good exercise from RHS'),
	('db77e785-f68e-437d-980b-2223219af8af', '8b8f0663-7bb2-43c1-a386-00ad3bbd3b08', 'SBT', 'achieved', NULL, NULL, NULL, 'Good exercise as PF and PM'),
	('e56603fd-1584-4a84-9e6a-9a0fee4882b9', '8b8f0663-7bb2-43c1-a386-00ad3bbd3b08', 'ISI', 'not_achieved', NULL, NULL, NULL, 'Not completed due time constraints'),
	('0001a16d-c921-4960-85c7-da567b33b625', '8b8f0663-7bb2-43c1-a386-00ad3bbd3b08', 'EVAL', NULL, 'pass', 'AP  U/S   AUTO THRT U/S.  VNAV U/S .  DUCT LEAK', '20 kt X wind  / wet runway / T.S avoidance', 'Overall well managed and flown exercise as PF and PM'),
	('e33d3573-716b-400c-8139-8568524c9fea', 'ea3af0f5-dbc5-42c8-ae81-3c6f34232ab0', 'EVAL', NULL, 'pass', 'A/P fail on dep 
Body duct leak', 'Cross wind 25 kts . ILS N/ A  VOR APP', 'Well managed exercise with good considerations .'),
	('d6b92849-1f3c-4c59-9dce-3f7a52f83245', '395806a2-dfb5-4aa9-b5f9-398bedb53caa', 'MV', 'achieved_with_practice', NULL, NULL, NULL, 'Engine failure o.k.
SE iLs repeated to standard . Be mindful of effects of trim/ thrust relationship
S/E MAP ok 
1st x wind landin blown off centre line . 2nd much better'),
	('c8d4beec-c0a5-44ae-81fb-970cefedea41', '395806a2-dfb5-4aa9-b5f9-398bedb53caa', 'SBT', 'achieved', NULL, NULL, NULL, 'Exercise generally ok  
Bit of prompting from PF'),
	('22495b74-daa9-40a8-9ecc-da43a63f328e', '395806a2-dfb5-4aa9-b5f9-398bedb53caa', 'ISI', 'not_achieved', NULL, NULL, NULL, 'Not carried out 
Did DUEL ENG Fail on DEP WITH A DITCHING'),
	('1ef2cddb-c411-486f-b325-092f4e57c48d', 'e7438119-9780-44d1-ad40-22a26024efce', 'MV', 'achieved', NULL, NULL, NULL, 'Minor points discussed'),
	('cf05eaa8-1602-4067-80f5-3b8b323899d1', 'e7438119-9780-44d1-ad40-22a26024efce', 'SBT', 'achieved', NULL, NULL, NULL, 'Good support from RHS'),
	('41c7e92e-378f-4dbf-8064-741484d48433', 'e7438119-9780-44d1-ad40-22a26024efce', 'ISI', 'not_achieved', NULL, NULL, NULL, 'Used time for CNS REQUAL'),
	('d5a99a77-9213-464b-bb82-0e410cd0f48c', '302d9383-b4f5-4c42-9956-dce849acd5f1', 'EVAL', NULL, 'pass', 'A/P FAIL  DUCT LEAK', 'T.S IN AREA. ILS N/A.', 'Well managed and flown exercise considering over 6 weeks not flying'),
	('82ff6342-b969-4df4-8d19-129be735502b', '302d9383-b4f5-4c42-9956-dce849acd5f1', 'MV', 'achieved', NULL, NULL, NULL, 'Minor points discussed , good exercise'),
	('dc161c58-38d0-4b79-9433-97bbd4448da8', '302d9383-b4f5-4c42-9956-dce849acd5f1', 'SBT', 'achieved', NULL, NULL, NULL, 'Good exercise'),
	('8dafb8b9-d66c-452e-8391-67745d3625e8', '302d9383-b4f5-4c42-9956-dce849acd5f1', 'ISI', 'achieved', NULL, NULL, NULL, 'CNS REQAUL'),
	('3314df6a-1a3d-4def-b0d7-6d56c4680e95', 'e53445fa-0dce-43a7-8acd-93517872d24b', 'MV', 'achieved', NULL, NULL, NULL, 'ENG SEV DAMAGE , BNE RWY 19 R E/o Proccedure flown 
Exercises well flown'),
	('0f8d8da1-c291-46be-aa86-7d9427f355d9', 'e53445fa-0dce-43a7-8acd-93517872d24b', 'SBT', 'achieved', NULL, NULL, NULL, 'Well flown and managed exercises as both PF and PM'),
	('cb03b2bc-af69-48c9-be57-4650cfd78f27', 'e53445fa-0dce-43a7-8acd-93517872d24b', 'ISI', 'achieved', NULL, NULL, NULL, 'Flew CNS 33 LLZ 
ENG SEP on T.O.'),
	('b19e60de-a2ee-4afe-8720-4febb22ed446', 'e53445fa-0dce-43a7-8acd-93517872d24b', 'EVAL', NULL, 'pass', 'A/P U.S. NO APU AIR .', '25K X-WIND , WET RWY , NO ILS', 'Overall well managed and flown exercise'),
	('fbba5cd3-dcb4-49df-a207-55e41cd0348e', 'a281f8a3-1a60-459b-85e6-4a9bca9e9b0a', 'MV', 'achieved', NULL, NULL, NULL, 'Generally well flown exercise'),
	('486aaf41-3919-4345-b718-81cdd9e61573', 'a281f8a3-1a60-459b-85e6-4a9bca9e9b0a', 'SBT', 'achieved', NULL, NULL, NULL, 'Exercises flown as PF and PM ok .
Keep to  standard calls'),
	('26c9ebd3-82fe-4e90-8f6d-5591b1da094b', 'a281f8a3-1a60-459b-85e6-4a9bca9e9b0a', 'ISI', 'achieved', NULL, NULL, NULL, 'CNS 33 LZZ APP FLOWN 
ENG SEP ON T.O'),
	('ea30f095-9e0b-4d31-9af5-557f57dd953d', '42e976b7-79cd-40ff-bb9f-a5254e609419', 'ISI', 'achieved', NULL, NULL, NULL, 'RHS SEQUENCE FLOWN ( ENG FAIL / SE GA )'),
	('600b8cd6-fee5-45c7-a6fc-d85d1a4832f2', 'a281f8a3-1a60-459b-85e6-4a9bca9e9b0a', 'EVAL', NULL, 'pass', 'Centre Duct leak , VNAV fail on Dec. APP fail', 'Wet RWY , 25 kt X Wind , T.S. on APP, RWY Change', 'As PF Standard calls on APP. and after landing calls I.e SPEED BRAKE .
PF exercise ok , minor points discussed'),
	('80338899-3f99-406a-b2ee-da3545c2470a', '98557844-2246-4ea9-b3af-30eda0b95675', 'MV', 'achieved', NULL, NULL, NULL, 'Eng fail at V1 ( wet ) well handled .'),
	('f8f79b58-972f-451c-b5c7-d2bf597f43de', '98557844-2246-4ea9-b3af-30eda0b95675', 'SBT', 'achieved', NULL, NULL, NULL, 'Well managed'),
	('79ed64c8-8b01-430c-8a34-d1f40dbcc1d1', '98557844-2246-4ea9-b3af-30eda0b95675', 'ISI', 'achieved', NULL, NULL, NULL, 'Nil'),
	('2031bd81-fddf-4494-957c-1aea73bfbf49', '24ea840b-d0ec-45fc-bca1-d24f3a0fc582', 'MV', 'achieved', NULL, NULL, NULL, 'EFATO procedures well executed, drifted to the left of the centre-line. Handling skills and IF scan coordination requires improvement when manually flying the aircraft to remain stable on the approach. On 2 SE approach on the ILS, GAs was execute. GA procedures requires improvement - follow the sequence.'),
	('d5b1d94b-7e88-490a-9d8c-55bc78fbb573', '24ea840b-d0ec-45fc-bca1-d24f3a0fc582', 'SBT', 'achieved', NULL, NULL, NULL, 'R & C HYD SYS FAILURE. , LE FLAP DISAGREE, Competencies trained on day 2 to satisfactory standards.'),
	('22fd3a41-dcfc-44d2-92b3-bff321fd892a', 'ce3a1410-fec6-4801-808f-1c37eb701dd9', 'EVAL', NULL, 'pass', 'Abort Engine Start, Aircon Pack Overheat.IDG', 'TCAS RA, Volcanic ash, Windshear, GPWS,', 'Overall the loft was satisfactory. maintains situational awareness throughout the loft scenarios.'),
	('e86991ef-b33d-4e11-918e-f2d1ccff8f50', '0b38ba1c-843a-4e64-ae7f-4914a7a520ce', 'MV', 'achieved', NULL, NULL, NULL, 'MANVAL Satisfactory.'),
	('39b646ba-f0ca-403f-b9bf-1ba7b1631aa2', 'dfd07f04-3c22-421e-8290-0bc7af822b25', 'EVAL', NULL, 'pass', 'L IRS ON DC Power, R ADC Failure, G/S Failure', 'Wet runway, crosswinds, TSRA, WE Deviation', 'Good flight instrument KNO. Manual thrust on descend and approach. Keep the scan going and watch the speed.'),
	('a4cc5589-9918-4b9a-b789-94b77d99f291', '0b38ba1c-843a-4e64-ae7f-4914a7a520ce', 'SBT', 'achieved', NULL, NULL, NULL, 'EVAL diffieciencies carried out to standards.'),
	('24349713-1c01-443b-baf2-bfad546e9312', '98557844-2246-4ea9-b3af-30eda0b95675', 'EVAL', NULL, 'pass', 'All A/P U/S , ILS FAIL', 'T.S. In AREA ( WX AVOIDANCE) Wet RWY , X Wind', 'Well flown and well managed exercise . Good support as PM'),
	('61499f19-6538-403f-8ff3-81bc66ec4872', 'd55bc626-1304-4609-a6fe-a31dbdbe9d43', 'MV', 'achieved', NULL, NULL, NULL, 'SEV ENG DAMAGE . well managed'),
	('e3ad421b-25d1-4e1c-bcfc-6fcb62058763', 'd55bc626-1304-4609-a6fe-a31dbdbe9d43', 'SBT', 'achieved', NULL, NULL, NULL, 'Overall good standard ,
remember to complete the Checklist items ( next page )'),
	('81f7c97e-208c-44bd-a372-aeae2ea026e2', 'd55bc626-1304-4609-a6fe-a31dbdbe9d43', 'ISI', 'achieved', NULL, NULL, NULL, 'Good support and calls'),
	('9614e340-a275-48c4-b01b-c2eb3ebcede9', '0b38ba1c-843a-4e64-ae7f-4914a7a520ce', 'ISI', 'achieved', NULL, NULL, NULL, 'Support for Capt Brettt Dovey RHS and Training Captain syllabus'),
	('60a826a2-7b29-4917-b279-bdc479af7e50', '24ea840b-d0ec-45fc-bca1-d24f3a0fc582', 'ISI', 'achieved', NULL, NULL, NULL, 'UPRT - Completed to satifactory standards'),
	('27379b16-05b7-4cd5-808e-6002ab6b5ab0', 'd0a04c01-3b05-412e-aea7-661ef6e6150b', 'EVAL', NULL, 'pass', 'Gear Lever Will Not Move Up
LH HYD PUMP 
L and C H', 'Adverse Weather Heavy rain wet runway', 'Technical events included, L+C HYD SYS FAIL, LE SLAT ASSYM

Monitor the performance of the autopilot. If it is not performing as expected, disconnect and fly manually.'),
	('160e2d70-883b-44cd-9c60-c1050656fa96', '340e5cd5-6460-40e7-9d9c-bcc3580cb7a5', 'EVAL', NULL, 'pass', 'Abort Engine Start, Aircon Pack Overheat.', 'TCAS RA, Volcanic ash, Windshear, GPWS,', 'The loft scenarios were well managed and flown.'),
	('c0260ae7-6ca4-46fe-b803-ff2b428a3f00', 'd0a04c01-3b05-412e-aea7-661ef6e6150b', 'MV', 'achieved', NULL, NULL, NULL, 'Watch pitch attitude on rotation and at flap retract altitude.'),
	('d0e7f16f-dda3-436c-a2af-881cd37a4c23', 'd55bc626-1304-4609-a6fe-a31dbdbe9d43', 'EVAL', NULL, 'pass', 'CTR DUCT LEAK  VNAV FAIL A/P FAIL', 'T.S / wet RWY / X wind', 'Exercise well flown with good considerations .'),
	('67e9ff91-165d-4b26-87eb-f966ea6e5e9d', '702224c0-8efc-43ee-90e4-9dae5a61e10b', 'MV', 'achieved', NULL, NULL, NULL, 'PRO in EFATO must follow the sequence, SE GA and LDG. Well flown manually'),
	('923c39e0-b57f-4cb8-8b84-c14bd10ef7f8', '702224c0-8efc-43ee-90e4-9dae5a61e10b', 'SBT', 'achieved', NULL, NULL, NULL, 'BNEPOM1 Packs failure returning to BNE. Low level off and G/S capture including ILS breakout PRO conducted satisfactorily.'),
	('f1837823-a5d2-47dc-9dad-33bde66c3a37', '702224c0-8efc-43ee-90e4-9dae5a61e10b', 'ISI', 'achieved', NULL, NULL, NULL, 'EFATO, SE LDG and GA reviewed to standards.'),
	('35741411-ef1e-45a8-897d-223dcff03c9e', 'd0a04c01-3b05-412e-aea7-661ef6e6150b', 'SBT', 'achieved', NULL, NULL, NULL, 'Nil'),
	('83d9c386-478f-49f3-a9c0-705f39bd264d', '0b38ba1c-843a-4e64-ae7f-4914a7a520ce', 'EVAL', NULL, 'pass', 'Abort Engine Start, Aircon Pack Overheat.IDG', 'TCAS RA, Volcanic ash, Windshear, GPWS,', 'Overall the loft was satisfactory. maintains situational awareness throughout the loft scenarios.'),
	('559b95c5-1fd5-4ef5-8a34-70ea9b16a2ef', '340e5cd5-6460-40e7-9d9c-bcc3580cb7a5', 'MV', 'achieved', NULL, NULL, NULL, 'Engine fire.. The HKG ENG OUT PRO, SE ILS, SE GA procedure was well flown per SOP.'),
	('871931b8-9d3c-40a4-99f4-e71d321e58cf', '340e5cd5-6460-40e7-9d9c-bcc3580cb7a5', 'SBT', 'achieved', NULL, NULL, NULL, 'EVAL deficiencies carried out to standards.'),
	('49280b72-1fe5-42b9-98f3-69f6375208fe', '340e5cd5-6460-40e7-9d9c-bcc3580cb7a5', 'ISI', 'achieved', NULL, NULL, NULL, 'RHS and Training Captain syllabus completed satisfactorily.'),
	('ab68701a-c8b9-4b93-849b-1f6fd397cb5f', 'd0a04c01-3b05-412e-aea7-661ef6e6150b', 'ISI', 'achieved', NULL, NULL, NULL, 'No ISI done. UPRT controlled from the IOS'),
	('bc5773b4-adb6-423c-8108-630c4b70d231', '702224c0-8efc-43ee-90e4-9dae5a61e10b', 'EVAL', NULL, 'pass', 'Auto Pilot Failure', 'Crosswind, Wet runway,', 'Good PSD and WLM.'),
	('15e8f3bc-dc07-4b29-aba4-8484d7ca761a', 'dfd07f04-3c22-421e-8290-0bc7af822b25', 'MV', 'achieved', NULL, NULL, NULL, 'Singe engine app and GA flown manually and using auto pilot. EFATO (Flame out at 100’) must keep PRO in sequence.'),
	('e3ebd45c-c017-4420-9867-6803b34d8cc2', 'dfd07f04-3c22-421e-8290-0bc7af822b25', 'SBT', 'achieved', NULL, NULL, NULL, 'Cabin Altitude Auto failure, returned to BNE. PRO, LTW, SAW, PSD'),
	('1c4a119a-73ed-4ce6-ab0b-665cff7eb760', 'dfd07f04-3c22-421e-8290-0bc7af822b25', 'ISI', 'achieved', NULL, NULL, NULL, 'Conducted AFTO, SE LDG and SE GA out of HKG.'),
	('84c187b7-3582-4739-ad4b-f16301b4aa17', 'c2a7e692-17de-4308-a148-9c10e6d7e3b5', 'MV', 'achieved', NULL, NULL, NULL, 'Must follow the engine out SOP in sequence,  identify the fault before launching into RECALL or Checklist. Differences between engine parameters reviewed during debrief to identify the engine shaft separation, sever damage etc..'),
	('f534f39f-8db8-4b4c-9a4a-9764e8508e64', 'c2a7e692-17de-4308-a148-9c10e6d7e3b5', 'SBT', 'achieved', NULL, NULL, NULL, 'tug fire, Aircon smoke, AC BUS failure and tail pipe fire exercises carried out to satisfactory standards.'),
	('f2d3ceb3-c589-4060-b77b-562d829c68fb', 'c2a7e692-17de-4308-a148-9c10e6d7e3b5', 'ISI', 'achieved', NULL, NULL, NULL, 'N/A'),
	('1ece76ed-0fdf-4cc6-af2e-71775fa94672', '1f6a7264-36f9-496e-8ddf-5cf004b3ae40', 'MV', 'achieved', NULL, NULL, NULL, 'No comments'),
	('3a557cea-4ec0-4efa-8e25-803d0142cba9', '1f6a7264-36f9-496e-8ddf-5cf004b3ae40', 'SBT', 'achieved', NULL, NULL, NULL, 'Consider dumping fuel for return to SIN.'),
	('f6e50594-9f54-4ccb-bf59-f1b3ed102927', '1f6a7264-36f9-496e-8ddf-5cf004b3ae40', 'ISI', 'achieved', NULL, NULL, NULL, 'ISI not done. UPRT controlled from the IOS.'),
	('c9182b9e-8d38-43db-8943-2b0bf7f4da9b', 'bc56387f-eb19-43a9-a59a-584952db41b1', 'EVAL', NULL, 'pass', 'Start Fault, aircon pack overheat, cargo fire/smok', 'Volcanic ash encounter, GPWS, TCAS, Windshear', 'Volcanic ash encounter leading to a dual engine failure well managed diversion to RPLL. Importance of slowing down carefully identifying and prioritising enforced during debrief. Overall good team effort in managing the situations.'),
	('fe9f8cdc-56dd-4100-a894-e48588330aab', 'f4e66f7a-5215-4552-8dee-d58bef5a6731', 'MV', 'achieved', NULL, NULL, NULL, 'Must follow the engine out SOP in sequence,  identify the fault before launching into RECALL or Checklist. Differences between engine parameters reviewed during debrief to identify the engine shaft separation, sever damage etc..'),
	('8522c2c9-7d60-482f-b9bb-46c411c1cd92', 'f4e66f7a-5215-4552-8dee-d58bef5a6731', 'SBT', 'achieved', NULL, NULL, NULL, 'tug fire, Aircon smoke, AC BUS failure and tail pipe fire exercises carried out to satisfactory standards.'),
	('043545eb-c1d8-4a82-be0f-3eec47f1b0ad', 'c2a7e692-17de-4308-a148-9c10e6d7e3b5', 'EVAL', NULL, 'pass', 'Start Fault, aircon pack overheat, cargo fire/smok', 'Volcanic ash encounter, GPWS, TCAS, Windshear, Fir', 'Volcanic ash encounter leading to a dual engine failure well managed diversion to RPLL. Importance of slowing down carefully identifying and prioritising enforced during debrief. Overall good team effort in managing the situations.'),
	('bba70e3b-6596-4016-8f95-f7b69cbc0f70', 'bc56387f-eb19-43a9-a59a-584952db41b1', 'MV', 'achieved', NULL, NULL, NULL, 'Must follow the engine out SOP in sequence,  identify the fault before launching into RECALL or Checklist. Differences between engine parameters reviewed during debrief to identify the engine shaft separation, sever damage etc..'),
	('f9a7cf71-e6c9-4d46-bcaf-e244eaebb748', 'bc56387f-eb19-43a9-a59a-584952db41b1', 'SBT', 'achieved', NULL, NULL, NULL, 'tug fire, Aircon smoke, AC BUS failure and tail pipe fire exercises carried out to satisfactory standards.'),
	('417b0c07-6836-4e89-b8fe-e801dd27cdf0', 'bc56387f-eb19-43a9-a59a-584952db41b1', 'ISI', 'achieved', NULL, NULL, NULL, 'N/A'),
	('a27432e5-00c1-4843-a0c5-96515c4c9855', 'f4e66f7a-5215-4552-8dee-d58bef5a6731', 'EVAL', NULL, 'pass', 'Start Fault, aircon pack overheat, cargo fire/smok', 'Volcanic ash encounter, GPWS, TCAS, Windshear, Fir', 'Volcanic ash encounter leading to a dual engine failure well managed diversion to RPLL. Importance of slowing down carefully identifying and prioritising enforced during debrief. Overall good team effort in managing the situations.'),
	('c7056974-99a3-4e38-a590-2bdf12577c10', 'f4e66f7a-5215-4552-8dee-d58bef5a6731', 'ISI', 'achieved', NULL, NULL, NULL, 'Check speed before flaps and gear extensions'),
	('59b1ba44-1506-4b78-90dd-9add8a70e191', 'eb1a88f3-be73-4c70-8c05-43e3b35a34f5', 'MV', 'achieved', NULL, NULL, NULL, 'Must follow the engine out SOP in sequence,  identify the fault before launching into RECALL or Checklist. Differences between engine parameters reviewed during debrief to identify the engine shaft separation, sever damage etc..'),
	('53e8d9fe-2211-473a-b7a3-e93f6491fa6c', 'eb1a88f3-be73-4c70-8c05-43e3b35a34f5', 'SBT', 'achieved', NULL, NULL, NULL, 'tug fire, Aircon smoke, AC BUS failure and tail pipe fire exercises carried out to satisfactory standards.'),
	('d60c6b16-b438-49cc-ab89-3cdd174ed18b', 'eb1a88f3-be73-4c70-8c05-43e3b35a34f5', 'ISI', 'achieved', NULL, NULL, NULL, 'Must always do a speed check before selecting flaps'),
	('b4684d98-6139-4be2-9f2e-f8694934c6b2', '3511d8d7-87bf-492d-b372-0f7b0b8c43f3', 'EVAL', NULL, 'pass', 'Aborted Engine Start
Aircon PACK OHT
CARGO FIRE', 'Volcanic Ash
TCAS
GPWS WARNING
WINDSHEAR', 'Ensure correct checklist is used for NNC Deferred Items.'),
	('d86b424a-6692-4787-8b41-ee8f56f0f7be', '1f6a7264-36f9-496e-8ddf-5cf004b3ae40', 'EVAL', NULL, 'pass', 'Gear Lever Will Not Move Up
LH HYD PUMP 
L and C H', 'Adverse weather. Heavy rain, wet runway.', 'Technical events included, L+C HYD SYS FAIL, LE SLAT ASSYM

PM duties. Ensure accurate calls on approach and any deviations requiring a go around are called in a timely manner.'),
	('791b0e45-1443-4277-a029-50f0de7dd7e5', 'eb1a88f3-be73-4c70-8c05-43e3b35a34f5', 'EVAL', NULL, 'pass', 'Start Fault, aircon pack overheat, cargo fire/smok', 'Volcanic ash encounter, GPWS, TCAS, Windshear', 'Volcanic ash encounter leading to a dual engine failure well managed diversion to RPLL. Importance of slowing down and carefully identifying and prioritising enforced during debrief. Need to work on the FMC input and modifications. Must always check the IAS before selecting flaps and be careful busting flap speed limits during retraction when heavy.'),
	('1805d01f-37d3-4198-bbcc-9363ef6e416d', '0b385a8a-29e4-4a53-b126-766febf91d23', 'MV', 'achieved', NULL, NULL, NULL, 'Flew exercise out  of HKG RWY 07R .  Looked at Special procedure 07R'),
	('d97ee69e-4477-4cc5-a93c-247f9b15f902', '0b385a8a-29e4-4a53-b126-766febf91d23', 'SBT', 'achieved', NULL, NULL, NULL, 'AC BUS FAILURE . FLOWN OUT OF MNL . WELL MANAGED'),
	('f7ec63bf-be00-4069-8bc9-24c8c7836630', '0b385a8a-29e4-4a53-b126-766febf91d23', 'ISI', 'not_achieved', NULL, NULL, NULL, 'Not done due to SIM issues'),
	('b1975857-2c22-4c0c-9b28-28c2289e0f32', 'fd16738e-7418-4389-b9a8-9675c63bfdee', 'MV', 'achieved', NULL, NULL, NULL, 'MAVAL carried out satisfactorily. Beware of the Single engine tolerance on HDG.'),
	('51d31f7f-baa5-4976-8519-33e8ab445fe9', '3eaf0f13-eb8d-43e4-8ec1-ec2c4ce958c9', 'EVAL', NULL, 'pass', 'ENG START FAULT  GARGO FIRE ( LITHIUM BATT)', 'TCAS      SEV TURB.', 'Over all well managed exercise'),
	('076e48a5-9eee-4e43-9af7-d81a45b9a6b8', '61659ad9-2e76-418c-94f8-67a6f5651a8e', 'EVAL', NULL, 'pass', 'Aircon pack over temp /.  VOLCANIC ASH', 'Wind shear on final', 'Overall well flown'),
	('32df0acf-6202-4de7-9553-029d8bc5caa0', '37239ea4-5c1c-4415-9977-2747a3cc3895', 'MV', 'achieved', NULL, NULL, NULL, 'Flown out of HKG , COVERED E/O PROCCEDURE'),
	('e0ea04ab-e056-4f0d-a718-10a925641437', '37239ea4-5c1c-4415-9977-2747a3cc3895', 'SBT', 'achieved', NULL, NULL, NULL, 'Flown out of MNL , smoke removal checklist return for ILS and GPWS event 
Good support for other exercise'),
	('b3671191-5e40-4fe6-a3ff-0830ed684136', '37239ea4-5c1c-4415-9977-2747a3cc3895', 'ISI', 'achieved', NULL, NULL, NULL, 'RHS ENG FAIL/ SE ILS / GA / SE LAND 
Good standard'),
	('68fcbbb0-a146-4b6a-9c25-eb106c075189', '0b385a8a-29e4-4a53-b126-766febf91d23', 'EVAL', NULL, 'pass', 'Start fault   Tcas RA', 'Volcanic Ash   GPWS warning', 'Overall well managed exercise , some changes to exercise had to be changed due SIM issues'),
	('b08679ac-5d1c-417d-981e-5c7b14d45738', '221bbf67-ea20-4ca9-aa15-7ec1ef26358a', 'MV', 'achieved', NULL, NULL, NULL, 'Looked at HKG E/O PROCEDURE 07R
Exercise flown to good standard'),
	('53e83bdf-5cbf-48bc-93b9-43b4d6e3105b', '221bbf67-ea20-4ca9-aa15-7ec1ef26358a', 'SBT', 'achieved', NULL, NULL, NULL, 'EXERCISE OUT OF MNL 
Smoke removal , windshear on APP.  RNP APP
well flown'),
	('7a40d4f3-0fc1-4961-8a2b-3d74cb7ffa43', '221bbf67-ea20-4ca9-aa15-7ec1ef26358a', 'ISI', 'achieved', NULL, NULL, NULL, 'heavy Weight (160T) T.O. MNL ENG FAIL PROC .'),
	('8870bb4e-fbb9-4d60-9ff2-0be96023d724', '8f473040-9309-4421-bd52-7608bc6847b4', 'MV', 'achieved', NULL, NULL, NULL, 'ENG SEVERE DAMAGE HKG 07R. Slight over control initially . 
EO MAPP /GA well flown'),
	('e119b13b-7c43-467a-a233-4548375db27a', '8f473040-9309-4421-bd52-7608bc6847b4', 'SBT', 'achieved_with_practice', NULL, NULL, NULL, 'SMOKE REMOVAL RNP APP 06 with WIND SHEAR ESCAPE 
 Be more pro active with speed control / AUTO THROTTLE MODES  etc'),
	('31c7ac70-a826-4f5c-8f3f-eb588486bfa0', '8f473040-9309-4421-bd52-7608bc6847b4', 'ISI', 'achieved', NULL, NULL, NULL, 'Flew EO procedure MNL RWY 06'),
	('7e32ef6e-f719-4cdc-98c1-fb5d3477c810', 'fd16738e-7418-4389-b9a8-9675c63bfdee', 'SBT', 'achieved', NULL, NULL, NULL, 'C HYD QTY and TE Flap ASSY. Scenarios carried satisfactory.'),
	('db8cf037-fa4e-4c06-baee-4cc389679eb4', 'fd16738e-7418-4389-b9a8-9675c63bfdee', 'ISI', 'achieved', NULL, NULL, NULL, 'N/A'),
	('8ef2ce23-fbac-4328-aea7-3a2cd4a81eab', '8e8fe907-de08-4896-a1b3-7ad498dd7c21', 'MV', 'achieved', NULL, NULL, NULL, 'Flown to good standard'),
	('ea6b4109-9dd0-4107-8d55-8c485650715a', '221bbf67-ea20-4ca9-aa15-7ec1ef26358a', 'EVAL', NULL, 'pass', 'Start malfunction    TCAS event   Resirc fan', 'Cargo fire ( Lithium battery )', 'Exercise out of HKG  
Good support as PM 
Well managed.'),
	('135d5164-0d67-4adb-93e5-9ad89d806993', '61659ad9-2e76-418c-94f8-67a6f5651a8e', 'MV', 'achieved', NULL, NULL, NULL, 'Looked at HKG EO PROCEDURE . WELL FLOWN'),
	('ff0f4f3a-af1c-4279-aa5c-e793806962c2', '61659ad9-2e76-418c-94f8-67a6f5651a8e', 'SBT', 'achieved', NULL, NULL, NULL, 'Flown out of MNL  TCAS.   DUEL ENG FAIL DUE VOLCANIC ASH    RNP APP MNL 
Good support'),
	('c906c19c-1c1d-4674-992a-1619071e7261', '61659ad9-2e76-418c-94f8-67a6f5651a8e', 'ISI', 'not_achieved', NULL, NULL, NULL, 'Good calls and support'),
	('42d76598-ab6a-407b-91dd-735a8c33dc1a', '8e8fe907-de08-4896-a1b3-7ad498dd7c21', 'SBT', 'achieved', NULL, NULL, NULL, 'Good exercise 
Support was good'),
	('0ec35d85-2606-43f3-b13a-a6d226ae7aae', '8e8fe907-de08-4896-a1b3-7ad498dd7c21', 'ISI', 'not_achieved', NULL, NULL, NULL, 'Did not complete'),
	('021eb36c-7d55-427c-a995-061c3dca53ff', '67a78e2d-c0b3-4c41-84d8-a4620c18501c', 'ISI', 'achieved', NULL, NULL, NULL, 'N/A'),
	('32ac1589-dea7-46bd-8656-850d09dbf88b', '5a3d455f-28f2-4c1b-86c8-f76278e212bc', 'EVAL', NULL, 'pass', 'Aircon Pack Over temp 
Cargo fire ( Batteries )', 'Turbulence on climb out 
Overweight landing  GPWS', 'Overall well managed exercise 
Over weight landing good 
Good support as PM'),
	('e1e16bb7-5b98-4cec-877b-773286c5839d', '8f473040-9309-4421-bd52-7608bc6847b4', 'EVAL', NULL, 'pass', 'TCAS. DUEL ENG FLAME OUT', '.  VOLCANIC ASH', 'Generally well managed . Be mindful of AC speed management with no AUTO THROTTLE and anticipate .'),
	('7c7b6868-9563-491e-99d2-846846298eff', '3eaf0f13-eb8d-43e4-8ec1-ec2c4ce958c9', 'MV', 'achieved', NULL, NULL, NULL, 'Flown out of HKG . Covered E/O PROC 07R  FLOWN TO GOOD STANDARD'),
	('868fe19c-1763-4c6b-9c8c-8bb946ed9278', '3eaf0f13-eb8d-43e4-8ec1-ec2c4ce958c9', 'SBT', 'achieved', NULL, NULL, NULL, 'On Push back TUG fire then EVACUATION.              AC BUS failure return MNL RWY 24. GPWS EVENT'),
	('2574bc07-7cba-4ed8-8167-ff4471155572', '3eaf0f13-eb8d-43e4-8ec1-ec2c4ce958c9', 'ISI', 'achieved', NULL, NULL, NULL, 'Exercise not flown .'),
	('f436a6a9-5045-4a14-a5d6-e01d4b10bbc3', '12553404-8736-4817-a797-d089aadb5b4c', 'MV', 'achieved', NULL, NULL, NULL, 'HKG 07R 
Eng FIRE 1 Bottle'),
	('b7e96e9b-acc4-48b1-a279-1a9416cde497', '12553404-8736-4817-a797-d089aadb5b4c', 'SBT', 'achieved', NULL, NULL, NULL, 'LEFT AC BUS FAILURE 
TAIL PIPE FIRE 
TUG FIRE ON PUSHBACK  EVAC'),
	('8b7df64c-63e0-4d1a-9563-edc8df328279', '12553404-8736-4817-a797-d089aadb5b4c', 'ISI', 'not_achieved', NULL, NULL, NULL, 'Not done due time constraints'),
	('a8b6d051-dbf5-4852-9e7d-744cb6fbfb01', '12553404-8736-4817-a797-d089aadb5b4c', 'EVAL', NULL, 'pass', 'Start abnormal hot star
Duel eng fail 
TCAS EVENT', 'Volcanic Ash  / Overwiegt land 
Wind SHEAR on APP', 'Well managed exercise . 
Volcanic Ash well handled , good considerations'),
	('9d18db21-64c2-4d88-a9cc-702470e517d4', '016cba63-73a0-4642-acf7-ab1d3d7c04a1', 'MV', 'achieved', NULL, NULL, NULL, 'Good exercise'),
	('c820de68-3fef-4672-97f3-b0daf1d43a5b', '5a3d455f-28f2-4c1b-86c8-f76278e212bc', 'MV', 'achieved', NULL, NULL, NULL, 'Eng Sev damage HKG 07R'),
	('190cb851-d464-416c-9a6b-d8ad8dd3b5d6', '5a3d455f-28f2-4c1b-86c8-f76278e212bc', 'SBT', 'achieved', NULL, NULL, NULL, 'Smoke removal checklist 
As PM FMC manipulation could be better'),
	('becc61b0-0686-4bf5-8c22-4bad6803ecca', '5a3d455f-28f2-4c1b-86c8-f76278e212bc', 'ISI', 'achieved', NULL, NULL, NULL, 'Not done due time'),
	('a13eaf04-df89-49e0-959f-28fd168175a7', '016cba63-73a0-4642-acf7-ab1d3d7c04a1', 'SBT', 'achieved', NULL, NULL, NULL, 'Ensure you complete the whole NNC. Follow link to other checklist if required.'),
	('e0dce163-74ad-482c-84a8-19636c04b06b', '016cba63-73a0-4642-acf7-ab1d3d7c04a1', 'EVAL', NULL, 'pass', 'Aborted Engine Start
Aircon PACK OHT
CARGO FIRE', 'Volcanic Ash
TCAS
GPWS WARNING
WINDSHEAR', 'Pay closer attention to engine instrument indications during and after engine re-light.'),
	('38bfbad1-f636-4eb9-9a98-3c5faac23294', 'cb05ff1c-ec64-41bd-8cfa-3f18633b4eaf', 'MV', 'achieved_with_practice', NULL, NULL, NULL, 'Generally well flown.
Some issues transitioning from IF to visual at the minima.
Concentrate on attitude and thrust to give a constant descent profile.'),
	('4e1620f9-0a24-415c-8f55-9e85ef316822', 'cb05ff1c-ec64-41bd-8cfa-3f18633b4eaf', 'SBT', 'achieved', NULL, NULL, NULL, 'Good session'),
	('19549fc6-6b74-427f-a7cd-c5fc5dba5ee8', 'cb05ff1c-ec64-41bd-8cfa-3f18633b4eaf', 'ISI', 'not_achieved', NULL, NULL, NULL, 'Not required'),
	('d79cc917-a1f4-46ff-a48c-9e6e620e5fd5', '37239ea4-5c1c-4415-9977-2747a3cc3895', 'EVAL', NULL, 'pass', 'ENG START FAULT. TCAS  CARGO FIRE ( lithium batt)', 'Wind shear on APP', 'Overall well flown exercise'),
	('d202c4b0-b7ad-4cb9-9b8c-7b55b394260f', '3511d8d7-87bf-492d-b372-0f7b0b8c43f3', 'MV', 'achieved', NULL, NULL, NULL, 'Well flown.'),
	('77970fac-4aec-49b2-a326-8f523d3cd3d0', '3511d8d7-87bf-492d-b372-0f7b0b8c43f3', 'SBT', 'achieved', NULL, NULL, NULL, 'Ensure NNC is fully completed and follow links to other NNCs as required.'),
	('8d5081c1-abd0-41db-843e-c56c34b3c06f', '3511d8d7-87bf-492d-b372-0f7b0b8c43f3', 'ISI', 'achieved', NULL, NULL, NULL, 'Not conducted'),
	('dff93f88-4a9c-4276-96d5-b9efd3cb38f1', 'ff9186e4-8888-4ee0-b66b-73b2cd04846d', 'MV', 'achieved', NULL, NULL, NULL, 'Good'),
	('91d75c7e-4d64-4721-accf-d0827089e255', 'ff9186e4-8888-4ee0-b66b-73b2cd04846d', 'SBT', 'achieved', NULL, NULL, NULL, 'Good exercise. Well handled'),
	('3d97a4d8-bfdf-4960-a431-efcaa31a2730', 'ff9186e4-8888-4ee0-b66b-73b2cd04846d', 'ISI', 'achieved', NULL, NULL, NULL, NULL),
	('39f4daba-5f77-459a-839c-f88f1bd705bf', 'fd16738e-7418-4389-b9a8-9675c63bfdee', 'EVAL', NULL, 'pass', 'Gear lever not in up position 
L &C hyd system
LE', 'Crosswind takeoff and landing 
TSRA
Wet runway', 'EVAL carried out successfully to satisfactory standards.. Good teamwork throughout. Scenario 1 L/C hydraulic loss enroute diversion to Cairns runway 15 LLZ. Scenario 2: LE Flap Asymmetry returning POM.'),
	('c2a71d18-44da-4f1c-94a6-8956d99e0728', 'a5c771b1-91d4-4aa1-b1a2-ab5a7536bf83', 'MV', 'achieved', NULL, NULL, NULL, 'MANVAL well flown..'),
	('789cce49-ca57-4e65-aa3c-5bca32292d85', 'a5c771b1-91d4-4aa1-b1a2-ab5a7536bf83', 'SBT', 'achieved', NULL, NULL, NULL, 'C HYD QTY LOW, TE Faps Assymetry on finals.'),
	('932a49cb-ab51-4a12-800e-0380def6dadf', 'a5c771b1-91d4-4aa1-b1a2-ab5a7536bf83', 'ISI', 'achieved', NULL, NULL, NULL, 'RHS Recurrent. UPRT/UPSET Recovery - Satisfactory'),
	('130cebb7-9057-4ee4-a652-2aa2b7e35b64', 'f57b5fa1-dc98-4889-af93-5ce639c8ea8b', 'MV', 'achieved', NULL, NULL, NULL, 'Nil'),
	('55282252-7de2-48a3-85be-529035ad38a8', 'f57b5fa1-dc98-4889-af93-5ce639c8ea8b', 'SBT', 'achieved', NULL, NULL, NULL, 'Overall well managed exercises'),
	('055231d1-d398-4cc2-8645-74746e6faf0d', 'ff9186e4-8888-4ee0-b66b-73b2cd04846d', 'EVAL', NULL, 'pass', 'Start fault
AC BUS Failure', 'TCAS
Volcanic Ash
GPWS', 'Well flown'),
	('18a16209-4416-4742-b114-219a2fb8dd6f', '13547c93-83bf-448c-914a-e9b167626409', 'MV', 'achieved', NULL, NULL, NULL, 'ENG FIRE HKG 07R 
SE ILS / GA 
SE ILS LAND 

Be mindful of Power / Trim relationship . Anticipate changes'),
	('213784db-69ac-481b-a66e-caac3178fb26', '13547c93-83bf-448c-914a-e9b167626409', 'SBT', 'achieved', NULL, NULL, NULL, 'Completed exercise as both PF / PM'),
	('b9f74db2-31ff-4f06-8aa5-70c3f72fd71f', '13547c93-83bf-448c-914a-e9b167626409', 'ISI', 'not_achieved', NULL, NULL, NULL, 'Time used for SIM Op practise for CPT Rondeau'),
	('af6f755f-f3d8-4560-8a45-74fd369b5663', 'f57b5fa1-dc98-4889-af93-5ce639c8ea8b', 'ISI', 'achieved', NULL, NULL, NULL, '. ENG OUT T.O. / S/E G/A  ( man flown ) S/E Landing sequence flown from RHS'),
	('ba19db8a-c042-4337-8caf-2069a421e741', 'a5c771b1-91d4-4aa1-b1a2-ab5a7536bf83', 'EVAL', NULL, 'pass', 'Gear lever stuck down
L & C HYD FAIL
LE Flaps Assy', 'Adverse weather 
TSRA
Crosswind 
Wet Runway', 'POMBNE2, Good overall performance. Good teamwork throughout. Scenario 1 L/C hydraulic loss enroute diversion to Cairns runway 15 LLZ. Scenario 2: LE Flap Asymmetry returning POM.'),
	('ac1cadb5-0024-4397-bd8f-57f57e5f0768', '186ef48f-4497-4c91-9866-043acc6c6190', 'EVAL', NULL, 'pass', 'Gear stuck down / Leading edge Assymetrery', 'Marginal WX at Dep   /Arrival 
MAPP / RWY change', 'Generally well managed exercise 
Could be more decisive in decision making 
Good support as PM
 Discussed landing Performance  considerations  with limiting performance TVL RWY 19'),
	('082fd095-43ab-40ec-8386-193eeef9954b', '13547c93-83bf-448c-914a-e9b167626409', 'EVAL', NULL, 'pass', 'Start Abnormal , TCAS, DUEL ENG FAIL ,W/SHEAR LDG', 'Volcanic Ash', 'Overall well managed , minor points discussed'),
	('43ebe893-8e86-446a-b2f9-3bbc75dd2649', '73efaa3c-43db-447c-8cb9-c2b37717a475', 'MV', 'achieved', NULL, NULL, NULL, 'The single engine take-off and GA procedure must be followed per SOP.  Capt. Innes demonstrated a competent level of FPA, FPA, PRO, SAW, COM, WLM throughout the EVAL and MANVAL.'),
	('d4a9fdde-647a-4c9a-9ca7-b5a7e133d082', '73efaa3c-43db-447c-8cb9-c2b37717a475', 'SBT', 'achieved', NULL, NULL, NULL, 'Smoke, fumes in the cabin, AC BUS Failue and bird strike on finals excercse satifactory. W/S escape practice, SE GA after bird strike applying the 2 methods per FCTM.'),
	('49aff43c-297e-4a4c-aa47-5eacc8d771f4', '73efaa3c-43db-447c-8cb9-c2b37717a475', 'ISI', 'achieved', NULL, NULL, NULL, 'N/A'),
	('3e3a955b-20ed-47df-baff-8a2b3a0fb35f', '8e8fe907-de08-4896-a1b3-7ad498dd7c21', 'EVAL', NULL, 'pass', 'LANDING GEAR STUCK. L PRIM HYD PUMP/ L+C HYD FAIL', 'Adverse WX on Dep ( heavy rain , x wind )', 'Overall well handled exercise . Good decision making in regards to diversion'),
	('c189f8e1-7ee4-486c-930a-dcc5b2bd6b51', '186ef48f-4497-4c91-9866-043acc6c6190', 'MV', 'achieved', NULL, NULL, NULL, 'Nill'),
	('93094b8d-3ef4-40dd-9e76-9a816ea4ae02', '186ef48f-4497-4c91-9866-043acc6c6190', 'SBT', 'achieved', NULL, NULL, NULL, 'Exercise flown to good standard'),
	('3a770499-83bb-4445-9e3e-047ca7801aba', '186ef48f-4497-4c91-9866-043acc6c6190', 'ISI', 'achieved', NULL, NULL, NULL, 'Landing TVL 19 / CNS 33 exercise from day 1 conducted to re enforce landing performance considerations'),
	('e8bd2143-2e85-43a1-a6f9-829d9bb80fc1', '65bed9a0-5d0f-428b-a174-4f1fbdba1b9c', 'MV', 'achieved', NULL, NULL, NULL, 'No comment'),
	('a6659fd2-3edf-48a6-b60d-ea85b84f067d', '65bed9a0-5d0f-428b-a174-4f1fbdba1b9c', 'SBT', 'achieved', NULL, NULL, NULL, 'Reviewed landing at TSV on RWY 19 wet with L + C HYD SYS FAIL. Good.
SBT scenarios well handled.'),
	('7a009b8f-f80e-4e95-a711-78a4d38554f6', '65bed9a0-5d0f-428b-a174-4f1fbdba1b9c', 'ISI', 'achieved', NULL, NULL, NULL, 'UPRT Training completed'),
	('09e3aea6-3422-497a-9cac-0028a52169c2', '65bed9a0-5d0f-428b-a174-4f1fbdba1b9c', 'EVAL', NULL, 'pass', 'Gear lever stuck down
L+C HYD SYS FAIL
L/E SLAT AS', 'Adverse weather', 'TVL is relatively short runway, especially when wet and with system malfunctions. Ensure positive touch down and expeditious use of speed brake and thrust reverser.'),
	('a001bf59-e11f-440c-8ac6-be17df55725f', 'f57b5fa1-dc98-4889-af93-5ce639c8ea8b', 'EVAL', NULL, 'pass', 'Gear lever stuck down . L / C HYD SYS FAIL', 'Adverse WX on DEP / CNS WX Marginal 
Divert enrout', 'Good decision making process in Divert to most suitable ALT 
Good support as PM'),
	('acc5b653-5dd0-450e-b691-282149dfcdaa', '1cafd24f-bb93-44c5-adfe-a984216db074', 'MV', 'achieved', NULL, NULL, NULL, 'No comment'),
	('acc2f0b6-4d0d-4ac0-bca0-dad126c153a5', '1cafd24f-bb93-44c5-adfe-a984216db074', 'SBT', 'achieved', NULL, NULL, NULL, 'Review Hydraulic system. 
Suggest review QRH NNC.'),
	('abe251a7-f88e-4e26-824a-807aa4f020ad', '1cafd24f-bb93-44c5-adfe-a984216db074', 'ISI', 'achieved', NULL, NULL, NULL, 'UPRT'),
	('ac2050ae-3faf-4e78-90ef-1f0f78e44422', '73efaa3c-43db-447c-8cb9-c2b37717a475', 'EVAL', NULL, 'pass', '- No N1 during start
- No APU GEN 
- AIRCON TEMP', '- TCAS
- Volcanic ash encounter
- GPWS
- Windshear', 'It is essential to positively identify the situation before proceeding with the checklist. Consider utilizing the Ash Encounter Checklist as a preliminary step before executing the Dual Engine Failure Recall, as this can aid in the identification process.

The windshear escape maneuver must be performed according to the Quick Reference Handbook (QRH). Do not alter the aircraft''s configuration until safely out of the windshear conditions.

The go-around policy must be adhered to strictly.'),
	('510bac49-6e56-4a09-a14e-7380ea75d2c5', '732d751a-6dd6-46c7-bfc0-f4dc86c22aa5', 'MV', 'achieved', NULL, NULL, NULL, 'Capt. Yasi demonstrated a competent level of FPA, PRO, SAW, COM, WLM throughout the EVAL and MANVAL.'),
	('dab6aa25-6961-48ca-8f62-2f5c88b508f8', '732d751a-6dd6-46c7-bfc0-f4dc86c22aa5', 'SBT', 'achieved', NULL, NULL, NULL, 'AC BUS Failue and bird strike on finals excercse satifactory., SE GA after bird strike applying the 2 methods per FCTM.'),
	('ec22fb36-d9e5-4e25-9bda-28c066fe79c7', '732d751a-6dd6-46c7-bfc0-f4dc86c22aa5', 'ISI', 'achieved', NULL, NULL, NULL, 'N/A'),
	('109c154d-b537-4b1d-b0f0-d2b2dc291b54', '0d99a13c-2665-47ac-baa3-1d52f41bfdb6', 'EVAL', NULL, 'pass', 'Gear stuck down 
L Hyd pump fail
L+C HYD SYS FAIL', 'Marginal WX on DEP 
DIVERSION 
Landing performance', 'Looked at landing performance considerations on RWY 19 TSV 
Importance of factors affecting landing performance .'),
	('dd427e1d-8352-4122-b4ab-721f2f7b0afa', '9eefeee7-bd66-4a2b-a0cd-0d1cad86ddf7', 'MV', 'achieved', NULL, NULL, NULL, 'Good'),
	('20bec9b9-00be-49d3-8cb0-aad9ad5233dc', '9eefeee7-bd66-4a2b-a0cd-0d1cad86ddf7', 'SBT', 'achieved', NULL, NULL, NULL, 'Nil'),
	('be43c512-ddc0-4dab-9fe8-b929264895c2', '9eefeee7-bd66-4a2b-a0cd-0d1cad86ddf7', 'ISI', 'achieved', NULL, NULL, NULL, 'RHS SE sequence'),
	('4011cf73-a3d4-4ffd-96a8-ee781a901bd5', 'a20103af-66cb-42e5-a6f9-3daa70d23513', 'EVAL', NULL, 'pass', 'LDG GR LVR STUCK DOWN
L HYD PUMP FAIL
L+C HYD SYS', 'Adverse Wx', 'Well flown.'),
	('04f031cf-3471-4c49-be5d-a67b6b2297bf', '732d751a-6dd6-46c7-bfc0-f4dc86c22aa5', 'EVAL', NULL, 'pass', '- Engine Start Fault 
- AIRCON TEMP', '- TCAS
- Volcanic ash encounter
- GPWS
- Windshear', 'It is essential to positively identify the situation before proceeding with the checklist. Consider utilizing the Ash Encounter Checklist as a preliminary step before executing the Dual Engine Failure Recall.'),
	('88cf4a48-0f1f-4b6e-a969-c6a287ee28f7', '9c2195c1-27f5-48e5-bff3-28e51fba97c8', 'MV', 'achieved', NULL, NULL, NULL, 'Wait until aircraft is cleaned up and trimmed before selecting A/P'),
	('50c7179e-e38b-4e94-a913-975599ea2e04', '9c2195c1-27f5-48e5-bff3-28e51fba97c8', 'SBT', 'not_achieved', NULL, NULL, NULL, 'Timely decision to return to SIN due smoke.'),
	('4d54e77e-dcd8-450c-90b6-513ccdf57dd5', '9c2195c1-27f5-48e5-bff3-28e51fba97c8', 'ISI', 'achieved', NULL, NULL, NULL, 'Insufficient time'),
	('cd4f5da8-0c80-4d70-815e-9d27362af93d', '2e5fa7f0-69ab-4db7-b2ff-6e17c8f1031f', 'EVAL', NULL, 'pass', 'Hot Start
Aircon Pack Overheat
Cargo Fire
AC Bus', 'Volcanic Ash
Windshear
GPWS
TCAS', 'Well flown exercise.'),
	('6188cc83-eb6a-4207-9116-85a6f0643968', '0d99a13c-2665-47ac-baa3-1d52f41bfdb6', 'MV', 'achieved', NULL, NULL, NULL, 'S/E G/A  repeat due out of tolerance 
Repeat good'),
	('f17165e1-05aa-48da-b18f-67f7473c314b', '0d99a13c-2665-47ac-baa3-1d52f41bfdb6', 'SBT', 'achieved', NULL, NULL, NULL, 'Good exercise , well managed 
Arrival SIN with WX , VECTORS , TRACK SHORT . 
CUT IN , HELD HIGH'),
	('9c875093-931f-4cf0-8d5d-938b9d718047', '0d99a13c-2665-47ac-baa3-1d52f41bfdb6', 'ISI', 'achieved', NULL, NULL, NULL, 'Carried out TSV RWY 19 / CNS 33 landings from day one exercise to reenforce landing performance considerations'),
	('bde35b70-8314-4587-8d93-5ad2b2cc87f0', '70a42929-697c-4e39-88d0-e3b364fe255e', 'EVAL', NULL, 'pass', 'LDG GR LVR STUCK DOWN
L HYD PUMP FAIL
L+C HYD SYS', 'Adverse Wx', 'Good standard.'),
	('be0270bc-47f5-4398-8cfb-0ed174875b0d', '9eefeee7-bd66-4a2b-a0cd-0d1cad86ddf7', 'EVAL', NULL, 'pass', 'L+C HYD FAIL
LE SLAT ASYM
LG Lever stuck.', 'Adverse Wx', 'Well flown
Good considerations'),
	('637febd0-4738-4fdf-8b19-a25557596fc3', '9c2195c1-27f5-48e5-bff3-28e51fba97c8', 'EVAL', NULL, 'pass', 'Hot start
Aircon Pack Overheat 
Cargo Fire
AC Bus', 'Volcanic Ash
Windshear 
GPWS
TCAS', 'Good exercise'),
	('1fb8fb33-7ff2-467e-9c2f-e58dfd4d949d', '2e5fa7f0-69ab-4db7-b2ff-6e17c8f1031f', 'MV', 'achieved', NULL, NULL, NULL, 'Wait until the aircraft is cleaned up and trimmed before using the Autopilot.'),
	('6f45beec-ae32-415f-8713-1dd84424b4b4', '2e5fa7f0-69ab-4db7-b2ff-6e17c8f1031f', 'SBT', 'achieved', NULL, NULL, NULL, 'For engine failure on final (bird strike) ensure sufficient thrust selected on the live engine to maintain descent profile.'),
	('a27d8b2b-f161-46b4-8c1e-0e55c35c5254', '2e5fa7f0-69ab-4db7-b2ff-6e17c8f1031f', 'ISI', 'achieved', NULL, NULL, NULL, 'Insufficient time'),
	('683388b1-6305-4baa-867f-7f15966ddfb3', '1cafd24f-bb93-44c5-adfe-a984216db074', 'EVAL', NULL, 'pass', 'LDG GEAR LEVER LOCKED
L & C HYD FAIL
LE FLAP ASYM', 'Adverse Weather
G/S failure', 'L + C HYD SYS Failure well handled. Good considerations.
LE FLAP ASYM some confusion with intent of NNC. Exercise completed to an acceptable standard.'),
	('6bbaf340-5565-43e0-98c8-13a5cb770c27', 'a20103af-66cb-42e5-a6f9-3daa70d23513', 'MV', 'achieved', NULL, NULL, NULL, 'Good exercise'),
	('d6177342-9c4d-4834-a207-87bf6f2bacf4', 'a20103af-66cb-42e5-a6f9-3daa70d23513', 'SBT', 'achieved', NULL, NULL, NULL, 'Good considerations and use of competencies'),
	('7ee0f6e8-ef9e-4369-8685-7fa03927764a', 'a81adc5d-c382-47b5-b295-cda9bd9a8a9c', 'MV', 'achieved', NULL, NULL, NULL, 'Nil'),
	('f1d221b0-ed28-4851-999d-4f490d7dabe8', 'a81adc5d-c382-47b5-b295-cda9bd9a8a9c', 'SBT', 'achieved', NULL, NULL, NULL, 'Good considerations.
Review QRH NNC items.'),
	('ca588d51-44cc-4423-862f-c9563672113a', 'a81adc5d-c382-47b5-b295-cda9bd9a8a9c', 'ISI', 'achieved', NULL, NULL, NULL, 'UPRT'),
	('c4f9c45c-2726-4a13-b946-a8c90f34e643', 'a20103af-66cb-42e5-a6f9-3daa70d23513', 'ISI', 'achieved', NULL, NULL, NULL, 'UPRT'),
	('b5ff7e86-9b39-4624-9a92-19adf691f82e', 'a81adc5d-c382-47b5-b295-cda9bd9a8a9c', 'EVAL', NULL, 'pass', 'LDG GESR LEVER STUCK
L & C HYD FAIL
LE SLAT ASYM', 'Adverse Weather', 'Use trim to relieve control loads.
Disengage Autopilot without delay, if it is not controlling the aircraft as expected.'),
	('fef56631-56f7-4065-bbd4-dd6d7141399e', '42e976b7-79cd-40ff-bb9f-a5254e609419', 'MV', 'achieved', NULL, NULL, NULL, 'Well flown'),
	('b44f97ff-d94e-4608-a282-460917b9a61a', '42e976b7-79cd-40ff-bb9f-a5254e609419', 'SBT', 'achieved', NULL, NULL, NULL, 'Well managed exercise'),
	('7c5cf4b8-8dde-4a31-99a8-da6b4f11a793', '42e976b7-79cd-40ff-bb9f-a5254e609419', 'EVAL', NULL, 'pass', 'L/E SLAT DISAGREE 
G/S Fail', 'Marginal WX for Dep/Arr . tail wind on final G/A.', 'Overall well managed and flown exercise .'),
	('b0a40a18-43f7-49c2-9324-e1e35be862d3', 'b94ef00b-1074-4fe5-a7f8-117b780c8536', 'MV', 'achieved', NULL, NULL, NULL, 'EFATO procedures well executed, drifted to the left of the centre-line. SE ILS flown manually and using automation to a satisfactory standards. Require improvements on standard calls. GA procedures well executed.'),
	('8cd97d4d-ceee-417a-a9ce-5e75df53c8e5', 'b94ef00b-1074-4fe5-a7f8-117b780c8536', 'SBT', 'achieved', NULL, NULL, NULL, 'R & C HYD SYS FAILURE. , LE FLAP DISAGREE, Competencies trained on day 2 to satisfactory standards.'),
	('5393c233-d694-4c1b-aeab-b4e57c87ee2d', 'b94ef00b-1074-4fe5-a7f8-117b780c8536', 'ISI', 'achieved', NULL, NULL, NULL, 'UPRT - Completed to satifactory standards'),
	('bdd8fad9-6f6d-40a7-9555-d6f46daf1d2d', 'b94ef00b-1074-4fe5-a7f8-117b780c8536', 'EVAL', NULL, 'pass', '1. Loss of L&C HYD SYS 
2. LE FLAP ASSY', '- TSRA, Wet runway, crosswind
- WX DEV', 'Undesired flight path deviations throughout the scenario. Loss of situation awareness during the CNS RWY 33 LLZ Y APP, the approach was initiated outside the IAF and allowed to continued deviating well outside lateral tolerance which was an unstable approach. Approach legs were not checked during the approach briefing and the profile was incorrectly managed by the PM using the distance to FAF using the EHSI. As PM the QRH was poorly managed leading to incorrectly setting of the approach speed.'),
	('72a6c1e5-0647-4b9c-b8b9-4cb882ba53a4', '67eb096c-0137-4f1a-a08f-05753441db81', 'MV', 'achieved', NULL, NULL, NULL, 'EFATO procedures well executed. SE ILS flown manually and using automation to a satisfactory standards. GA procedures well executed and always speaking up when unstable as PM to initiate GAs. Flight controls malfunctions were well managed and executed.'),
	('731784fe-f047-4ea0-804f-a8768e80623f', '67eb096c-0137-4f1a-a08f-05753441db81', 'EVAL', NULL, 'pass', '1. Loss of L&C HYD SYS 
2. LE FLAP ASSY', '- TSRA, Wet runway, crosswind
- WX DEV
-TURB', 'Loft exercise as PF was well flown. CNS LLZ APP flown on VNAV. Good support duties on the second loft exercise. AYPY 14L ILS GP failure on approach, continued with LLZ. Well managed but can better having plan B approach brief and on FMC RTE 2. Good crew coordination and communication throughout the loft exercises.'),
	('4f26c020-e285-474d-bbb5-a31ed806afbb', '67eb096c-0137-4f1a-a08f-05753441db81', 'SBT', 'achieved', NULL, NULL, NULL, 'R & C HYD SYS FAILURE. , LE FLAP DISAGREE, Competencies trained on day 2 to satisfactory standards.'),
	('1e95f84e-abd1-4ee0-88aa-6f0fd12c2040', '67eb096c-0137-4f1a-a08f-05753441db81', 'ISI', 'achieved', NULL, NULL, NULL, 'UPRT - Completed to satifactory standards'),
	('31e527cf-c516-4557-8dc5-d6beaaedeb60', '24ea840b-d0ec-45fc-bca1-d24f3a0fc582', 'EVAL', NULL, 'pass', '1. Loss of L&C HYD SYS 
2. LE FLAP ASSY', '- TSRA, Wet runway, crosswind
- WX DEV
-TURB
-CC', 'Good crew coordination and communication throughout the loft exercise. QRH management satisfactory. IF scan rate needs to improve. Loft 1 L&C HYD, TURB, WX DEV, CC INJURY'),
	('4cfa3e12-1058-4f58-ba88-ecfe7961854c', 'c8bb8cc4-8a72-4735-ae4b-4df5ce78c4e9', 'MV', 'achieved', NULL, NULL, NULL, 'EFATO V1. Rotation rate less than 2 ENG rate, Tail strike risk if not followed. SE ILS flown manually and using automation to satisfactory standards. SE GA procedures not in sequence per SOP.'),
	('8122f6a8-1411-4fac-9474-76361ff0baf6', 'c8bb8cc4-8a72-4735-ae4b-4df5ce78c4e9', 'SBT', 'achieved', NULL, NULL, NULL, 'R & C HYD SYS FAILURE. , LE FLAP DISAGREE, Competencies trained on day 2 to satisfactory standards.'),
	('922a20c3-af02-478f-8427-6ae37422fb2e', 'c8bb8cc4-8a72-4735-ae4b-4df5ce78c4e9', 'ISI', 'achieved', NULL, NULL, NULL, 'UPRT - Completed to satifactory standards'),
	('349aac4d-df9b-4e11-a9fe-a64c4810040d', 'e5cee276-0f38-4566-a2cf-7ac22df86744', 'EVAL', NULL, 'pass', '1. Loss of L&C HYD SYS 
2. LE FLAP ASSY', '- TSRA, Wet runway, crosswind
- WX DEV', 'Captain Duffield demonstrated proficient communication with standard phraseology and clear briefings, effective leadership and teamwork, and proficient manual aircraft control with stable parameters throughout all flight phases.'),
	('61759d44-e781-48bb-b6de-aae1465f563d', 'a56a60db-a0b3-4df4-a8e3-401e96c81ce3', 'MV', 'achieved', NULL, NULL, NULL, 'EFATO at V1.  SE ILS and GA well flown.'),
	('4f718d02-5311-434c-840e-3637d8286bdb', 'c8bb8cc4-8a72-4735-ae4b-4df5ce78c4e9', 'EVAL', NULL, 'pass', '1. Loss of L&C HYD SYS 
2. LE FLAP ASSY', '- TSRA, Wet runway, crosswind
- WX DEV
-TURB', 'Captain Soakai demonstrated proficient communication with standard phraseology and clear briefings, effective leadership and teamwork, and proficient manual aircraft control with stable parameters throughout all flight phases, meeting all five observable behaviors.'),
	('66602e24-37e1-4f65-8386-b9ac675f8fa8', 'e5cee276-0f38-4566-a2cf-7ac22df86744', 'MV', 'achieved', NULL, NULL, NULL, 'EFATO V1.  SE ILS and GA well flown.'),
	('2b0132d3-bf31-4c49-a5dd-2f200db39068', 'e5cee276-0f38-4566-a2cf-7ac22df86744', 'SBT', 'achieved', NULL, NULL, NULL, 'C HYD SYS FAILURE. LE FLAP DISAGREE, Well manage and much improved.'),
	('9eb735cf-8629-47b4-8b9d-d33027838055', 'e5cee276-0f38-4566-a2cf-7ac22df86744', 'ISI', 'achieved', NULL, NULL, NULL, 'UPRT - Completed to satifactory standards'),
	('4b25c26b-6705-4bc6-b095-c1e186deda99', 'a56a60db-a0b3-4df4-a8e3-401e96c81ce3', 'EVAL', NULL, 'pass', '1. Loss of L&C HYD SYS 
2. LE FLAP Disagree', '- TSRA, Wet runway, crosswind
- WX DEV', 'Captain Kadiko demonstrated proficient communication with standard phraseology and clear briefings, effective leadership and teamwork, and proficient manual aircraft control with stable parameters throughout all flight phases.'),
	('76643c85-59fb-4fb2-9f93-62d04b187f55', 'a56a60db-a0b3-4df4-a8e3-401e96c81ce3', 'SBT', 'achieved', NULL, NULL, NULL, 'C HYD SYS FAILURE. TE FLAP ASSY, Well managed and much improved.'),
	('57975d67-a292-4c64-bc68-00082bb6b383', 'a56a60db-a0b3-4df4-a8e3-401e96c81ce3', 'ISI', 'achieved', NULL, NULL, NULL, 'UPRT - Completed to satifactory standards'),
	('f571fc51-1069-4391-8364-fa2cb4fdf982', '03952787-ea2f-4013-867d-618dcdadbca3', 'EVAL', NULL, 'pass', '#2 BRAKE CAPPED MEL PRO, GEAR DOOR, GEAR DISAGREE', 'SICK PAX, WET RUNWAY, W/S ESC', 'FIRST MODULE 6 SCENARIOS. WLM and SAW OBs noted throughout the 2 days.'),
	('da8fc98d-6c14-4b73-aac7-da90a9ccff51', '03952787-ea2f-4013-867d-618dcdadbca3', 'MV', 'achieved', NULL, NULL, NULL, 'LH ENG SEVERE DAMAGE AS PF, RH ENG FIRE AS PM. WELL FLOWN, PRO CAN BE IMPROVED.'),
	('a09ed15e-95e0-4dca-bd6d-e363b0bcb5de', '03952787-ea2f-4013-867d-618dcdadbca3', 'SBT', 'achieved', NULL, NULL, NULL, 'Good exercise. Well flown to satisfactory standards.'),
	('9866bed2-d123-4d82-939d-dae0e8ae4ce8', '03952787-ea2f-4013-867d-618dcdadbca3', 'ISI', 'achieved', NULL, NULL, NULL, 'N/A'),
	('35275ced-91e1-4d51-bc77-4e2ca038e5ab', '03452547-e055-4ff5-874c-fac337b98f5d', 'MV', 'achieved', NULL, NULL, NULL, 'ENGINE FIRE ON ROTATION / EO PROCCEDURE MNL FLOWN / SE GA MAN. FLOWN / SE LANDING'),
	('117dfa34-3236-4e09-aeb2-5ab7c69f53ec', '03452547-e055-4ff5-874c-fac337b98f5d', 'SBT', 'achieved', NULL, NULL, NULL, 'Gear problem / engine oil pressure led to shutdown . Holding and fuel jettison .
All well handled .'),
	('8810f833-33c4-432d-84eb-a08d4adf1bfb', '03452547-e055-4ff5-874c-fac337b98f5d', 'ISI', 'achieved', NULL, NULL, NULL, 'RH SEAT SEQUENCE FLOWN'),
	('e03e3060-8b8a-4f29-a611-f070cb796e34', 'bab9a66b-05b8-4799-8dfb-b43af8a4b742', 'MV', 'achieved', NULL, NULL, NULL, 'EFATO - need to monitor engine time limit on T/O Thrust. GA procedures requires improvement - follow the sequence.'),
	('f3f47d51-35f5-447d-9832-d085a01fb8b9', 'bab9a66b-05b8-4799-8dfb-b43af8a4b742', 'SBT', 'achieved', NULL, NULL, NULL, 'R & C HYD SYS FAILURE. , LE FLAP DISAGREE, Competencies trained on day 2 to satisfactory standards.'),
	('43636b5c-7ec7-4c87-b3e5-a7a8fd18f82a', 'bab9a66b-05b8-4799-8dfb-b43af8a4b742', 'ISI', 'achieved', NULL, NULL, NULL, 'UPRT - Completed to satifactory standards'),
	('192adfd5-2fa6-48d1-8d93-2447b01dfbbe', '02040ba4-edba-49e8-b438-adffc58589af', 'EVAL', NULL, 'pass', '1. Loss of L&C HYD SYS 
2. LE FLAP ASSY', '- TSRA, Wet runway, crosswind
- WX DEV', 'Captain Dovey demonstrated proficient communication with standard phraseology and clear briefings, effective leadership and teamwork, and proficient manual aircraft control with stable parameters throughout all flight phases.'),
	('9705c3ba-49d4-46f6-8cb1-41f3357734a1', 'dbd881bd-f45e-4b31-9e03-e91b6225f8d1', 'MV', 'achieved', NULL, NULL, NULL, 'EFATO at V1.  SE ILS and GA - satisfactory standards. Not allowing for wind drift - blown off the centre line.'),
	('bb5c3b7d-06ea-4377-b03c-556d53f3b19b', 'dbd881bd-f45e-4b31-9e03-e91b6225f8d1', 'SBT', 'achieved', NULL, NULL, NULL, 'C HYD SYS FAILURE. TE FLAP ASSY, Well managed and much improved.'),
	('357558db-58be-4a4e-80f3-8cd9d531b36f', 'dbd881bd-f45e-4b31-9e03-e91b6225f8d1', 'ISI', 'achieved', NULL, NULL, NULL, 'UPRT - Completed to satifactory standards.'),
	('ded5d03f-b7a2-41e7-a5b2-7d3b057dd16b', 'bab9a66b-05b8-4799-8dfb-b43af8a4b742', 'EVAL', NULL, 'pass', '1. Loss of L&C HYD SYS 
2. LE FLAP ASSY', '- TSRA, Wet runway, crosswind
- WX DEV
-TURB', 'FO Kila demonstrated proficient communication with standard phraseology, appropriate leadership and teamwork, and effective manual aircraft control, meeting performance standards.'),
	('b13511dd-e5a5-4c04-b958-2885c4a212d5', '02040ba4-edba-49e8-b438-adffc58589af', 'MV', 'achieved', NULL, NULL, NULL, 'EFATO V1.  SE ILS and GA well flown.'),
	('4d4fe0f7-80f9-463a-8d52-9c1178512abf', '02040ba4-edba-49e8-b438-adffc58589af', 'SBT', 'achieved', NULL, NULL, NULL, 'C HYD SYS FAILURE. LE FLAP DISAGREE, Well manage and much improved.'),
	('f0f18ea9-cf5e-4b37-bb53-a9666b011762', '02040ba4-edba-49e8-b438-adffc58589af', 'ISI', 'achieved', NULL, NULL, NULL, 'UPRT - Completed to satifactory standards'),
	('d262433c-fdd2-4e8e-b615-37f7674ab132', 'dbd881bd-f45e-4b31-9e03-e91b6225f8d1', 'EVAL', NULL, 'pass', '1. Loss of L&C HYD SYS 
2. LE FLAP ASSYM', '- Adverse weather
- WX DEV', 'QRH directive "Land at nearest suitable" was considered as pure decision, bypassing essential considerations on weather and performance.. This was addressed to standards day 2 SBT.'),
	('9284f072-d3dc-4023-862c-65aa066acc5b', 'a36e9a57-b53a-4444-bd6e-f00449466d24', 'MV', 'achieved', NULL, NULL, NULL, 'EFATO at V1.  SE ILS and GA - satisfactory standards. Not allowing for wind drift - blown off the centre line.'),
	('54390b99-61d2-485e-ba13-a40e28155eab', 'a36e9a57-b53a-4444-bd6e-f00449466d24', 'SBT', 'achieved', NULL, NULL, NULL, 'C HYD SYS FAILURE. TE FLAP ASSY, Well managed and much improved.'),
	('c4d80864-2316-429b-9807-6eaa5ef30747', 'a36e9a57-b53a-4444-bd6e-f00449466d24', 'ISI', 'achieved', NULL, NULL, NULL, 'UPRT - Completed to satifactory standards.'),
	('8d7fb826-7f70-4069-a32d-94110bc0ea31', 'a36e9a57-b53a-4444-bd6e-f00449466d24', 'EVAL', NULL, 'pass', 'Loss of L&C HYD SYS, LE FLAP ASSYM, LDG Gear tilt', '- Adverse weather
- WX DEV
- crosswind', 'QRH was well managed as PM. OPT was fully utilized for contingency planning and diversion to a suitable airport. Use automation (LNAV/VNAV) on 2D approaches to reduce workload. Maintain situational awareness while PM executes QRH procedures. Speak up if confused and pause to consult crew for input.'),
	('b9f0f0e6-6054-4c41-b27b-2c8ebd477edc', '03452547-e055-4ff5-874c-fac337b98f5d', 'EVAL', NULL, 'pass', 'CAPPED BRAKE / GEAR STUCK UP ( EVAC )', 'PERFORMANCE ISSUE / DIVERT SICK PAX  MARGINAL WX', 'Divert to MNL due sick PAX , LH MAIN GEAR stuck up ( DRAG BRACE )  G/A THEN LAND WITH LH GEAR UP AND EVAC 
Overall well managed and flown 
Be mindful of AC state , may be more prudent not to raise gear with a Drag Brace issue if performance not an issue'),
	('c11ff4d1-f63b-43c7-a511-10bb5fb659ba', '25bf30a0-d9d9-402e-b668-d2aa947f6c43', 'EVAL', NULL, 'pass', 'Gear lever will not move up.
Comms Failure', 'TCAS RA
WXR Diversion
Diversion due airport closed', 'Good comms and support.
Slight overrotation on TCAS RA event'),
	('b3126066-d9cf-4055-8087-0f1bd48eafc5', '6b600317-390f-4426-90a2-18112d877413', 'MV', 'achieved', NULL, NULL, NULL, 'COMPRESSOR STAL ON T.O. ( BIRD STRICK ) MNL RWY 06 PROC.
/ MAN ILS Well flown with MAN G/A./  X WIND LANDING    GOOD STANDARD'),
	('896106f9-85ca-4b1a-a22a-29f08c8585e5', '6b600317-390f-4426-90a2-18112d877413', 'SBT', 'achieved', NULL, NULL, NULL, 'Well flown incapacitation 
WINDSHEAR on approach good'),
	('cc2d5d01-078c-453a-896a-87952c4d2fa0', '6b600317-390f-4426-90a2-18112d877413', 'ISI', 'achieved', NULL, NULL, NULL, 'Support for Cpt KOYAMA RHS'),
	('d7c98556-c900-4fa2-92d2-5094e2c3267e', '6b600317-390f-4426-90a2-18112d877413', 'EVAL', NULL, 'pass', 'CAPPED BRAKE ( GEAR DOWN DEP) GEAR DOOR DOWN', 'Marginal WX / Return to land ( MNL ) CHANGE OF RWy', 'Performance considerations with capped brake , GEAR DOOR down , return change of RWY with holding (RWY 24 MNL) 
Marginal WX 
Don’t get ahead of CHECK LIST as can lead to confusion 
Be more pro active with coms to ATC in Emergency'),
	('0c9200ee-9b51-4b66-a4ab-0f5071d530db', '13e896a6-7bbc-4175-8cb4-1045a9b5aff9', 'MV', 'achieved', NULL, NULL, NULL, 'Bird strike on rotation - LH ENG SEVERE DAMAGE AS PF, RH ENG FIRE AS PM. PRO per SOPs'),
	('692272cc-b853-4537-b097-846f0659923c', '13e896a6-7bbc-4175-8cb4-1045a9b5aff9', 'SBT', 'achieved', NULL, NULL, NULL, 'Good exercises. Well flown to satisfactory standards.'),
	('658f780e-8231-44b5-b25c-4b7df3a33367', '13e896a6-7bbc-4175-8cb4-1045a9b5aff9', 'ISI', 'achieved', NULL, NULL, NULL, 'N/A'),
	('2a85825e-3bc1-4132-996e-3812ad838907', '67a78e2d-c0b3-4c41-84d8-a4620c18501c', 'EVAL', NULL, 'pass', 'Gear LVR Locked, MEL APU GEN, R GEN, COMM Failure,', 'XWND, WET RUNWAY, W/S ESC, SICK PAX, ESC RTE', 'Must carefully review and evaluate options prior to diversion. Do not rush.'),
	('764af3b2-109e-4625-9c6e-ff9344a58772', '13e896a6-7bbc-4175-8cb4-1045a9b5aff9', 'EVAL', NULL, 'pass', 'Gear LVR Locked, MEL APU GEN, R GEN, COMM Failure,', 'XWND, WET RUNWAY, W/S ESC, SICK PAX,', 'MODULE 6 SCENARIOS. LTW and COM OBs noted throughout the 2 days. Teamwork in review and evaluation prior to diversion.'),
	('a54e0bad-8e28-4145-896d-086f92f6f2f2', '67a78e2d-c0b3-4c41-84d8-a4620c18501c', 'MV', 'achieved', NULL, NULL, NULL, 'LH ENG SEVERE DAMAGE AS PM, RH ENG FIRE AS PF. Good SOPs.'),
	('ffe0c771-e99d-4173-8c5b-0135b1654233', '67a78e2d-c0b3-4c41-84d8-a4620c18501c', 'SBT', 'achieved', NULL, NULL, NULL, 'Good exercises. Well flown to satisfactory standards.'),
	('e9367ba1-c17a-4e1e-a440-041b2194bd5c', '497a5ba8-fb3f-435e-a3bf-8e1b1de8cda2', 'MV', 'achieved', NULL, NULL, NULL, 'Think about the problem and complete memory items ( in GA S/E leave damaged engine in idle ) 
Good support as PM'),
	('b1c162e0-ae88-4d3a-bced-e0670399f41b', '497a5ba8-fb3f-435e-a3bf-8e1b1de8cda2', 'SBT', 'achieved', NULL, NULL, NULL, 'Gear problem on DEP HKG / RETURN WITH FUEL DUMP . 
INCAPACITATION OF PM INTO HKG RWY 25R  well handled .'),
	('385d5e2f-ee77-40c6-863e-90c85db4e8e1', '497a5ba8-fb3f-435e-a3bf-8e1b1de8cda2', 'ISI', 'achieved', NULL, NULL, NULL, 'Conducted UPRT TNG   Various scenerios flown as both PF/PM 
RHS SEQUENCE FLOWN ( rejected T.O / Eng Fail / SE GA / SE LAND )'),
	('e383335e-9253-4ae2-9a39-c8fcae1116ba', 'f69a0032-c58f-49d7-816e-709195e158e2', 'EVAL', NULL, 'pass', 'Gear lever will not move up.
Communications Failur', 'TCAS RA
WXR Diversion
Diversion due airport closed', 'Good comms and support.
Slight over rotation on TCAS RA event'),
	('a01ed8bb-e362-4f05-b776-a0d70fd96364', 'deac7d01-142f-492e-bf3a-4dfa399bc0e6', 'MV', 'achieved', NULL, NULL, NULL, 'The MANVAL maneuvers met satisfactory standards, needing only one repeat for the PM''s error in missing the Fire Switch on Recall and not pulling the fire switch handle.'),
	('bd5a31a2-f20b-4c0b-b6ed-30e370e7250e', '7a7ef4c2-9789-48d6-9fb6-b3bbe4808b49', 'EVAL', NULL, 'pass', 'Gear lever will not move up.
Com Failure', 'TCAS RA
WXR Diversion
Diversion due airport closed', 'Good considerations and appropriate use of relevant Competencies'),
	('50b5aefa-2178-4f6b-bb0a-b0edcf83c151', 'f69a0032-c58f-49d7-816e-709195e158e2', 'MV', 'achieved_with_practice', NULL, NULL, NULL, 'Generally well flown.
Some issues transitioning from IF to visual at the minima.
Concentrate on attitude and thrust to give a constant descen tprofile.'),
	('0318372a-5ece-4dc9-9b32-163e16a94558', '497a5ba8-fb3f-435e-a3bf-8e1b1de8cda2', 'EVAL', NULL, 'pass', 'Brake capped / LH Gear stuck down', 'WINDSHEAR ( Land / T.O.)
Marginal WX  / 
Divert', 'CAPPED GEAR ( gear remains down for 2 mins ) LH Gear stuck down , RETURN with Wind Shear G/A 
VECTORS FOR RETURN
WELL MANAGED 
GOOD SUPPORT AS PM'),
	('74ef0166-59bd-4433-b64e-e23ae5930575', 'e24e4a1c-9819-4bf6-a2d1-01bc8557ec55', 'MV', 'achieved', NULL, NULL, NULL, 'Bird strike on rotation - LH ENG SEVERE DAMAGE AS PF, RH ENG FIRE AS PM. PRO per SOPs'),
	('6dc17117-0e42-4f42-af76-235a28cf8b5c', 'e24e4a1c-9819-4bf6-a2d1-01bc8557ec55', 'SBT', 'achieved', NULL, NULL, NULL, 'Good exercises. Well flown to satisfactory standards.'),
	('28d7c44a-ad00-42b5-8fd1-ff8fc2e15930', 'e24e4a1c-9819-4bf6-a2d1-01bc8557ec55', 'ISI', 'achieved', NULL, NULL, NULL, 'N/A'),
	('7b52d094-af98-4f7f-a189-cfb48df1acf8', 'ff87d970-28e0-4fc3-8cb6-a71522ccb834', 'EVAL', NULL, 'pass', 'Gear LVR Locked, MEL APU GEN, R GEN, COMM Failure,', 'XWND, WET RUNWAY, W/S ESC, SICK PAX, escape route', 'Must carefully review and evaluate options prior to diversion. Do not rush.'),
	('be95dcf3-b1d1-48c0-b239-3027027f4271', 'f69a0032-c58f-49d7-816e-709195e158e2', 'SBT', 'achieved', NULL, NULL, NULL, 'Good session'),
	('7065d8b5-2991-4f15-b0a7-a410ed1007bd', 'f69a0032-c58f-49d7-816e-709195e158e2', 'ISI', 'achieved', NULL, NULL, NULL, NULL),
	('2be7eb7d-e95c-4949-83ba-da39ea4b2da0', 'cb05ff1c-ec64-41bd-8cfa-3f18633b4eaf', 'EVAL', NULL, 'pass', 'Gear lever will not move up.
Communications Failur', 'TCAS RA
WXR Diversion
Diversion due airport closed', 'Good comms and support.
Slight over rotation on TCAS RA event'),
	('4bb2c9eb-0ea8-42ec-927e-a9d654f10ab1', 'e24e4a1c-9819-4bf6-a2d1-01bc8557ec55', 'EVAL', NULL, 'pass', 'Gear LVR Locked, MEL APU GEN, R GEN, COMM Failure,', 'XWND, WET RUNWAY, W/S ESC, SICK PAX,', 'MODULE 6 SCENARIOS. LTW and COM OBs noted throughout the 2 days. Teamwork in review and evaluation prior to diversion.'),
	('2e5c7851-ba3e-4e04-985c-802417219226', 'ff87d970-28e0-4fc3-8cb6-a71522ccb834', 'MV', 'achieved', NULL, NULL, NULL, 'LH ENG SEVERE DAMAGE AS PF, RH ENG FIRE AS PM. PRO per SOPs must be followed.'),
	('e2c21766-a864-4ddb-99c2-be3e260a6863', 'ff87d970-28e0-4fc3-8cb6-a71522ccb834', 'SBT', 'achieved', NULL, NULL, NULL, 'Good exercises, well flown to satisfactory standards.'),
	('b0ca5136-400a-4580-aadf-91015c7f9c68', 'ff87d970-28e0-4fc3-8cb6-a71522ccb834', 'ISI', 'achieved', NULL, NULL, NULL, 'RHS Recency and 2 Engine GA procedures including rejected landing, baulked and Bounced.’'),
	('04f99fa4-562b-45ad-9943-f816f13cbe95', '7a7ef4c2-9789-48d6-9fb6-b3bbe4808b49', 'MV', NULL, NULL, NULL, NULL, 'Difficulty transitioning from IF to visual and unable to maintain stable approach to landing.
Continued approach to landing despite “SINK RATE” call-outs.
Incorrect procedure for Engine Failure. Pulling Engine Fire Switch when not required.
Incorrect procedure for NNC Engine Fire on the Ground.
1 for PRO and 2 for FPM
Additional Training Required'),
	('0ef58484-8dee-42f7-9166-96d04a3b5dba', '7a7ef4c2-9789-48d6-9fb6-b3bbe4808b49', 'SBT', 'achieved', NULL, NULL, NULL, 'Good session'),
	('513546ce-9f28-4630-a893-57bb68fb4e53', '7a7ef4c2-9789-48d6-9fb6-b3bbe4808b49', 'ISI', 'not_achieved', NULL, NULL, NULL, 'Not required'),
	('800ce7ad-eb48-4d40-b7a4-0f3184c0bb4e', 'deac7d01-142f-492e-bf3a-4dfa399bc0e6', 'SBT', 'achieved', NULL, NULL, NULL, 'Demonstrated various W/S, Jet Upset N/H and N/L, and 2 Eng GA scenarios with satisfactory execution of W/S escape, upset recovery, and GA procedures. Circling approach followed SOPs. Pilot incapacitation during approach was well managed, adhering to SOPs. Great exercise.'),
	('5f19c8c8-87ca-404c-adc0-c4f0f32b78bf', 'deac7d01-142f-492e-bf3a-4dfa399bc0e6', 'ISI', 'achieved', NULL, NULL, NULL, 'Time used to complete SBT manoeuvres.'),
	('9e8e598d-1236-42e4-9e67-85461baf0d52', '25bf30a0-d9d9-402e-b668-d2aa947f6c43', 'MV', 'achieved_with_practice', NULL, NULL, NULL, 'Generally well flown.
Some issues transitioning from IF to visual at the minima.
Concentrate on attitude and thrust to give a constant descent profile.'),
	('05a3190b-9499-4934-a73d-ec0a3ec0b66b', '25bf30a0-d9d9-402e-b668-d2aa947f6c43', 'SBT', 'achieved', NULL, NULL, NULL, 'Good session'),
	('14e7bbd5-befe-44af-99ee-17212de7416e', '25bf30a0-d9d9-402e-b668-d2aa947f6c43', 'ISI', 'achieved', NULL, NULL, NULL, 'Not required'),
	('a2f3f66c-edac-4821-bc15-dccb215c4de5', 'deac7d01-142f-492e-bf3a-4dfa399bc0e6', 'EVAL', NULL, 'pass', 'LDG GR lever locked in down position, GR Disagree', 'Crosswind, Weather, Injured cabin crew, TURB, COM', 'The EVAL was successful. The MEL Parking Brake Valve was considered in an evacuation without the parking brake. Clear air turbulence required a diversion to MNL, with a continued RNP 06 approach due to cabin crew serious injury conditions, despite considering fuel jettison. A second EVAL involved diverting to CNS due to civil unrest, managing a communication failure, and discontinuing the approach in CNS due to LDG GR Disagree. Good exercise.'),
	('5d152008-5930-4857-830c-d59807417597', 'ba00faa0-51f8-46f1-bdc0-e3ed42bbe6d0', 'MV', 'achieved', NULL, NULL, NULL, 'The MANVAL maneuvers met satisfactory standards. Toea missed the Fire Switch on engine severe damage Recall,not pulling the fire switch handle. Repeat was successful.'),
	('2d791216-e5ec-4c1e-a1f8-cf4c07d51eaa', 'ba00faa0-51f8-46f1-bdc0-e3ed42bbe6d0', 'SBT', 'achieved', NULL, NULL, NULL, 'Demonstrated various W/S, Jet Upset N/H and N/L, and 2 Eng GA scenarios with satisfactory execution of W/S escape, upset recovery, and GA procedures. Circling approach followed SOPs. Pilot incapacitation during approach was well managed, adhering to SOPs.'),
	('10c5eee0-1ef4-4808-9b92-7a51fbeef29f', 'ba00faa0-51f8-46f1-bdc0-e3ed42bbe6d0', 'ISI', 'achieved', NULL, NULL, NULL, 'Time used to complete SBT manoeuvres.'),
	('f9ca5241-150d-4848-a0d2-82889b469053', '07d82536-e863-4dfc-b72d-765e08455734', 'EVAL', NULL, 'pass', 'LDG GEAR LEVER STUCK
IDG FAIL
Com Failure
Nosegear', 'Weather avoidance
Diversion due airport closed', 'Good considerations.
Well managed.'),
	('a47f3aec-49a5-40a9-8e16-052a51367321', '7dd84855-ecb0-43d7-944b-46ec77e146e6', 'MV', 'achieved', NULL, NULL, NULL, 'The MANVAL exercise at HKG 07R with engine out procedure  manoeuvres as PF and PM. Controllability issues on initial turn on the engine out procedure, a repeat was conducted successfully. Must strictly follow procedures per SOPs on EFATO and SE GA. Need to be more positive on speed control and aircraft flight path management during single engine approach. Must comply with published speeds during engine out and go around procedures. AFM- OB 4.1, 4.2, 4.5, 4.7 can be improved.'),
	('51523317-c3e3-46dc-b6c7-ca6f7bf3ae66', '7dd84855-ecb0-43d7-944b-46ec77e146e6', 'SBT', 'achieved', NULL, NULL, NULL, 'Review jet upset and demonstrated various W/S, Jet Upset N/H and N/L with high bank angles. Upset recovery procedures demonstrated to satisfactory standards. Numerous 2 Eng GA scenarios with satisfactory execution of W/S escape and GA procedures. Circling approach followed SOPs. Pilot incapacitation during approach was well managed, adhering to SOPs.

Day 1 EVAL Competencies deficiencies in PRO-OB 1.2, 1.3 , 1.6, 1.7, LTW-OB 5.1, 5.3, 5.4, KNO-OB 0.2, 0.4 were addressed to standards on day 2 SBT loft exercises.'),
	('81a0c163-1dc4-4e5e-b779-5c62e494ff9d', 'ba00faa0-51f8-46f1-bdc0-e3ed42bbe6d0', 'EVAL', NULL, 'pass', 'LDG GR lever locked in down position, GR Disagree', 'Crosswind, Weather, Injured cabin crew, TURB, COM', 'Good support throughout the exercise.'),
	('2eea0f33-d460-40be-9e20-789cc68513d4', '07d82536-e863-4dfc-b72d-765e08455734', 'MV', 'achieved', NULL, NULL, NULL, 'Good'),
	('d7d0f38f-5ddd-4b56-b309-a20ea3dd62b4', '07d82536-e863-4dfc-b72d-765e08455734', 'SBT', 'achieved', NULL, NULL, NULL, 'Good exercise.

Discussed the following per outcome of OOR.
Strict adherence to sterile cockpit procedures.
Ensuring uninterrupted completion of checklist. Start C/L again if necessary.
Effective cross checking and verification.
Importance of disabling personal electronic devices during critical phase of flight.'),
	('4e06c43b-6e86-4fb6-aff6-fde3f783014c', '07d82536-e863-4dfc-b72d-765e08455734', 'ISI', 'achieved', NULL, NULL, NULL, 'Nil'),
	('914bcfb2-fd8c-4a51-9b67-60745c6da4cd', '7dd84855-ecb0-43d7-944b-46ec77e146e6', 'ISI', 'achieved', NULL, NULL, NULL, 'Time used to complete SBT manoeuvres.'),
	('1693dab2-eb9c-41b7-ba47-5f5668242cb8', 'e906f7a1-646e-4b2c-a40d-ff6e6cd46fbb', 'EVAL', NULL, 'pass', 'GR DOORS, CARGO DOOR, CABIN ALT', 'XWD T/O, TCAS RA, WX DEV, W/T, RAPID DSC, INJ PAX', 'First loft as PM on the standard route HKGPOM1. The MEL Parking Brake Valve was considered and briefed. TCAS RA on climb. Cargo door open during climb causing explosive type decompression, followed by diversion to HKG, (injured passengers). PF on second Gear in lock down position, Sick child return to POM.'),
	('fb1abd9f-75ef-49c4-8e5a-429ecb5912f4', '7dd84855-ecb0-43d7-944b-46ec77e146e6', 'EVAL', NULL, 'pass', 'GR DISAGREE, GR DOORS, CARGO DOOR, CABIN ALT', 'XWD T/O, TCAS RA, WX DEV, W/T, RAPID DSC, INJ PAX', 'First loft as PF on the standard route MNLPOM1. The MEL Parking Brake Valve was considered and briefed. TCAS RA on climb. Cargo door open during climb causing explosive type decompression, followed by diversion to MNL, (injured passengers). RNP 06 approach and landing. Right main gear on fire on h/speed which led to evacuation. Second loft as PM, Gear issues on take-off followed by very sick child returning to MNL LLZ RWY 06.'),
	('bcf64ae1-acdb-4373-9ee2-d0a5080e4a38', '87144443-502c-46c8-820c-551806c23e90', 'MV', 'achieved', NULL, NULL, NULL, 'The MANVAL exercise at HKG 07R with engine out procedure  manoeuvres as PF and PM. Controllability issues on initial turn to intercept LLZ, a repeat was conducted successfully. Must strictly follow procedures per SOPs on EFATO and SE GA. Need to be more positive on speed control and aircraft flight path management during single engine approach. Must comply with published speeds during engine out and go around procedures. AFM- OB 4.1, 4.2, 4.5, 4.7 can be improved.'),
	('02432df8-11d7-46e6-9b70-b2181806c265', '87144443-502c-46c8-820c-551806c23e90', 'SBT', 'achieved', NULL, NULL, NULL, 'Review jet upset and demonstrated various W/S, Jet Upset N/H and N/L with high bank angles. Upset recovery procedures demonstrated to satisfactory standards. Numerous 2 Eng GA scenarios with satisfactory execution of W/S escape and GA procedures. Circling approach followed SOPs. Pilot incapacitation during approach was well managed, adhering to SOPs. Great exercise.

Day 1 EVAL Competencies deficiencies in PRO-OB 1.2, 1.3 , 1.6, 1.7, LTW-OB 5.1, 5.3, 5.4, KNO-OB 0.2, 0.4 were addressed to standards on day 2 SBT loft exercises.'),
	('b3a6269d-52e8-4ca6-a2d5-a6d4cd63d4af', '87144443-502c-46c8-820c-551806c23e90', 'ISI', 'achieved', NULL, NULL, NULL, 'Time used to complete SBT scenarios manoeuvres.'),
	('751943fc-e01d-48f0-a6ac-c668446e101f', '5c6654f0-7b1a-4962-9665-d16a246b1ae7', 'MV', 'achieved_with_practice', NULL, NULL, NULL, 'The MANVAL exercise at POM 14L with engine out procedure  manoeuvres as PF and PM. Must strictly follow procedures per SOPs on EFATO and SE GA. Need to be more positive on speed control.'),
	('22d8c9f1-912a-4622-96e4-b2c4aa41f2ca', '5c6654f0-7b1a-4962-9665-d16a246b1ae7', 'SBT', 'achieved', NULL, NULL, NULL, 'Numerous 2 Eng GA scenarios with satisfactory execution of W/S escape and GA procedures. Circling approach per SOPs.'),
	('f16bc624-91e1-40fd-816b-d33c16307794', '5c6654f0-7b1a-4962-9665-d16a246b1ae7', 'ISI', 'achieved', NULL, NULL, NULL, 'Time used to complete SBT scenarios manoeuvres.'),
	('443bf6c9-6b5d-4fba-8be9-991bf424201a', '87144443-502c-46c8-820c-551806c23e90', 'EVAL', NULL, 'pass', 'GR DISAGREE, GR DOORS, CARGO DOOR, CABIN ALT', 'XWD T/O, TCAS RA, WX DEV, W/T, RAPID DSC, INJ PAX', 'First loft as PM on the standard route MNLPOM1. TCAS RA on climb. Cargo door open during climb causing explosive type decompression, followed by diversion to MNL, (injured passengers). RNP 06 approach and landing. Right main gear on fire on h/speed which led to evacuation. Second loft as PF, Gear issues on take-off followed by very sick child returning to MNL LLZ RWY 06.'),
	('8bad0c1c-7dfe-43b3-9864-a98027fa5bee', '57d63447-39ed-4786-a222-8edb4d56781c', 'EVAL', NULL, 'pass', 'LDG GEAR / CARGO DOOR / GR Disagree', 'RAPID DSC / SICK PAX', 'LOFT MNL-POM RWY06. WX ENRTE, TCAS RA, CARGO DOOR, RAPID DSC, DIVERT MNL - RNP APP MNL RWY06.'),
	('774dbe26-23a8-430b-a106-84bb2b70a4d0', '514dd5d0-d4be-4f4e-b9d4-7996d87bf821', 'MV', 'achieved_with_practice', NULL, NULL, NULL, 'Engine Sharp separation incorrectly identified as flame out, RECALL missed. Repeat was successful. No issues with skill set and the use of automations during single engine manoeuvres. The engine out procedures were not followed and done in sequence, Sharp separation RECALL was not executed per SOP. This requires addressing on day 2.'),
	('a2b23052-04ec-41a8-8cf4-bf77b340b0b5', '514dd5d0-d4be-4f4e-b9d4-7996d87bf821', 'SBT', 'achieved', NULL, NULL, NULL, 'Deficiencies on day1 EVAL and MANVAL were train to satisfactory standards, Grade 3.'),
	('5c2bbbb2-064e-4bc3-b071-ec4e7f63e46d', '5c6654f0-7b1a-4962-9665-d16a246b1ae7', 'EVAL', NULL, 'pass', 'GR DISAGREE, GR DOORS, CARGO DOOR, CABIN ALT', 'XWD T/O, TCAS RA, WX DEV, W/T, RAPID DSC, INJ PAX', 'First loft as PF on the standard route HKGPOM1. TCAS RA on climb. Cargo door open during climb causing explosive type decompression, followed by diversion to HKG, (injured passengers). Rapid descend executed'),
	('12ed5fdd-fac7-4dd3-af2f-9270665fd850', '67624fe7-f7fb-4b8d-aefb-b4a45a333c02', 'MV', 'achieved', NULL, NULL, NULL, 'Nil'),
	('4e1bca47-629f-42e3-bb0b-9189b6488337', '67624fe7-f7fb-4b8d-aefb-b4a45a333c02', 'SBT', 'achieved', NULL, NULL, NULL, 'All exercises completed to a good standard.'),
	('310b1f7d-32e0-421b-929d-c025d554db65', '67624fe7-f7fb-4b8d-aefb-b4a45a333c02', 'ISI', 'achieved', NULL, NULL, NULL, 'Nil'),
	('8f1341d1-0a66-490f-b133-d4e83a52530c', '67624fe7-f7fb-4b8d-aefb-b4a45a333c02', 'EVAL', NULL, 'pass', 'Gear Door Uplock Failure
AFT CARGO DOOR
Emergency', 'Weather avoidance
Sick passenger', 'Good exercise'),
	('9af223d9-e505-43d6-a718-db0066255015', '57d63447-39ed-4786-a222-8edb4d56781c', 'MV', 'achieved', NULL, NULL, NULL, 'MANVAL flown to satisfactory standards'),
	('d0e211a6-6114-4620-8679-75666c2bc65b', '57d63447-39ed-4786-a222-8edb4d56781c', 'SBT', 'achieved', NULL, NULL, NULL, 'SBT exercises carried to satisfactory standards. Windshear, several go around scenarios including balked landing. UPRT exercise.'),
	('6eb55330-82f9-435f-94bf-e45e64133b5e', '57d63447-39ed-4786-a222-8edb4d56781c', 'ISI', 'achieved', NULL, NULL, NULL, 'Time used to complete SBT exercises.'),
	('982bc075-b565-4f2b-af30-7464f6ae5e9e', 'e906f7a1-646e-4b2c-a40d-ff6e6cd46fbb', 'MV', 'achieved', NULL, NULL, NULL, 'The MANVAL exercise at POM, manoeuvres as PF and PM. Must strictly follow procedures per SOPs on EFATO and SE GA. Need to be more positive on speed control and aircraft flight path management during single engine approach.'),
	('7beb1097-7635-4cf8-862a-60195abeba87', 'e906f7a1-646e-4b2c-a40d-ff6e6cd46fbb', 'SBT', 'achieved', NULL, NULL, NULL, 'Numerous 2 Eng GA scenarios with satisfactory execution of W/S escape and GA procedures. Circling approach per SOPs.'),
	('5b2b53cd-1088-43b1-83ae-9640917662e2', 'e906f7a1-646e-4b2c-a40d-ff6e6cd46fbb', 'ISI', 'achieved', NULL, NULL, NULL, 'Time used to complete SBT manoeuvres.'),
	('bb65a15d-c115-4751-869e-a581c3c2f0ca', '50a540cb-673f-4837-9c33-7a012519c4f0', 'MV', 'achieved', NULL, NULL, NULL, 'Need to be more positive with speed control. No issues during transition from IFR to VFR on short finals and was stable throughout the approach to landing.'),
	('136749c8-799e-4ec5-a2ad-b50ef176937e', '50a540cb-673f-4837-9c33-7a012519c4f0', 'SBT', 'achieved', NULL, NULL, NULL, 'Not Applicable'),
	('8be703fb-2597-4a65-adcd-b0471720f6a8', '50a540cb-673f-4837-9c33-7a012519c4f0', 'ISI', 'achieved', NULL, NULL, NULL, 'No Applicable'),
	('2106991f-e618-4329-a8af-7703ec4215f9', '514dd5d0-d4be-4f4e-b9d4-7996d87bf821', 'EVAL', NULL, 'pass', 'Gear door, gear disagree, cargo door, cabin alt', 'wx, rapid dsc, TCAS, sick pax emergency', 'PF - fixated on PM who was trying to carry out a non-recall item on take-off when trying to select the gear up, got distracted which led to aircraft un-desired state, busting flap speed, infringing ATC instructions and loss of situational awareness.

PRO OB 1.1, 1.2, 1.4, 1.5, 1.7
KNO OB 0.1, 0.2, 0.7
FPM OB 4.1, 4.2, 4.3, 4.4, 4.5, 4.6
WLM OB 8.2, 8.9'),
	('68237c85-a584-498b-9238-894d01974b88', 'e4cd93dd-acac-4dc1-b105-bcf584ae558a', 'MV', 'achieved_with_practice', NULL, NULL, NULL, 'SOPs not followed, identification at 220 feet, non standard calls, engine out procedures not followed per SOP. Sharp separation incorrectly identified as flame out, RECALL missed. Repeat was successful. No issues with skill set and the use of automations during single engine manoeuvres. Sharp separation RECALL was not executed per SOP. This requires addressing on day 2.'),
	('28ef84fb-db9c-48fd-8b80-928082f45aa1', 'e4cd93dd-acac-4dc1-b105-bcf584ae558a', 'SBT', 'achieved', NULL, NULL, NULL, 'Loft exercise HKGPOM to address EVAL deficiencies on KNO, FPA, FPA, PRO,SAW, WLM and COM. Train to grade 3 standards.'),
	('bff6ef6f-616b-41e8-8bc5-4ccaeb4ec0ff', 'e4cd93dd-acac-4dc1-b105-bcf584ae558a', 'ISI', 'achieved', NULL, NULL, NULL, 'SBT items completed sucessfully to satisfactory standards.'),
	('ba05e15e-a6c5-486e-b0b5-1c940b70084f', '50a540cb-673f-4837-9c33-7a012519c4f0', 'EVAL', NULL, 'pass', 'MEL Parking brake valve, Cabin ALT', 'XWD T/O, TCAS RA, WX DEV, W/T, RAPID DSC, INJ PAX', 'EVAL exercises completed to satisfactory standards.  SAW on weather can be improved by expanding PFD scale. Fuel jettison / Overweight landing should be considered utilising OPT for landing performance calculations.'),
	('6ceff060-8027-48f5-874a-43ce9095b5f8', 'eca17e8c-b2b1-4d48-84b7-4b636310c443', 'MV', 'achieved', NULL, NULL, NULL, 'Nil'),
	('2558d1b7-1c1f-4537-ae06-fa8784956baf', 'eca17e8c-b2b1-4d48-84b7-4b636310c443', 'SBT', 'achieved', NULL, NULL, NULL, 'All exercises completed to a good standard'),
	('56e2b70e-d301-4edc-976e-067a2f1f3073', 'eca17e8c-b2b1-4d48-84b7-4b636310c443', 'ISI', 'achieved', NULL, NULL, NULL, 'Nil'),
	('26f47847-cf4a-48f3-be8b-08467c441639', '4a0dbfec-00bf-4807-87ed-fcb7a72be8cc', 'EVAL', NULL, 'pass', 'Gear door, gear disagree, cargo door, cabin alt', 'wx, rapid dsc, TCAS, sick pax emergency', 'SAW OB 7.1, 7.3, 7.5, 7.6 - good situation awareness throughout both EVAL loft exercise.'),
	('096acea7-fbad-452f-bc4b-3fcf4a988059', 'eca17e8c-b2b1-4d48-84b7-4b636310c443', 'EVAL', NULL, 'pass', 'Gear Door Uplock Failure
AFT CARGO DOOR
Emergency', 'Weather avoidance', 'Good exercise'),
	('9558c9b0-c8e2-4514-86e2-be74663a5ba6', '4a0dbfec-00bf-4807-87ed-fcb7a72be8cc', 'MV', 'achieved', NULL, NULL, NULL, 'Single Engine exercises flown to satisfactory standards.'),
	('e991d4c7-96b5-4fd4-9a54-f34f79333fe0', '4a0dbfec-00bf-4807-87ed-fcb7a72be8cc', 'SBT', 'achieved', NULL, NULL, NULL, 'SBT exercises carried to satisfactory standards. Windshear, several go around scenarios including balked landing. UPRT exercise.'),
	('a952b731-ceb7-467c-b80d-a892ea6b3e81', '4a0dbfec-00bf-4807-87ed-fcb7a72be8cc', 'ISI', 'achieved', NULL, NULL, NULL, 'Time used to complete SBT exercises.'),
	('da53ed16-41a3-4153-98af-06e1aadff04d', 'e4cd93dd-acac-4dc1-b105-bcf584ae558a', 'EVAL', NULL, 'pass', 'LDG GEAR / CARGO DOOR / GR Doors/Disagree, Cabin', 'WX, RAPID DSC / SICK PAX', 'KNO - OB 0.1, 0.2, 0.4, 0.5 FPM OB 4.1, 4.2, 4.3
FPA - OB 3.2, 3.3, 3.4, 3.6
PRO - 1.2, 1.3, 1.4, 1.5, 1.7
SAW - 7.1, 7.2, 7.3, 7.4, 7.5, 7.6
WLM OB 8.2, 8.9
COM  2.5
PM trying to carry out non-recall item on take-off, distracting the PF which led to aircraft un-desired state, busting flap speed, infringing ATC instructions and lost of situational awareness, Rapid descend procedures not correctly apply, SAW, PF - 3D Approach flown using VS and the RNP config and procedures not followed per SOP.'),
	('64fbcad3-c663-46c3-92c4-c2dd5a815b67', 'd04f24b3-edc3-4c1f-af08-c451f4998917', 'EVAL', NULL, 'pass', 'LDG GEAR / CARGO DOOR / GR Doors/Disagree, Cabin', 'WX, RAPID DSC / SICK PAX', 'MEL Park Brake Valve was not accepted due to no ABS and Antiskid considerations on take-off and landing performance.'),
	('aa084a42-8c49-495f-a325-ecf7d0463e60', 'd04f24b3-edc3-4c1f-af08-c451f4998917', 'MV', 'achieved', NULL, NULL, NULL, 'MANVAL scenarios flown to satisfactory standards per SOP.'),
	('a7841244-2115-4c8a-a58b-138fedbb2287', 'd04f24b3-edc3-4c1f-af08-c451f4998917', 'SBT', 'achieved', NULL, NULL, NULL, 'SBT exercises completed successfully to satisfactory standards.'),
	('37b101ba-b059-4d26-8f3d-6f9917fa6d04', 'd04f24b3-edc3-4c1f-af08-c451f4998917', 'ISI', 'achieved', NULL, NULL, NULL, 'Time used to complete SBT scenarios.'),
	('177ee888-eab4-4975-8e76-86b5425dc545', '37f0360e-148a-4b4a-895f-710f5266af07', 'MV', 'achieved', NULL, NULL, NULL, 'MANVAL scenarios flown to satisfactory standards per SOP.'),
	('e6ffef15-24a2-4764-8a3d-17188ae287d6', '37f0360e-148a-4b4a-895f-710f5266af07', 'SBT', 'achieved', NULL, NULL, NULL, 'SBT exercises completed successfully to satisfactory standards.'),
	('b25f5711-85cc-43d2-b4fa-8dc1f63db3d9', '37f0360e-148a-4b4a-895f-710f5266af07', 'ISI', 'achieved', NULL, NULL, NULL, 'Time used to complete SBT scenarios'),
	('61665130-e137-4c95-b78b-81d411f9f709', '817eac20-91dc-4ff5-a572-7bf98c23ee9b', 'EVAL', NULL, 'pass', 'LDG GEAR / CARGO DOOR / GR Doors/Disagree, Cabin', 'WX, RAPID DSC / SICK PAX', 'MEL Park Brake Valve was accepted after a good assessment of all threats and what if scenarios considerations with no ABS and Antiskid considerations. OPT and in-flight performance charts reviewed for landing performance.'),
	('ebe7e34f-a761-44d5-a69a-eab76002b237', '37f0360e-148a-4b4a-895f-710f5266af07', 'EVAL', NULL, 'pass', 'LDG GEAR / CARGO DOOR / GR Doors/Disagree, Cabin', 'WX, RAPID DSC / SICK PAX', 'MEL Park Brake Valve was not accepted due increase workload and no ABS and Antiskid considerations. LTW, WLM, PSD, KNO, PRO, COM, SAW and FPA COMP OBs demonstrated throughout both loft exercises as PM and PF.'),
	('01e9ef29-a865-4ea1-bcb3-a72964482daf', '817eac20-91dc-4ff5-a572-7bf98c23ee9b', 'MV', 'achieved', NULL, NULL, NULL, 'MANVAL scenarios flown to satisfactory standards per SOP.'),
	('500a68cb-3af0-4235-a18e-1b3bb4873bb6', '817eac20-91dc-4ff5-a572-7bf98c23ee9b', 'SBT', 'achieved', NULL, NULL, NULL, 'SBT exercises completed successfully to satisfactory standards.'),
	('eb17da2d-0f5c-45b6-98ad-c98d39a47cd6', '817eac20-91dc-4ff5-a572-7bf98c23ee9b', 'ISI', 'achieved', NULL, NULL, NULL, 'Time used to complete SBT scenarios');


--
-- Data for Name: report_qualifications; Type: TABLE DATA; Schema: public; Owner: postgres
--

INSERT INTO "ebt"."report_qualifications" ("report_id", "qualification_id") VALUES
	('bfa37d04-b655-454d-a565-125bf3eda24e', '4e7e4277-309f-4b39-8ac0-3a352438cd83'),
	('bfa37d04-b655-454d-a565-125bf3eda24e', '16bcbaff-9d1f-472d-87f8-602ffdae6e34'),
	('cbfa4702-9aac-467a-85b3-3ea151ce64e6', '4e7e4277-309f-4b39-8ac0-3a352438cd83'),
	('cbfa4702-9aac-467a-85b3-3ea151ce64e6', '16bcbaff-9d1f-472d-87f8-602ffdae6e34'),
	('57f972f0-5218-41a1-9433-836261807695', '16bcbaff-9d1f-472d-87f8-602ffdae6e34'),
	('57f972f0-5218-41a1-9433-836261807695', '4e7e4277-309f-4b39-8ac0-3a352438cd83'),
	('5ca550ca-eec8-4765-9d17-d4df9f202155', '16bcbaff-9d1f-472d-87f8-602ffdae6e34'),
	('5ca550ca-eec8-4765-9d17-d4df9f202155', '4e7e4277-309f-4b39-8ac0-3a352438cd83'),
	('14d77904-51e8-4ec9-a6b7-c678bef06517', '16bcbaff-9d1f-472d-87f8-602ffdae6e34'),
	('14d77904-51e8-4ec9-a6b7-c678bef06517', '4e7e4277-309f-4b39-8ac0-3a352438cd83'),
	('228ea722-495d-45e3-a319-b318e1afa4b9', '16bcbaff-9d1f-472d-87f8-602ffdae6e34'),
	('228ea722-495d-45e3-a319-b318e1afa4b9', '4e7e4277-309f-4b39-8ac0-3a352438cd83'),
	('d1354639-5ba6-46fd-9457-9d62e4f43223', '16bcbaff-9d1f-472d-87f8-602ffdae6e34'),
	('d1354639-5ba6-46fd-9457-9d62e4f43223', '4e7e4277-309f-4b39-8ac0-3a352438cd83'),
	('f51d052a-57e2-4706-a197-1dfdc908f3bf', '16bcbaff-9d1f-472d-87f8-602ffdae6e34'),
	('f51d052a-57e2-4706-a197-1dfdc908f3bf', '4e7e4277-309f-4b39-8ac0-3a352438cd83'),
	('296d8aed-6eb4-4370-b19b-78a469091134', '4e7e4277-309f-4b39-8ac0-3a352438cd83'),
	('296d8aed-6eb4-4370-b19b-78a469091134', 'b3d68c23-144c-48c6-8fd9-8ec21febcdb2'),
	('296d8aed-6eb4-4370-b19b-78a469091134', '16bcbaff-9d1f-472d-87f8-602ffdae6e34'),
	('5e5c590f-70b1-4139-863c-a2369c4fe451', '4e7e4277-309f-4b39-8ac0-3a352438cd83'),
	('5e5c590f-70b1-4139-863c-a2369c4fe451', 'b3d68c23-144c-48c6-8fd9-8ec21febcdb2'),
	('5e5c590f-70b1-4139-863c-a2369c4fe451', '16bcbaff-9d1f-472d-87f8-602ffdae6e34'),
	('f0726035-c14c-4d47-a45f-57262b10d7f7', '4e7e4277-309f-4b39-8ac0-3a352438cd83'),
	('f0726035-c14c-4d47-a45f-57262b10d7f7', 'b3d68c23-144c-48c6-8fd9-8ec21febcdb2'),
	('f0726035-c14c-4d47-a45f-57262b10d7f7', '16bcbaff-9d1f-472d-87f8-602ffdae6e34'),
	('f0b5a283-0aee-466f-8bad-4a0241911b7a', '4e7e4277-309f-4b39-8ac0-3a352438cd83'),
	('f0b5a283-0aee-466f-8bad-4a0241911b7a', 'b3d68c23-144c-48c6-8fd9-8ec21febcdb2'),
	('f0b5a283-0aee-466f-8bad-4a0241911b7a', '16bcbaff-9d1f-472d-87f8-602ffdae6e34'),
	('cb425d5c-cfa0-40cd-a7c8-4b1284745207', '4e7e4277-309f-4b39-8ac0-3a352438cd83'),
	('cb425d5c-cfa0-40cd-a7c8-4b1284745207', '16bcbaff-9d1f-472d-87f8-602ffdae6e34'),
	('03f822fb-1aec-43be-92ba-c8f93967ac5f', '16bcbaff-9d1f-472d-87f8-602ffdae6e34'),
	('03f822fb-1aec-43be-92ba-c8f93967ac5f', '4e7e4277-309f-4b39-8ac0-3a352438cd83'),
	('53f2e0e9-5926-46a9-a893-007215b02be3', '4e7e4277-309f-4b39-8ac0-3a352438cd83'),
	('53f2e0e9-5926-46a9-a893-007215b02be3', 'b3d68c23-144c-48c6-8fd9-8ec21febcdb2'),
	('53f2e0e9-5926-46a9-a893-007215b02be3', '16bcbaff-9d1f-472d-87f8-602ffdae6e34'),
	('a6aa6987-a444-4277-851a-40f29e2cc7a9', '4e7e4277-309f-4b39-8ac0-3a352438cd83'),
	('a6aa6987-a444-4277-851a-40f29e2cc7a9', 'b3d68c23-144c-48c6-8fd9-8ec21febcdb2'),
	('a6aa6987-a444-4277-851a-40f29e2cc7a9', '16bcbaff-9d1f-472d-87f8-602ffdae6e34'),
	('a153c06b-37ac-4e29-a8f0-5fd4585cf6bd', '4e7e4277-309f-4b39-8ac0-3a352438cd83'),
	('a153c06b-37ac-4e29-a8f0-5fd4585cf6bd', 'b3d68c23-144c-48c6-8fd9-8ec21febcdb2'),
	('a153c06b-37ac-4e29-a8f0-5fd4585cf6bd', '16bcbaff-9d1f-472d-87f8-602ffdae6e34'),
	('70888f48-8cfa-4f21-a0ae-9b49d1b08778', '4e7e4277-309f-4b39-8ac0-3a352438cd83'),
	('70888f48-8cfa-4f21-a0ae-9b49d1b08778', 'b3d68c23-144c-48c6-8fd9-8ec21febcdb2'),
	('70888f48-8cfa-4f21-a0ae-9b49d1b08778', '16bcbaff-9d1f-472d-87f8-602ffdae6e34'),
	('858006ac-d300-4309-b25d-22c1dd36302d', '4e7e4277-309f-4b39-8ac0-3a352438cd83'),
	('858006ac-d300-4309-b25d-22c1dd36302d', 'b3d68c23-144c-48c6-8fd9-8ec21febcdb2'),
	('858006ac-d300-4309-b25d-22c1dd36302d', '16bcbaff-9d1f-472d-87f8-602ffdae6e34'),
	('ed413c6a-3108-4c37-9acf-2dd5d9303f92', '4e7e4277-309f-4b39-8ac0-3a352438cd83'),
	('ed413c6a-3108-4c37-9acf-2dd5d9303f92', 'b3d68c23-144c-48c6-8fd9-8ec21febcdb2'),
	('ed413c6a-3108-4c37-9acf-2dd5d9303f92', '16bcbaff-9d1f-472d-87f8-602ffdae6e34'),
	('c36dbde0-4335-4cf0-bbed-9c415ea1b1eb', '4e7e4277-309f-4b39-8ac0-3a352438cd83'),
	('c36dbde0-4335-4cf0-bbed-9c415ea1b1eb', 'b3d68c23-144c-48c6-8fd9-8ec21febcdb2'),
	('c36dbde0-4335-4cf0-bbed-9c415ea1b1eb', '16bcbaff-9d1f-472d-87f8-602ffdae6e34'),
	('ede18524-33f3-4b7a-86e0-08115e94a91d', '4e7e4277-309f-4b39-8ac0-3a352438cd83'),
	('ede18524-33f3-4b7a-86e0-08115e94a91d', 'b3d68c23-144c-48c6-8fd9-8ec21febcdb2'),
	('ede18524-33f3-4b7a-86e0-08115e94a91d', '16bcbaff-9d1f-472d-87f8-602ffdae6e34'),
	('160418dd-b04e-4fca-989b-5de70d821bbf', '4e7e4277-309f-4b39-8ac0-3a352438cd83'),
	('160418dd-b04e-4fca-989b-5de70d821bbf', 'b3d68c23-144c-48c6-8fd9-8ec21febcdb2'),
	('160418dd-b04e-4fca-989b-5de70d821bbf', '16bcbaff-9d1f-472d-87f8-602ffdae6e34'),
	('c49e3f81-9977-4cac-9e40-720e10dad7b1', '4e7e4277-309f-4b39-8ac0-3a352438cd83'),
	('da1b8e66-30bd-4fad-ad6e-3310eeed4e21', '4e7e4277-309f-4b39-8ac0-3a352438cd83'),
	('622c8a0a-5af9-462a-a92a-2aac33388eba', '4e7e4277-309f-4b39-8ac0-3a352438cd83'),
	('35236318-5ef5-4876-8528-3c30e1423a36', '4e7e4277-309f-4b39-8ac0-3a352438cd83'),
	('35236318-5ef5-4876-8528-3c30e1423a36', 'b3d68c23-144c-48c6-8fd9-8ec21febcdb2'),
	('e0606be7-e195-4f8e-a386-9b9336a701b2', '4e7e4277-309f-4b39-8ac0-3a352438cd83'),
	('3b93d7cc-ee5d-4c78-a198-85e76ff64967', '4e7e4277-309f-4b39-8ac0-3a352438cd83'),
	('26c871f6-889b-42e1-a2af-ce0a26d21a19', '4e7e4277-309f-4b39-8ac0-3a352438cd83'),
	('26c871f6-889b-42e1-a2af-ce0a26d21a19', 'b3d68c23-144c-48c6-8fd9-8ec21febcdb2'),
	('26c871f6-889b-42e1-a2af-ce0a26d21a19', '16bcbaff-9d1f-472d-87f8-602ffdae6e34'),
	('f2b87ece-f4df-4ee3-b129-cef0a450ca1d', '4e7e4277-309f-4b39-8ac0-3a352438cd83'),
	('f2b87ece-f4df-4ee3-b129-cef0a450ca1d', 'b3d68c23-144c-48c6-8fd9-8ec21febcdb2'),
	('f2b87ece-f4df-4ee3-b129-cef0a450ca1d', '16bcbaff-9d1f-472d-87f8-602ffdae6e34'),
	('2cfa04f2-358e-4a83-9e8e-e43dbbee1600', '4e7e4277-309f-4b39-8ac0-3a352438cd83'),
	('f14c5456-6408-4911-8a9d-7cfbe48cca56', '4e7e4277-309f-4b39-8ac0-3a352438cd83'),
	('198811df-5cde-431a-9f79-37c4930b4be1', '4e7e4277-309f-4b39-8ac0-3a352438cd83'),
	('a7709576-d237-4695-a3d9-e016f566e374', '4e7e4277-309f-4b39-8ac0-3a352438cd83'),
	('009f65ed-dcb2-4b4b-a74e-16622b8a9917', '4e7e4277-309f-4b39-8ac0-3a352438cd83'),
	('009f65ed-dcb2-4b4b-a74e-16622b8a9917', 'b3d68c23-144c-48c6-8fd9-8ec21febcdb2'),
	('009f65ed-dcb2-4b4b-a74e-16622b8a9917', '16bcbaff-9d1f-472d-87f8-602ffdae6e34'),
	('48ef0dba-652b-42b2-adaa-1ded63b333e7', '4e7e4277-309f-4b39-8ac0-3a352438cd83'),
	('48ef0dba-652b-42b2-adaa-1ded63b333e7', 'b3d68c23-144c-48c6-8fd9-8ec21febcdb2'),
	('48ef0dba-652b-42b2-adaa-1ded63b333e7', '16bcbaff-9d1f-472d-87f8-602ffdae6e34'),
	('4fd0f9e9-9e41-4dda-87ad-817d85f09159', '4e7e4277-309f-4b39-8ac0-3a352438cd83'),
	('4fd0f9e9-9e41-4dda-87ad-817d85f09159', '16bcbaff-9d1f-472d-87f8-602ffdae6e34'),
	('9cbe3306-56ed-4081-89ee-fcae43f880c4', '16bcbaff-9d1f-472d-87f8-602ffdae6e34'),
	('9cbe3306-56ed-4081-89ee-fcae43f880c4', '4e7e4277-309f-4b39-8ac0-3a352438cd83'),
	('b5779034-0439-4cad-af18-99fe3958eeff', '4e7e4277-309f-4b39-8ac0-3a352438cd83'),
	('b5779034-0439-4cad-af18-99fe3958eeff', '16bcbaff-9d1f-472d-87f8-602ffdae6e34'),
	('801902b7-19a3-457a-9b7e-a0b353ade7ef', '4e7e4277-309f-4b39-8ac0-3a352438cd83'),
	('801902b7-19a3-457a-9b7e-a0b353ade7ef', 'b3d68c23-144c-48c6-8fd9-8ec21febcdb2'),
	('801902b7-19a3-457a-9b7e-a0b353ade7ef', '16bcbaff-9d1f-472d-87f8-602ffdae6e34'),
	('0192333b-c797-4707-bf26-7a2d84d745cd', '4e7e4277-309f-4b39-8ac0-3a352438cd83'),
	('0192333b-c797-4707-bf26-7a2d84d745cd', 'b3d68c23-144c-48c6-8fd9-8ec21febcdb2'),
	('0192333b-c797-4707-bf26-7a2d84d745cd', '16bcbaff-9d1f-472d-87f8-602ffdae6e34'),
	('0192333b-c797-4707-bf26-7a2d84d745cd', '301525ec-6c7f-444b-b557-f2079c88011d'),
	('305a5c4f-1d72-48d5-8a4b-2e707ff7e993', '4e7e4277-309f-4b39-8ac0-3a352438cd83'),
	('305a5c4f-1d72-48d5-8a4b-2e707ff7e993', 'b3d68c23-144c-48c6-8fd9-8ec21febcdb2'),
	('305a5c4f-1d72-48d5-8a4b-2e707ff7e993', '16bcbaff-9d1f-472d-87f8-602ffdae6e34'),
	('11f87e7b-301f-438a-a800-82b03287c9fc', '4e7e4277-309f-4b39-8ac0-3a352438cd83'),
	('11f87e7b-301f-438a-a800-82b03287c9fc', 'b3d68c23-144c-48c6-8fd9-8ec21febcdb2'),
	('11f87e7b-301f-438a-a800-82b03287c9fc', '16bcbaff-9d1f-472d-87f8-602ffdae6e34'),
	('8c2d3137-efe7-451f-9f8a-e0b8eba3fff0', '16bcbaff-9d1f-472d-87f8-602ffdae6e34'),
	('8c2d3137-efe7-451f-9f8a-e0b8eba3fff0', '4e7e4277-309f-4b39-8ac0-3a352438cd83'),
	('da40917e-eecf-446b-aa06-ebb70044c8a6', '16bcbaff-9d1f-472d-87f8-602ffdae6e34'),
	('da40917e-eecf-446b-aa06-ebb70044c8a6', '4e7e4277-309f-4b39-8ac0-3a352438cd83'),
	('ea3af0f5-dbc5-42c8-ae81-3c6f34232ab0', 'b3d68c23-144c-48c6-8fd9-8ec21febcdb2'),
	('ea3af0f5-dbc5-42c8-ae81-3c6f34232ab0', '4e7e4277-309f-4b39-8ac0-3a352438cd83'),
	('ea3af0f5-dbc5-42c8-ae81-3c6f34232ab0', '16bcbaff-9d1f-472d-87f8-602ffdae6e34'),
	('395806a2-dfb5-4aa9-b5f9-398bedb53caa', 'b3d68c23-144c-48c6-8fd9-8ec21febcdb2'),
	('395806a2-dfb5-4aa9-b5f9-398bedb53caa', '4e7e4277-309f-4b39-8ac0-3a352438cd83'),
	('395806a2-dfb5-4aa9-b5f9-398bedb53caa', '16bcbaff-9d1f-472d-87f8-602ffdae6e34'),
	('dcaddb87-3171-4580-8b15-1370f42452f3', '4e7e4277-309f-4b39-8ac0-3a352438cd83'),
	('dcaddb87-3171-4580-8b15-1370f42452f3', '16bcbaff-9d1f-472d-87f8-602ffdae6e34'),
	('c10beba3-f34a-45eb-9f34-004beedf88a6', '4e7e4277-309f-4b39-8ac0-3a352438cd83'),
	('c10beba3-f34a-45eb-9f34-004beedf88a6', 'b3d68c23-144c-48c6-8fd9-8ec21febcdb2'),
	('c10beba3-f34a-45eb-9f34-004beedf88a6', '16bcbaff-9d1f-472d-87f8-602ffdae6e34'),
	('8b8f0663-7bb2-43c1-a386-00ad3bbd3b08', '4e7e4277-309f-4b39-8ac0-3a352438cd83'),
	('8b8f0663-7bb2-43c1-a386-00ad3bbd3b08', 'b3d68c23-144c-48c6-8fd9-8ec21febcdb2'),
	('8b8f0663-7bb2-43c1-a386-00ad3bbd3b08', '16bcbaff-9d1f-472d-87f8-602ffdae6e34'),
	('e7438119-9780-44d1-ad40-22a26024efce', '4e7e4277-309f-4b39-8ac0-3a352438cd83'),
	('e7438119-9780-44d1-ad40-22a26024efce', 'b3d68c23-144c-48c6-8fd9-8ec21febcdb2'),
	('e7438119-9780-44d1-ad40-22a26024efce', '16bcbaff-9d1f-472d-87f8-602ffdae6e34'),
	('302d9383-b4f5-4c42-9956-dce849acd5f1', '4e7e4277-309f-4b39-8ac0-3a352438cd83'),
	('302d9383-b4f5-4c42-9956-dce849acd5f1', 'b3d68c23-144c-48c6-8fd9-8ec21febcdb2'),
	('302d9383-b4f5-4c42-9956-dce849acd5f1', '16bcbaff-9d1f-472d-87f8-602ffdae6e34'),
	('e53445fa-0dce-43a7-8acd-93517872d24b', '4e7e4277-309f-4b39-8ac0-3a352438cd83'),
	('e53445fa-0dce-43a7-8acd-93517872d24b', 'b3d68c23-144c-48c6-8fd9-8ec21febcdb2'),
	('e53445fa-0dce-43a7-8acd-93517872d24b', '16bcbaff-9d1f-472d-87f8-602ffdae6e34'),
	('a281f8a3-1a60-459b-85e6-4a9bca9e9b0a', '4e7e4277-309f-4b39-8ac0-3a352438cd83'),
	('a281f8a3-1a60-459b-85e6-4a9bca9e9b0a', 'b3d68c23-144c-48c6-8fd9-8ec21febcdb2'),
	('a281f8a3-1a60-459b-85e6-4a9bca9e9b0a', '16bcbaff-9d1f-472d-87f8-602ffdae6e34'),
	('98557844-2246-4ea9-b3af-30eda0b95675', '4e7e4277-309f-4b39-8ac0-3a352438cd83'),
	('98557844-2246-4ea9-b3af-30eda0b95675', 'b3d68c23-144c-48c6-8fd9-8ec21febcdb2'),
	('98557844-2246-4ea9-b3af-30eda0b95675', '16bcbaff-9d1f-472d-87f8-602ffdae6e34'),
	('d55bc626-1304-4609-a6fe-a31dbdbe9d43', '4e7e4277-309f-4b39-8ac0-3a352438cd83'),
	('d55bc626-1304-4609-a6fe-a31dbdbe9d43', 'b3d68c23-144c-48c6-8fd9-8ec21febcdb2'),
	('d55bc626-1304-4609-a6fe-a31dbdbe9d43', '16bcbaff-9d1f-472d-87f8-602ffdae6e34'),
	('702224c0-8efc-43ee-90e4-9dae5a61e10b', 'b3d68c23-144c-48c6-8fd9-8ec21febcdb2'),
	('702224c0-8efc-43ee-90e4-9dae5a61e10b', '16bcbaff-9d1f-472d-87f8-602ffdae6e34'),
	('dfd07f04-3c22-421e-8290-0bc7af822b25', '4e7e4277-309f-4b39-8ac0-3a352438cd83'),
	('dfd07f04-3c22-421e-8290-0bc7af822b25', '16bcbaff-9d1f-472d-87f8-602ffdae6e34'),
	('dfd07f04-3c22-421e-8290-0bc7af822b25', '301525ec-6c7f-444b-b557-f2079c88011d'),
	('dfd07f04-3c22-421e-8290-0bc7af822b25', 'b3d68c23-144c-48c6-8fd9-8ec21febcdb2'),
	('c2a7e692-17de-4308-a148-9c10e6d7e3b5', '4e7e4277-309f-4b39-8ac0-3a352438cd83'),
	('c2a7e692-17de-4308-a148-9c10e6d7e3b5', 'b3d68c23-144c-48c6-8fd9-8ec21febcdb2'),
	('c2a7e692-17de-4308-a148-9c10e6d7e3b5', '16bcbaff-9d1f-472d-87f8-602ffdae6e34'),
	('bc56387f-eb19-43a9-a59a-584952db41b1', '4e7e4277-309f-4b39-8ac0-3a352438cd83'),
	('bc56387f-eb19-43a9-a59a-584952db41b1', 'b3d68c23-144c-48c6-8fd9-8ec21febcdb2'),
	('bc56387f-eb19-43a9-a59a-584952db41b1', '16bcbaff-9d1f-472d-87f8-602ffdae6e34'),
	('f4e66f7a-5215-4552-8dee-d58bef5a6731', '4e7e4277-309f-4b39-8ac0-3a352438cd83'),
	('f4e66f7a-5215-4552-8dee-d58bef5a6731', 'b3d68c23-144c-48c6-8fd9-8ec21febcdb2'),
	('f4e66f7a-5215-4552-8dee-d58bef5a6731', '16bcbaff-9d1f-472d-87f8-602ffdae6e34'),
	('eb1a88f3-be73-4c70-8c05-43e3b35a34f5', '4e7e4277-309f-4b39-8ac0-3a352438cd83'),
	('eb1a88f3-be73-4c70-8c05-43e3b35a34f5', 'b3d68c23-144c-48c6-8fd9-8ec21febcdb2'),
	('eb1a88f3-be73-4c70-8c05-43e3b35a34f5', '16bcbaff-9d1f-472d-87f8-602ffdae6e34'),
	('0b385a8a-29e4-4a53-b126-766febf91d23', '4e7e4277-309f-4b39-8ac0-3a352438cd83'),
	('0b385a8a-29e4-4a53-b126-766febf91d23', 'b3d68c23-144c-48c6-8fd9-8ec21febcdb2'),
	('0b385a8a-29e4-4a53-b126-766febf91d23', '16bcbaff-9d1f-472d-87f8-602ffdae6e34'),
	('221bbf67-ea20-4ca9-aa15-7ec1ef26358a', '4e7e4277-309f-4b39-8ac0-3a352438cd83'),
	('221bbf67-ea20-4ca9-aa15-7ec1ef26358a', 'b3d68c23-144c-48c6-8fd9-8ec21febcdb2'),
	('221bbf67-ea20-4ca9-aa15-7ec1ef26358a', '16bcbaff-9d1f-472d-87f8-602ffdae6e34'),
	('61659ad9-2e76-418c-94f8-67a6f5651a8e', '4e7e4277-309f-4b39-8ac0-3a352438cd83'),
	('61659ad9-2e76-418c-94f8-67a6f5651a8e', 'b3d68c23-144c-48c6-8fd9-8ec21febcdb2'),
	('61659ad9-2e76-418c-94f8-67a6f5651a8e', '16bcbaff-9d1f-472d-87f8-602ffdae6e34'),
	('37239ea4-5c1c-4415-9977-2747a3cc3895', '4e7e4277-309f-4b39-8ac0-3a352438cd83'),
	('37239ea4-5c1c-4415-9977-2747a3cc3895', 'b3d68c23-144c-48c6-8fd9-8ec21febcdb2'),
	('37239ea4-5c1c-4415-9977-2747a3cc3895', '16bcbaff-9d1f-472d-87f8-602ffdae6e34'),
	('37239ea4-5c1c-4415-9977-2747a3cc3895', '301525ec-6c7f-444b-b557-f2079c88011d'),
	('3eaf0f13-eb8d-43e4-8ec1-ec2c4ce958c9', '4e7e4277-309f-4b39-8ac0-3a352438cd83'),
	('3eaf0f13-eb8d-43e4-8ec1-ec2c4ce958c9', 'b3d68c23-144c-48c6-8fd9-8ec21febcdb2'),
	('3eaf0f13-eb8d-43e4-8ec1-ec2c4ce958c9', '16bcbaff-9d1f-472d-87f8-602ffdae6e34'),
	('8f473040-9309-4421-bd52-7608bc6847b4', '4e7e4277-309f-4b39-8ac0-3a352438cd83'),
	('8f473040-9309-4421-bd52-7608bc6847b4', 'b3d68c23-144c-48c6-8fd9-8ec21febcdb2'),
	('8f473040-9309-4421-bd52-7608bc6847b4', '16bcbaff-9d1f-472d-87f8-602ffdae6e34'),
	('5a3d455f-28f2-4c1b-86c8-f76278e212bc', '4e7e4277-309f-4b39-8ac0-3a352438cd83'),
	('5a3d455f-28f2-4c1b-86c8-f76278e212bc', 'b3d68c23-144c-48c6-8fd9-8ec21febcdb2'),
	('5a3d455f-28f2-4c1b-86c8-f76278e212bc', '16bcbaff-9d1f-472d-87f8-602ffdae6e34'),
	('12553404-8736-4817-a797-d089aadb5b4c', 'b3d68c23-144c-48c6-8fd9-8ec21febcdb2'),
	('12553404-8736-4817-a797-d089aadb5b4c', '4e7e4277-309f-4b39-8ac0-3a352438cd83'),
	('12553404-8736-4817-a797-d089aadb5b4c', '16bcbaff-9d1f-472d-87f8-602ffdae6e34'),
	('016cba63-73a0-4642-acf7-ab1d3d7c04a1', '4e7e4277-309f-4b39-8ac0-3a352438cd83'),
	('3511d8d7-87bf-492d-b372-0f7b0b8c43f3', '4e7e4277-309f-4b39-8ac0-3a352438cd83'),
	('ff9186e4-8888-4ee0-b66b-73b2cd04846d', '4e7e4277-309f-4b39-8ac0-3a352438cd83'),
	('13547c93-83bf-448c-914a-e9b167626409', '4e7e4277-309f-4b39-8ac0-3a352438cd83'),
	('13547c93-83bf-448c-914a-e9b167626409', '16bcbaff-9d1f-472d-87f8-602ffdae6e34'),
	('13547c93-83bf-448c-914a-e9b167626409', 'b3d68c23-144c-48c6-8fd9-8ec21febcdb2'),
	('73efaa3c-43db-447c-8cb9-c2b37717a475', '4e7e4277-309f-4b39-8ac0-3a352438cd83'),
	('732d751a-6dd6-46c7-bfc0-f4dc86c22aa5', '4e7e4277-309f-4b39-8ac0-3a352438cd83'),
	('732d751a-6dd6-46c7-bfc0-f4dc86c22aa5', '16bcbaff-9d1f-472d-87f8-602ffdae6e34'),
	('732d751a-6dd6-46c7-bfc0-f4dc86c22aa5', '301525ec-6c7f-444b-b557-f2079c88011d'),
	('9c2195c1-27f5-48e5-bff3-28e51fba97c8', '4e7e4277-309f-4b39-8ac0-3a352438cd83'),
	('2e5fa7f0-69ab-4db7-b2ff-6e17c8f1031f', '4e7e4277-309f-4b39-8ac0-3a352438cd83'),
	('fbd79c7c-a164-4d18-9518-2597eaa275f1', 'b3d68c23-144c-48c6-8fd9-8ec21febcdb2'),
	('fbd79c7c-a164-4d18-9518-2597eaa275f1', '4e7e4277-309f-4b39-8ac0-3a352438cd83'),
	('717b9d82-0701-4cce-96f9-b8c0e2844da0', '4e7e4277-309f-4b39-8ac0-3a352438cd83'),
	('717b9d82-0701-4cce-96f9-b8c0e2844da0', '301525ec-6c7f-444b-b557-f2079c88011d'),
	('72f937ca-4aa9-48c9-ae6d-f8e590e82741', '4e7e4277-309f-4b39-8ac0-3a352438cd83'),
	('72f937ca-4aa9-48c9-ae6d-f8e590e82741', '301525ec-6c7f-444b-b557-f2079c88011d'),
	('72f937ca-4aa9-48c9-ae6d-f8e590e82741', '16bcbaff-9d1f-472d-87f8-602ffdae6e34'),
	('72f937ca-4aa9-48c9-ae6d-f8e590e82741', 'b3d68c23-144c-48c6-8fd9-8ec21febcdb2'),
	('ce3a1410-fec6-4801-808f-1c37eb701dd9', 'b3d68c23-144c-48c6-8fd9-8ec21febcdb2'),
	('ce3a1410-fec6-4801-808f-1c37eb701dd9', '4e7e4277-309f-4b39-8ac0-3a352438cd83'),
	('ce3a1410-fec6-4801-808f-1c37eb701dd9', '16bcbaff-9d1f-472d-87f8-602ffdae6e34'),
	('0b38ba1c-843a-4e64-ae7f-4914a7a520ce', 'b3d68c23-144c-48c6-8fd9-8ec21febcdb2'),
	('0b38ba1c-843a-4e64-ae7f-4914a7a520ce', '4e7e4277-309f-4b39-8ac0-3a352438cd83'),
	('0b38ba1c-843a-4e64-ae7f-4914a7a520ce', '16bcbaff-9d1f-472d-87f8-602ffdae6e34'),
	('340e5cd5-6460-40e7-9d9c-bcc3580cb7a5', '4e7e4277-309f-4b39-8ac0-3a352438cd83'),
	('340e5cd5-6460-40e7-9d9c-bcc3580cb7a5', '301525ec-6c7f-444b-b557-f2079c88011d'),
	('340e5cd5-6460-40e7-9d9c-bcc3580cb7a5', '16bcbaff-9d1f-472d-87f8-602ffdae6e34'),
	('340e5cd5-6460-40e7-9d9c-bcc3580cb7a5', 'b3d68c23-144c-48c6-8fd9-8ec21febcdb2'),
	('d0a04c01-3b05-412e-aea7-661ef6e6150b', '16bcbaff-9d1f-472d-87f8-602ffdae6e34'),
	('d0a04c01-3b05-412e-aea7-661ef6e6150b', '4e7e4277-309f-4b39-8ac0-3a352438cd83'),
	('1f6a7264-36f9-496e-8ddf-5cf004b3ae40', '16bcbaff-9d1f-472d-87f8-602ffdae6e34'),
	('1f6a7264-36f9-496e-8ddf-5cf004b3ae40', '4e7e4277-309f-4b39-8ac0-3a352438cd83'),
	('fd16738e-7418-4389-b9a8-9675c63bfdee', '4e7e4277-309f-4b39-8ac0-3a352438cd83'),
	('fd16738e-7418-4389-b9a8-9675c63bfdee', 'b3d68c23-144c-48c6-8fd9-8ec21febcdb2'),
	('fd16738e-7418-4389-b9a8-9675c63bfdee', '16bcbaff-9d1f-472d-87f8-602ffdae6e34'),
	('a5c771b1-91d4-4aa1-b1a2-ab5a7536bf83', '4e7e4277-309f-4b39-8ac0-3a352438cd83'),
	('a5c771b1-91d4-4aa1-b1a2-ab5a7536bf83', '16bcbaff-9d1f-472d-87f8-602ffdae6e34'),
	('a5c771b1-91d4-4aa1-b1a2-ab5a7536bf83', '301525ec-6c7f-444b-b557-f2079c88011d'),
	('a5c771b1-91d4-4aa1-b1a2-ab5a7536bf83', 'b3d68c23-144c-48c6-8fd9-8ec21febcdb2'),
	('8e8fe907-de08-4896-a1b3-7ad498dd7c21', '4e7e4277-309f-4b39-8ac0-3a352438cd83'),
	('8e8fe907-de08-4896-a1b3-7ad498dd7c21', 'b3d68c23-144c-48c6-8fd9-8ec21febcdb2'),
	('8e8fe907-de08-4896-a1b3-7ad498dd7c21', '16bcbaff-9d1f-472d-87f8-602ffdae6e34'),
	('186ef48f-4497-4c91-9866-043acc6c6190', '4e7e4277-309f-4b39-8ac0-3a352438cd83'),
	('186ef48f-4497-4c91-9866-043acc6c6190', 'b3d68c23-144c-48c6-8fd9-8ec21febcdb2'),
	('186ef48f-4497-4c91-9866-043acc6c6190', '16bcbaff-9d1f-472d-87f8-602ffdae6e34'),
	('0d99a13c-2665-47ac-baa3-1d52f41bfdb6', '4e7e4277-309f-4b39-8ac0-3a352438cd83'),
	('0d99a13c-2665-47ac-baa3-1d52f41bfdb6', 'b3d68c23-144c-48c6-8fd9-8ec21febcdb2'),
	('0d99a13c-2665-47ac-baa3-1d52f41bfdb6', '16bcbaff-9d1f-472d-87f8-602ffdae6e34'),
	('65bed9a0-5d0f-428b-a174-4f1fbdba1b9c', '16bcbaff-9d1f-472d-87f8-602ffdae6e34'),
	('65bed9a0-5d0f-428b-a174-4f1fbdba1b9c', '4e7e4277-309f-4b39-8ac0-3a352438cd83'),
	('f57b5fa1-dc98-4889-af93-5ce639c8ea8b', '4e7e4277-309f-4b39-8ac0-3a352438cd83'),
	('f57b5fa1-dc98-4889-af93-5ce639c8ea8b', 'b3d68c23-144c-48c6-8fd9-8ec21febcdb2'),
	('f57b5fa1-dc98-4889-af93-5ce639c8ea8b', '16bcbaff-9d1f-472d-87f8-602ffdae6e34'),
	('f57b5fa1-dc98-4889-af93-5ce639c8ea8b', '301525ec-6c7f-444b-b557-f2079c88011d'),
	('9eefeee7-bd66-4a2b-a0cd-0d1cad86ddf7', '4e7e4277-309f-4b39-8ac0-3a352438cd83'),
	('9eefeee7-bd66-4a2b-a0cd-0d1cad86ddf7', '16bcbaff-9d1f-472d-87f8-602ffdae6e34'),
	('9eefeee7-bd66-4a2b-a0cd-0d1cad86ddf7', '301525ec-6c7f-444b-b557-f2079c88011d'),
	('1cafd24f-bb93-44c5-adfe-a984216db074', '4e7e4277-309f-4b39-8ac0-3a352438cd83'),
	('1cafd24f-bb93-44c5-adfe-a984216db074', '16bcbaff-9d1f-472d-87f8-602ffdae6e34'),
	('a20103af-66cb-42e5-a6f9-3daa70d23513', '16bcbaff-9d1f-472d-87f8-602ffdae6e34'),
	('a20103af-66cb-42e5-a6f9-3daa70d23513', '4e7e4277-309f-4b39-8ac0-3a352438cd83'),
	('70a42929-697c-4e39-88d0-e3b364fe255e', '16bcbaff-9d1f-472d-87f8-602ffdae6e34'),
	('70a42929-697c-4e39-88d0-e3b364fe255e', '4e7e4277-309f-4b39-8ac0-3a352438cd83'),
	('a81adc5d-c382-47b5-b295-cda9bd9a8a9c', '4e7e4277-309f-4b39-8ac0-3a352438cd83'),
	('a81adc5d-c382-47b5-b295-cda9bd9a8a9c', '16bcbaff-9d1f-472d-87f8-602ffdae6e34'),
	('358642c9-cb19-443e-ba2f-d0c36f796cf3', '4e7e4277-309f-4b39-8ac0-3a352438cd83'),
	('358642c9-cb19-443e-ba2f-d0c36f796cf3', 'b3d68c23-144c-48c6-8fd9-8ec21febcdb2'),
	('358642c9-cb19-443e-ba2f-d0c36f796cf3', '16bcbaff-9d1f-472d-87f8-602ffdae6e34'),
	('42e976b7-79cd-40ff-bb9f-a5254e609419', '4e7e4277-309f-4b39-8ac0-3a352438cd83'),
	('42e976b7-79cd-40ff-bb9f-a5254e609419', 'b3d68c23-144c-48c6-8fd9-8ec21febcdb2'),
	('42e976b7-79cd-40ff-bb9f-a5254e609419', '16bcbaff-9d1f-472d-87f8-602ffdae6e34'),
	('42e976b7-79cd-40ff-bb9f-a5254e609419', '301525ec-6c7f-444b-b557-f2079c88011d'),
	('b94ef00b-1074-4fe5-a7f8-117b780c8536', 'b3d68c23-144c-48c6-8fd9-8ec21febcdb2'),
	('b94ef00b-1074-4fe5-a7f8-117b780c8536', '16bcbaff-9d1f-472d-87f8-602ffdae6e34'),
	('b94ef00b-1074-4fe5-a7f8-117b780c8536', '4e7e4277-309f-4b39-8ac0-3a352438cd83'),
	('67eb096c-0137-4f1a-a08f-05753441db81', 'b3d68c23-144c-48c6-8fd9-8ec21febcdb2'),
	('67eb096c-0137-4f1a-a08f-05753441db81', '16bcbaff-9d1f-472d-87f8-602ffdae6e34'),
	('67eb096c-0137-4f1a-a08f-05753441db81', '4e7e4277-309f-4b39-8ac0-3a352438cd83'),
	('67eb096c-0137-4f1a-a08f-05753441db81', '301525ec-6c7f-444b-b557-f2079c88011d'),
	('24ea840b-d0ec-45fc-bca1-d24f3a0fc582', 'b3d68c23-144c-48c6-8fd9-8ec21febcdb2'),
	('24ea840b-d0ec-45fc-bca1-d24f3a0fc582', '16bcbaff-9d1f-472d-87f8-602ffdae6e34'),
	('24ea840b-d0ec-45fc-bca1-d24f3a0fc582', '4e7e4277-309f-4b39-8ac0-3a352438cd83'),
	('c8bb8cc4-8a72-4735-ae4b-4df5ce78c4e9', 'b3d68c23-144c-48c6-8fd9-8ec21febcdb2'),
	('c8bb8cc4-8a72-4735-ae4b-4df5ce78c4e9', '16bcbaff-9d1f-472d-87f8-602ffdae6e34'),
	('c8bb8cc4-8a72-4735-ae4b-4df5ce78c4e9', '4e7e4277-309f-4b39-8ac0-3a352438cd83'),
	('bab9a66b-05b8-4799-8dfb-b43af8a4b742', 'b3d68c23-144c-48c6-8fd9-8ec21febcdb2'),
	('bab9a66b-05b8-4799-8dfb-b43af8a4b742', '16bcbaff-9d1f-472d-87f8-602ffdae6e34'),
	('bab9a66b-05b8-4799-8dfb-b43af8a4b742', '4e7e4277-309f-4b39-8ac0-3a352438cd83'),
	('e5cee276-0f38-4566-a2cf-7ac22df86744', 'b3d68c23-144c-48c6-8fd9-8ec21febcdb2'),
	('e5cee276-0f38-4566-a2cf-7ac22df86744', '16bcbaff-9d1f-472d-87f8-602ffdae6e34'),
	('e5cee276-0f38-4566-a2cf-7ac22df86744', '4e7e4277-309f-4b39-8ac0-3a352438cd83'),
	('a56a60db-a0b3-4df4-a8e3-401e96c81ce3', 'b3d68c23-144c-48c6-8fd9-8ec21febcdb2'),
	('a56a60db-a0b3-4df4-a8e3-401e96c81ce3', '16bcbaff-9d1f-472d-87f8-602ffdae6e34'),
	('a56a60db-a0b3-4df4-a8e3-401e96c81ce3', '4e7e4277-309f-4b39-8ac0-3a352438cd83'),
	('03952787-ea2f-4013-867d-618dcdadbca3', '4e7e4277-309f-4b39-8ac0-3a352438cd83'),
	('03952787-ea2f-4013-867d-618dcdadbca3', 'b3d68c23-144c-48c6-8fd9-8ec21febcdb2'),
	('03452547-e055-4ff5-874c-fac337b98f5d', '4e7e4277-309f-4b39-8ac0-3a352438cd83'),
	('03452547-e055-4ff5-874c-fac337b98f5d', 'b3d68c23-144c-48c6-8fd9-8ec21febcdb2'),
	('497a5ba8-fb3f-435e-a3bf-8e1b1de8cda2', '4e7e4277-309f-4b39-8ac0-3a352438cd83'),
	('497a5ba8-fb3f-435e-a3bf-8e1b1de8cda2', 'b3d68c23-144c-48c6-8fd9-8ec21febcdb2'),
	('497a5ba8-fb3f-435e-a3bf-8e1b1de8cda2', '301525ec-6c7f-444b-b557-f2079c88011d'),
	('e24e4a1c-9819-4bf6-a2d1-01bc8557ec55', '4e7e4277-309f-4b39-8ac0-3a352438cd83'),
	('e24e4a1c-9819-4bf6-a2d1-01bc8557ec55', 'b3d68c23-144c-48c6-8fd9-8ec21febcdb2'),
	('e24e4a1c-9819-4bf6-a2d1-01bc8557ec55', '301525ec-6c7f-444b-b557-f2079c88011d'),
	('ff87d970-28e0-4fc3-8cb6-a71522ccb834', '4e7e4277-309f-4b39-8ac0-3a352438cd83'),
	('ff87d970-28e0-4fc3-8cb6-a71522ccb834', 'b3d68c23-144c-48c6-8fd9-8ec21febcdb2'),
	('ff87d970-28e0-4fc3-8cb6-a71522ccb834', '301525ec-6c7f-444b-b557-f2079c88011d'),
	('f69a0032-c58f-49d7-816e-709195e158e2', '4e7e4277-309f-4b39-8ac0-3a352438cd83'),
	('deac7d01-142f-492e-bf3a-4dfa399bc0e6', '4e7e4277-309f-4b39-8ac0-3a352438cd83'),
	('deac7d01-142f-492e-bf3a-4dfa399bc0e6', '16bcbaff-9d1f-472d-87f8-602ffdae6e34'),
	('deac7d01-142f-492e-bf3a-4dfa399bc0e6', 'b3d68c23-144c-48c6-8fd9-8ec21febcdb2'),
	('02040ba4-edba-49e8-b438-adffc58589af', 'b3d68c23-144c-48c6-8fd9-8ec21febcdb2'),
	('02040ba4-edba-49e8-b438-adffc58589af', '16bcbaff-9d1f-472d-87f8-602ffdae6e34'),
	('02040ba4-edba-49e8-b438-adffc58589af', '4e7e4277-309f-4b39-8ac0-3a352438cd83'),
	('dbd881bd-f45e-4b31-9e03-e91b6225f8d1', 'b3d68c23-144c-48c6-8fd9-8ec21febcdb2'),
	('dbd881bd-f45e-4b31-9e03-e91b6225f8d1', '16bcbaff-9d1f-472d-87f8-602ffdae6e34'),
	('dbd881bd-f45e-4b31-9e03-e91b6225f8d1', '4e7e4277-309f-4b39-8ac0-3a352438cd83'),
	('a36e9a57-b53a-4444-bd6e-f00449466d24', 'b3d68c23-144c-48c6-8fd9-8ec21febcdb2'),
	('a36e9a57-b53a-4444-bd6e-f00449466d24', '16bcbaff-9d1f-472d-87f8-602ffdae6e34'),
	('a36e9a57-b53a-4444-bd6e-f00449466d24', '4e7e4277-309f-4b39-8ac0-3a352438cd83'),
	('6b600317-390f-4426-90a2-18112d877413', '4e7e4277-309f-4b39-8ac0-3a352438cd83'),
	('6b600317-390f-4426-90a2-18112d877413', 'b3d68c23-144c-48c6-8fd9-8ec21febcdb2'),
	('13e896a6-7bbc-4175-8cb4-1045a9b5aff9', '4e7e4277-309f-4b39-8ac0-3a352438cd83'),
	('13e896a6-7bbc-4175-8cb4-1045a9b5aff9', 'b3d68c23-144c-48c6-8fd9-8ec21febcdb2'),
	('13e896a6-7bbc-4175-8cb4-1045a9b5aff9', '301525ec-6c7f-444b-b557-f2079c88011d'),
	('67a78e2d-c0b3-4c41-84d8-a4620c18501c', '4e7e4277-309f-4b39-8ac0-3a352438cd83'),
	('67a78e2d-c0b3-4c41-84d8-a4620c18501c', 'b3d68c23-144c-48c6-8fd9-8ec21febcdb2'),
	('cb05ff1c-ec64-41bd-8cfa-3f18633b4eaf', '4e7e4277-309f-4b39-8ac0-3a352438cd83'),
	('25bf30a0-d9d9-402e-b668-d2aa947f6c43', '4e7e4277-309f-4b39-8ac0-3a352438cd83'),
	('25bf30a0-d9d9-402e-b668-d2aa947f6c43', 'b3d68c23-144c-48c6-8fd9-8ec21febcdb2'),
	('ba00faa0-51f8-46f1-bdc0-e3ed42bbe6d0', '4e7e4277-309f-4b39-8ac0-3a352438cd83'),
	('ba00faa0-51f8-46f1-bdc0-e3ed42bbe6d0', '16bcbaff-9d1f-472d-87f8-602ffdae6e34'),
	('ba00faa0-51f8-46f1-bdc0-e3ed42bbe6d0', 'b3d68c23-144c-48c6-8fd9-8ec21febcdb2'),
	('07d82536-e863-4dfc-b72d-765e08455734', '4e7e4277-309f-4b39-8ac0-3a352438cd83'),
	('07d82536-e863-4dfc-b72d-765e08455734', 'b3d68c23-144c-48c6-8fd9-8ec21febcdb2'),
	('07d82536-e863-4dfc-b72d-765e08455734', '16bcbaff-9d1f-472d-87f8-602ffdae6e34'),
	('7dd84855-ecb0-43d7-944b-46ec77e146e6', '4e7e4277-309f-4b39-8ac0-3a352438cd83'),
	('7dd84855-ecb0-43d7-944b-46ec77e146e6', '16bcbaff-9d1f-472d-87f8-602ffdae6e34'),
	('7dd84855-ecb0-43d7-944b-46ec77e146e6', 'b3d68c23-144c-48c6-8fd9-8ec21febcdb2'),
	('87144443-502c-46c8-820c-551806c23e90', '4e7e4277-309f-4b39-8ac0-3a352438cd83'),
	('87144443-502c-46c8-820c-551806c23e90', '16bcbaff-9d1f-472d-87f8-602ffdae6e34'),
	('87144443-502c-46c8-820c-551806c23e90', 'b3d68c23-144c-48c6-8fd9-8ec21febcdb2'),
	('e906f7a1-646e-4b2c-a40d-ff6e6cd46fbb', '4e7e4277-309f-4b39-8ac0-3a352438cd83'),
	('e906f7a1-646e-4b2c-a40d-ff6e6cd46fbb', '16bcbaff-9d1f-472d-87f8-602ffdae6e34'),
	('e906f7a1-646e-4b2c-a40d-ff6e6cd46fbb', 'b3d68c23-144c-48c6-8fd9-8ec21febcdb2'),
	('5c6654f0-7b1a-4962-9665-d16a246b1ae7', '4e7e4277-309f-4b39-8ac0-3a352438cd83'),
	('5c6654f0-7b1a-4962-9665-d16a246b1ae7', '16bcbaff-9d1f-472d-87f8-602ffdae6e34'),
	('5c6654f0-7b1a-4962-9665-d16a246b1ae7', 'b3d68c23-144c-48c6-8fd9-8ec21febcdb2'),
	('50a540cb-673f-4837-9c33-7a012519c4f0', '4e7e4277-309f-4b39-8ac0-3a352438cd83'),
	('50a540cb-673f-4837-9c33-7a012519c4f0', 'b3d68c23-144c-48c6-8fd9-8ec21febcdb2'),
	('50a540cb-673f-4837-9c33-7a012519c4f0', '16bcbaff-9d1f-472d-87f8-602ffdae6e34'),
	('67624fe7-f7fb-4b8d-aefb-b4a45a333c02', '4e7e4277-309f-4b39-8ac0-3a352438cd83'),
	('67624fe7-f7fb-4b8d-aefb-b4a45a333c02', '16bcbaff-9d1f-472d-87f8-602ffdae6e34'),
	('eca17e8c-b2b1-4d48-84b7-4b636310c443', '4e7e4277-309f-4b39-8ac0-3a352438cd83'),
	('eca17e8c-b2b1-4d48-84b7-4b636310c443', '16bcbaff-9d1f-472d-87f8-602ffdae6e34'),
	('eca17e8c-b2b1-4d48-84b7-4b636310c443', '301525ec-6c7f-444b-b557-f2079c88011d'),
	('57d63447-39ed-4786-a222-8edb4d56781c', '4e7e4277-309f-4b39-8ac0-3a352438cd83'),
	('57d63447-39ed-4786-a222-8edb4d56781c', 'b3d68c23-144c-48c6-8fd9-8ec21febcdb2'),
	('4a0dbfec-00bf-4807-87ed-fcb7a72be8cc', '4e7e4277-309f-4b39-8ac0-3a352438cd83'),
	('4a0dbfec-00bf-4807-87ed-fcb7a72be8cc', 'b3d68c23-144c-48c6-8fd9-8ec21febcdb2'),
	('4a0dbfec-00bf-4807-87ed-fcb7a72be8cc', '16bcbaff-9d1f-472d-87f8-602ffdae6e34'),
	('514dd5d0-d4be-4f4e-b9d4-7996d87bf821', '4e7e4277-309f-4b39-8ac0-3a352438cd83'),
	('514dd5d0-d4be-4f4e-b9d4-7996d87bf821', 'b3d68c23-144c-48c6-8fd9-8ec21febcdb2'),
	('e4cd93dd-acac-4dc1-b105-bcf584ae558a', '4e7e4277-309f-4b39-8ac0-3a352438cd83'),
	('e4cd93dd-acac-4dc1-b105-bcf584ae558a', 'b3d68c23-144c-48c6-8fd9-8ec21febcdb2'),
	('37f0360e-148a-4b4a-895f-710f5266af07', '4e7e4277-309f-4b39-8ac0-3a352438cd83'),
	('37f0360e-148a-4b4a-895f-710f5266af07', 'b3d68c23-144c-48c6-8fd9-8ec21febcdb2'),
	('d04f24b3-edc3-4c1f-af08-c451f4998917', '4e7e4277-309f-4b39-8ac0-3a352438cd83'),
	('d04f24b3-edc3-4c1f-af08-c451f4998917', 'b3d68c23-144c-48c6-8fd9-8ec21febcdb2'),
	('817eac20-91dc-4ff5-a572-7bf98c23ee9b', '4e7e4277-309f-4b39-8ac0-3a352438cd83'),
	('817eac20-91dc-4ff5-a572-7bf98c23ee9b', 'b3d68c23-144c-48c6-8fd9-8ec21febcdb2');


--
-- Data for Name: report_signatures; Type: TABLE DATA; Schema: public; Owner: postgres
--



--
-- Data for Name: specialised_training; Type: TABLE DATA; Schema: public; Owner: postgres
--

INSERT INTO "ebt"."specialised_training" ("id", "code", "name", "active", "sort_order") VALUES
	('73264999-c850-449b-9bc9-d55daeadf777', 'CFIT_GPWS', 'CFIT/GPWS', true, 1),
	('dc5cbd4c-a6c1-4e6c-9e42-da106b66c50c', 'EDTO_ETOPS', 'EDTO/ETOPS', true, 2),
	('afee40e9-6632-4435-8124-5b768aed8855', 'ACAS_TCAS', 'ACAS/TCAS', true, 3),
	('d45c4737-7b02-412f-97df-9587711594e2', 'WINDSHEAR', 'Windshear', true, 4),
	('fb81296b-dcc3-41f0-9beb-0eef370a47e7', 'VOLCANIC_ASH', 'Volcanic Ash', true, 5),
	('83f48f8d-c973-4cd0-ab38-0782d8b99839', 'UPRT_UPSET', 'UPRT/UPSET Recovery', true, 6),
	('05caad5f-e507-416c-aaa3-b679b346d827', 'THUNDERSTORM', 'Thunderstorm Avoidance', true, 7),
	('a87674fb-2db4-41b1-94e1-97b997ca3d15', 'HOT_COLD_WX', 'Hot/Cold Weather Operations', true, 8),
	('f15d64e8-f99a-4cc7-94a2-ddb890604bee', 'PBN', 'PBN', true, 9);


--
-- Data for Name: report_specialised_training; Type: TABLE DATA; Schema: public; Owner: postgres
--

INSERT INTO "ebt"."report_specialised_training" ("report_id", "specialised_training_id") VALUES
	('dcaddb87-3171-4580-8b15-1370f42452f3', '05caad5f-e507-416c-aaa3-b679b346d827'),
	('702224c0-8efc-43ee-90e4-9dae5a61e10b', '05caad5f-e507-416c-aaa3-b679b346d827'),
	('702224c0-8efc-43ee-90e4-9dae5a61e10b', 'f15d64e8-f99a-4cc7-94a2-ddb890604bee'),
	('dfd07f04-3c22-421e-8290-0bc7af822b25', '05caad5f-e507-416c-aaa3-b679b346d827'),
	('dfd07f04-3c22-421e-8290-0bc7af822b25', 'f15d64e8-f99a-4cc7-94a2-ddb890604bee'),
	('c2a7e692-17de-4308-a148-9c10e6d7e3b5', '73264999-c850-449b-9bc9-d55daeadf777'),
	('c2a7e692-17de-4308-a148-9c10e6d7e3b5', 'dc5cbd4c-a6c1-4e6c-9e42-da106b66c50c'),
	('c2a7e692-17de-4308-a148-9c10e6d7e3b5', 'afee40e9-6632-4435-8124-5b768aed8855'),
	('c2a7e692-17de-4308-a148-9c10e6d7e3b5', 'd45c4737-7b02-412f-97df-9587711594e2'),
	('c2a7e692-17de-4308-a148-9c10e6d7e3b5', 'fb81296b-dcc3-41f0-9beb-0eef370a47e7'),
	('bc56387f-eb19-43a9-a59a-584952db41b1', '73264999-c850-449b-9bc9-d55daeadf777'),
	('bc56387f-eb19-43a9-a59a-584952db41b1', 'dc5cbd4c-a6c1-4e6c-9e42-da106b66c50c'),
	('bc56387f-eb19-43a9-a59a-584952db41b1', 'afee40e9-6632-4435-8124-5b768aed8855'),
	('bc56387f-eb19-43a9-a59a-584952db41b1', 'd45c4737-7b02-412f-97df-9587711594e2'),
	('bc56387f-eb19-43a9-a59a-584952db41b1', 'fb81296b-dcc3-41f0-9beb-0eef370a47e7'),
	('f4e66f7a-5215-4552-8dee-d58bef5a6731', '73264999-c850-449b-9bc9-d55daeadf777'),
	('f4e66f7a-5215-4552-8dee-d58bef5a6731', 'dc5cbd4c-a6c1-4e6c-9e42-da106b66c50c'),
	('f4e66f7a-5215-4552-8dee-d58bef5a6731', 'afee40e9-6632-4435-8124-5b768aed8855'),
	('f4e66f7a-5215-4552-8dee-d58bef5a6731', 'd45c4737-7b02-412f-97df-9587711594e2'),
	('f4e66f7a-5215-4552-8dee-d58bef5a6731', 'fb81296b-dcc3-41f0-9beb-0eef370a47e7'),
	('eb1a88f3-be73-4c70-8c05-43e3b35a34f5', '73264999-c850-449b-9bc9-d55daeadf777'),
	('eb1a88f3-be73-4c70-8c05-43e3b35a34f5', 'dc5cbd4c-a6c1-4e6c-9e42-da106b66c50c'),
	('eb1a88f3-be73-4c70-8c05-43e3b35a34f5', 'afee40e9-6632-4435-8124-5b768aed8855'),
	('eb1a88f3-be73-4c70-8c05-43e3b35a34f5', 'd45c4737-7b02-412f-97df-9587711594e2'),
	('eb1a88f3-be73-4c70-8c05-43e3b35a34f5', 'fb81296b-dcc3-41f0-9beb-0eef370a47e7'),
	('221bbf67-ea20-4ca9-aa15-7ec1ef26358a', 'd45c4737-7b02-412f-97df-9587711594e2'),
	('61659ad9-2e76-418c-94f8-67a6f5651a8e', 'd45c4737-7b02-412f-97df-9587711594e2'),
	('61659ad9-2e76-418c-94f8-67a6f5651a8e', 'afee40e9-6632-4435-8124-5b768aed8855'),
	('61659ad9-2e76-418c-94f8-67a6f5651a8e', 'fb81296b-dcc3-41f0-9beb-0eef370a47e7'),
	('37239ea4-5c1c-4415-9977-2747a3cc3895', 'afee40e9-6632-4435-8124-5b768aed8855'),
	('37239ea4-5c1c-4415-9977-2747a3cc3895', 'd45c4737-7b02-412f-97df-9587711594e2'),
	('3eaf0f13-eb8d-43e4-8ec1-ec2c4ce958c9', '73264999-c850-449b-9bc9-d55daeadf777'),
	('3eaf0f13-eb8d-43e4-8ec1-ec2c4ce958c9', 'afee40e9-6632-4435-8124-5b768aed8855'),
	('8f473040-9309-4421-bd52-7608bc6847b4', 'afee40e9-6632-4435-8124-5b768aed8855'),
	('5a3d455f-28f2-4c1b-86c8-f76278e212bc', '73264999-c850-449b-9bc9-d55daeadf777'),
	('12553404-8736-4817-a797-d089aadb5b4c', 'fb81296b-dcc3-41f0-9beb-0eef370a47e7'),
	('12553404-8736-4817-a797-d089aadb5b4c', 'd45c4737-7b02-412f-97df-9587711594e2'),
	('13547c93-83bf-448c-914a-e9b167626409', 'afee40e9-6632-4435-8124-5b768aed8855'),
	('13547c93-83bf-448c-914a-e9b167626409', 'fb81296b-dcc3-41f0-9beb-0eef370a47e7'),
	('13547c93-83bf-448c-914a-e9b167626409', 'd45c4737-7b02-412f-97df-9587711594e2'),
	('73efaa3c-43db-447c-8cb9-c2b37717a475', '73264999-c850-449b-9bc9-d55daeadf777'),
	('73efaa3c-43db-447c-8cb9-c2b37717a475', 'd45c4737-7b02-412f-97df-9587711594e2'),
	('73efaa3c-43db-447c-8cb9-c2b37717a475', 'afee40e9-6632-4435-8124-5b768aed8855'),
	('73efaa3c-43db-447c-8cb9-c2b37717a475', 'dc5cbd4c-a6c1-4e6c-9e42-da106b66c50c'),
	('73efaa3c-43db-447c-8cb9-c2b37717a475', 'f15d64e8-f99a-4cc7-94a2-ddb890604bee'),
	('732d751a-6dd6-46c7-bfc0-f4dc86c22aa5', 'fb81296b-dcc3-41f0-9beb-0eef370a47e7'),
	('732d751a-6dd6-46c7-bfc0-f4dc86c22aa5', 'd45c4737-7b02-412f-97df-9587711594e2'),
	('732d751a-6dd6-46c7-bfc0-f4dc86c22aa5', 'afee40e9-6632-4435-8124-5b768aed8855'),
	('732d751a-6dd6-46c7-bfc0-f4dc86c22aa5', 'dc5cbd4c-a6c1-4e6c-9e42-da106b66c50c'),
	('732d751a-6dd6-46c7-bfc0-f4dc86c22aa5', 'f15d64e8-f99a-4cc7-94a2-ddb890604bee'),
	('9c2195c1-27f5-48e5-bff3-28e51fba97c8', 'fb81296b-dcc3-41f0-9beb-0eef370a47e7'),
	('2e5fa7f0-69ab-4db7-b2ff-6e17c8f1031f', 'fb81296b-dcc3-41f0-9beb-0eef370a47e7'),
	('fbd79c7c-a164-4d18-9518-2597eaa275f1', '73264999-c850-449b-9bc9-d55daeadf777'),
	('fbd79c7c-a164-4d18-9518-2597eaa275f1', 'dc5cbd4c-a6c1-4e6c-9e42-da106b66c50c'),
	('fbd79c7c-a164-4d18-9518-2597eaa275f1', 'afee40e9-6632-4435-8124-5b768aed8855'),
	('fbd79c7c-a164-4d18-9518-2597eaa275f1', 'd45c4737-7b02-412f-97df-9587711594e2'),
	('fbd79c7c-a164-4d18-9518-2597eaa275f1', 'fb81296b-dcc3-41f0-9beb-0eef370a47e7'),
	('717b9d82-0701-4cce-96f9-b8c0e2844da0', '73264999-c850-449b-9bc9-d55daeadf777'),
	('717b9d82-0701-4cce-96f9-b8c0e2844da0', 'dc5cbd4c-a6c1-4e6c-9e42-da106b66c50c'),
	('717b9d82-0701-4cce-96f9-b8c0e2844da0', 'afee40e9-6632-4435-8124-5b768aed8855'),
	('717b9d82-0701-4cce-96f9-b8c0e2844da0', 'd45c4737-7b02-412f-97df-9587711594e2'),
	('717b9d82-0701-4cce-96f9-b8c0e2844da0', 'fb81296b-dcc3-41f0-9beb-0eef370a47e7'),
	('72f937ca-4aa9-48c9-ae6d-f8e590e82741', '73264999-c850-449b-9bc9-d55daeadf777'),
	('72f937ca-4aa9-48c9-ae6d-f8e590e82741', 'dc5cbd4c-a6c1-4e6c-9e42-da106b66c50c'),
	('72f937ca-4aa9-48c9-ae6d-f8e590e82741', 'afee40e9-6632-4435-8124-5b768aed8855'),
	('72f937ca-4aa9-48c9-ae6d-f8e590e82741', 'd45c4737-7b02-412f-97df-9587711594e2'),
	('72f937ca-4aa9-48c9-ae6d-f8e590e82741', 'fb81296b-dcc3-41f0-9beb-0eef370a47e7'),
	('ce3a1410-fec6-4801-808f-1c37eb701dd9', '73264999-c850-449b-9bc9-d55daeadf777'),
	('ce3a1410-fec6-4801-808f-1c37eb701dd9', 'dc5cbd4c-a6c1-4e6c-9e42-da106b66c50c'),
	('ce3a1410-fec6-4801-808f-1c37eb701dd9', 'afee40e9-6632-4435-8124-5b768aed8855'),
	('ce3a1410-fec6-4801-808f-1c37eb701dd9', 'd45c4737-7b02-412f-97df-9587711594e2'),
	('ce3a1410-fec6-4801-808f-1c37eb701dd9', 'fb81296b-dcc3-41f0-9beb-0eef370a47e7'),
	('0b38ba1c-843a-4e64-ae7f-4914a7a520ce', '73264999-c850-449b-9bc9-d55daeadf777'),
	('0b38ba1c-843a-4e64-ae7f-4914a7a520ce', 'dc5cbd4c-a6c1-4e6c-9e42-da106b66c50c'),
	('0b38ba1c-843a-4e64-ae7f-4914a7a520ce', 'afee40e9-6632-4435-8124-5b768aed8855'),
	('0b38ba1c-843a-4e64-ae7f-4914a7a520ce', 'd45c4737-7b02-412f-97df-9587711594e2'),
	('0b38ba1c-843a-4e64-ae7f-4914a7a520ce', 'fb81296b-dcc3-41f0-9beb-0eef370a47e7'),
	('340e5cd5-6460-40e7-9d9c-bcc3580cb7a5', '73264999-c850-449b-9bc9-d55daeadf777'),
	('340e5cd5-6460-40e7-9d9c-bcc3580cb7a5', 'dc5cbd4c-a6c1-4e6c-9e42-da106b66c50c'),
	('340e5cd5-6460-40e7-9d9c-bcc3580cb7a5', 'afee40e9-6632-4435-8124-5b768aed8855'),
	('340e5cd5-6460-40e7-9d9c-bcc3580cb7a5', 'd45c4737-7b02-412f-97df-9587711594e2'),
	('340e5cd5-6460-40e7-9d9c-bcc3580cb7a5', 'fb81296b-dcc3-41f0-9beb-0eef370a47e7'),
	('d0a04c01-3b05-412e-aea7-661ef6e6150b', '83f48f8d-c973-4cd0-ab38-0782d8b99839'),
	('1f6a7264-36f9-496e-8ddf-5cf004b3ae40', '83f48f8d-c973-4cd0-ab38-0782d8b99839'),
	('fd16738e-7418-4389-b9a8-9675c63bfdee', '83f48f8d-c973-4cd0-ab38-0782d8b99839'),
	('a5c771b1-91d4-4aa1-b1a2-ab5a7536bf83', '83f48f8d-c973-4cd0-ab38-0782d8b99839'),
	('8e8fe907-de08-4896-a1b3-7ad498dd7c21', '83f48f8d-c973-4cd0-ab38-0782d8b99839'),
	('186ef48f-4497-4c91-9866-043acc6c6190', '83f48f8d-c973-4cd0-ab38-0782d8b99839'),
	('0d99a13c-2665-47ac-baa3-1d52f41bfdb6', '83f48f8d-c973-4cd0-ab38-0782d8b99839'),
	('65bed9a0-5d0f-428b-a174-4f1fbdba1b9c', '83f48f8d-c973-4cd0-ab38-0782d8b99839'),
	('f57b5fa1-dc98-4889-af93-5ce639c8ea8b', '83f48f8d-c973-4cd0-ab38-0782d8b99839'),
	('9eefeee7-bd66-4a2b-a0cd-0d1cad86ddf7', '83f48f8d-c973-4cd0-ab38-0782d8b99839'),
	('1cafd24f-bb93-44c5-adfe-a984216db074', '83f48f8d-c973-4cd0-ab38-0782d8b99839'),
	('a20103af-66cb-42e5-a6f9-3daa70d23513', '83f48f8d-c973-4cd0-ab38-0782d8b99839'),
	('70a42929-697c-4e39-88d0-e3b364fe255e', '83f48f8d-c973-4cd0-ab38-0782d8b99839'),
	('a81adc5d-c382-47b5-b295-cda9bd9a8a9c', '83f48f8d-c973-4cd0-ab38-0782d8b99839'),
	('358642c9-cb19-443e-ba2f-d0c36f796cf3', '83f48f8d-c973-4cd0-ab38-0782d8b99839'),
	('42e976b7-79cd-40ff-bb9f-a5254e609419', '83f48f8d-c973-4cd0-ab38-0782d8b99839'),
	('b94ef00b-1074-4fe5-a7f8-117b780c8536', '83f48f8d-c973-4cd0-ab38-0782d8b99839'),
	('b94ef00b-1074-4fe5-a7f8-117b780c8536', '05caad5f-e507-416c-aaa3-b679b346d827'),
	('67eb096c-0137-4f1a-a08f-05753441db81', '83f48f8d-c973-4cd0-ab38-0782d8b99839'),
	('67eb096c-0137-4f1a-a08f-05753441db81', '05caad5f-e507-416c-aaa3-b679b346d827'),
	('24ea840b-d0ec-45fc-bca1-d24f3a0fc582', '83f48f8d-c973-4cd0-ab38-0782d8b99839'),
	('24ea840b-d0ec-45fc-bca1-d24f3a0fc582', '05caad5f-e507-416c-aaa3-b679b346d827'),
	('c8bb8cc4-8a72-4735-ae4b-4df5ce78c4e9', '83f48f8d-c973-4cd0-ab38-0782d8b99839'),
	('c8bb8cc4-8a72-4735-ae4b-4df5ce78c4e9', '05caad5f-e507-416c-aaa3-b679b346d827'),
	('bab9a66b-05b8-4799-8dfb-b43af8a4b742', '83f48f8d-c973-4cd0-ab38-0782d8b99839'),
	('bab9a66b-05b8-4799-8dfb-b43af8a4b742', '05caad5f-e507-416c-aaa3-b679b346d827'),
	('e5cee276-0f38-4566-a2cf-7ac22df86744', '83f48f8d-c973-4cd0-ab38-0782d8b99839'),
	('e5cee276-0f38-4566-a2cf-7ac22df86744', '05caad5f-e507-416c-aaa3-b679b346d827'),
	('02040ba4-edba-49e8-b438-adffc58589af', '83f48f8d-c973-4cd0-ab38-0782d8b99839'),
	('02040ba4-edba-49e8-b438-adffc58589af', '05caad5f-e507-416c-aaa3-b679b346d827'),
	('a56a60db-a0b3-4df4-a8e3-401e96c81ce3', '83f48f8d-c973-4cd0-ab38-0782d8b99839'),
	('a56a60db-a0b3-4df4-a8e3-401e96c81ce3', '05caad5f-e507-416c-aaa3-b679b346d827'),
	('dbd881bd-f45e-4b31-9e03-e91b6225f8d1', '83f48f8d-c973-4cd0-ab38-0782d8b99839'),
	('dbd881bd-f45e-4b31-9e03-e91b6225f8d1', '05caad5f-e507-416c-aaa3-b679b346d827'),
	('03952787-ea2f-4013-867d-618dcdadbca3', 'd45c4737-7b02-412f-97df-9587711594e2'),
	('03952787-ea2f-4013-867d-618dcdadbca3', '05caad5f-e507-416c-aaa3-b679b346d827'),
	('a36e9a57-b53a-4444-bd6e-f00449466d24', '83f48f8d-c973-4cd0-ab38-0782d8b99839'),
	('a36e9a57-b53a-4444-bd6e-f00449466d24', '05caad5f-e507-416c-aaa3-b679b346d827'),
	('03452547-e055-4ff5-874c-fac337b98f5d', 'd45c4737-7b02-412f-97df-9587711594e2'),
	('6b600317-390f-4426-90a2-18112d877413', 'd45c4737-7b02-412f-97df-9587711594e2'),
	('497a5ba8-fb3f-435e-a3bf-8e1b1de8cda2', 'd45c4737-7b02-412f-97df-9587711594e2'),
	('497a5ba8-fb3f-435e-a3bf-8e1b1de8cda2', '83f48f8d-c973-4cd0-ab38-0782d8b99839'),
	('13e896a6-7bbc-4175-8cb4-1045a9b5aff9', 'd45c4737-7b02-412f-97df-9587711594e2'),
	('13e896a6-7bbc-4175-8cb4-1045a9b5aff9', '05caad5f-e507-416c-aaa3-b679b346d827'),
	('e24e4a1c-9819-4bf6-a2d1-01bc8557ec55', 'd45c4737-7b02-412f-97df-9587711594e2'),
	('e24e4a1c-9819-4bf6-a2d1-01bc8557ec55', '05caad5f-e507-416c-aaa3-b679b346d827'),
	('67a78e2d-c0b3-4c41-84d8-a4620c18501c', 'd45c4737-7b02-412f-97df-9587711594e2'),
	('67a78e2d-c0b3-4c41-84d8-a4620c18501c', '05caad5f-e507-416c-aaa3-b679b346d827'),
	('67a78e2d-c0b3-4c41-84d8-a4620c18501c', 'afee40e9-6632-4435-8124-5b768aed8855'),
	('67a78e2d-c0b3-4c41-84d8-a4620c18501c', '83f48f8d-c973-4cd0-ab38-0782d8b99839'),
	('ff87d970-28e0-4fc3-8cb6-a71522ccb834', 'd45c4737-7b02-412f-97df-9587711594e2'),
	('ff87d970-28e0-4fc3-8cb6-a71522ccb834', '05caad5f-e507-416c-aaa3-b679b346d827'),
	('ff87d970-28e0-4fc3-8cb6-a71522ccb834', 'afee40e9-6632-4435-8124-5b768aed8855'),
	('ff87d970-28e0-4fc3-8cb6-a71522ccb834', '83f48f8d-c973-4cd0-ab38-0782d8b99839'),
	('ff87d970-28e0-4fc3-8cb6-a71522ccb834', 'f15d64e8-f99a-4cc7-94a2-ddb890604bee'),
	('f69a0032-c58f-49d7-816e-709195e158e2', 'afee40e9-6632-4435-8124-5b768aed8855'),
	('f69a0032-c58f-49d7-816e-709195e158e2', 'd45c4737-7b02-412f-97df-9587711594e2'),
	('f69a0032-c58f-49d7-816e-709195e158e2', '05caad5f-e507-416c-aaa3-b679b346d827'),
	('cb05ff1c-ec64-41bd-8cfa-3f18633b4eaf', 'd45c4737-7b02-412f-97df-9587711594e2'),
	('7a7ef4c2-9789-48d6-9fb6-b3bbe4808b49', 'd45c4737-7b02-412f-97df-9587711594e2'),
	('25bf30a0-d9d9-402e-b668-d2aa947f6c43', 'afee40e9-6632-4435-8124-5b768aed8855'),
	('25bf30a0-d9d9-402e-b668-d2aa947f6c43', 'd45c4737-7b02-412f-97df-9587711594e2'),
	('25bf30a0-d9d9-402e-b668-d2aa947f6c43', '05caad5f-e507-416c-aaa3-b679b346d827'),
	('deac7d01-142f-492e-bf3a-4dfa399bc0e6', 'afee40e9-6632-4435-8124-5b768aed8855'),
	('deac7d01-142f-492e-bf3a-4dfa399bc0e6', 'd45c4737-7b02-412f-97df-9587711594e2'),
	('deac7d01-142f-492e-bf3a-4dfa399bc0e6', '83f48f8d-c973-4cd0-ab38-0782d8b99839'),
	('deac7d01-142f-492e-bf3a-4dfa399bc0e6', '05caad5f-e507-416c-aaa3-b679b346d827'),
	('deac7d01-142f-492e-bf3a-4dfa399bc0e6', 'f15d64e8-f99a-4cc7-94a2-ddb890604bee'),
	('ba00faa0-51f8-46f1-bdc0-e3ed42bbe6d0', 'afee40e9-6632-4435-8124-5b768aed8855'),
	('ba00faa0-51f8-46f1-bdc0-e3ed42bbe6d0', 'd45c4737-7b02-412f-97df-9587711594e2'),
	('ba00faa0-51f8-46f1-bdc0-e3ed42bbe6d0', '83f48f8d-c973-4cd0-ab38-0782d8b99839'),
	('ba00faa0-51f8-46f1-bdc0-e3ed42bbe6d0', '05caad5f-e507-416c-aaa3-b679b346d827'),
	('ba00faa0-51f8-46f1-bdc0-e3ed42bbe6d0', 'f15d64e8-f99a-4cc7-94a2-ddb890604bee'),
	('07d82536-e863-4dfc-b72d-765e08455734', 'afee40e9-6632-4435-8124-5b768aed8855'),
	('07d82536-e863-4dfc-b72d-765e08455734', 'd45c4737-7b02-412f-97df-9587711594e2'),
	('07d82536-e863-4dfc-b72d-765e08455734', '05caad5f-e507-416c-aaa3-b679b346d827'),
	('7dd84855-ecb0-43d7-944b-46ec77e146e6', 'afee40e9-6632-4435-8124-5b768aed8855'),
	('7dd84855-ecb0-43d7-944b-46ec77e146e6', 'd45c4737-7b02-412f-97df-9587711594e2'),
	('7dd84855-ecb0-43d7-944b-46ec77e146e6', '83f48f8d-c973-4cd0-ab38-0782d8b99839'),
	('7dd84855-ecb0-43d7-944b-46ec77e146e6', '05caad5f-e507-416c-aaa3-b679b346d827'),
	('7dd84855-ecb0-43d7-944b-46ec77e146e6', 'f15d64e8-f99a-4cc7-94a2-ddb890604bee'),
	('87144443-502c-46c8-820c-551806c23e90', 'afee40e9-6632-4435-8124-5b768aed8855'),
	('87144443-502c-46c8-820c-551806c23e90', 'd45c4737-7b02-412f-97df-9587711594e2'),
	('87144443-502c-46c8-820c-551806c23e90', '83f48f8d-c973-4cd0-ab38-0782d8b99839'),
	('87144443-502c-46c8-820c-551806c23e90', '05caad5f-e507-416c-aaa3-b679b346d827'),
	('87144443-502c-46c8-820c-551806c23e90', 'f15d64e8-f99a-4cc7-94a2-ddb890604bee'),
	('e906f7a1-646e-4b2c-a40d-ff6e6cd46fbb', 'afee40e9-6632-4435-8124-5b768aed8855'),
	('e906f7a1-646e-4b2c-a40d-ff6e6cd46fbb', 'd45c4737-7b02-412f-97df-9587711594e2'),
	('e906f7a1-646e-4b2c-a40d-ff6e6cd46fbb', '05caad5f-e507-416c-aaa3-b679b346d827'),
	('5c6654f0-7b1a-4962-9665-d16a246b1ae7', 'afee40e9-6632-4435-8124-5b768aed8855'),
	('5c6654f0-7b1a-4962-9665-d16a246b1ae7', 'd45c4737-7b02-412f-97df-9587711594e2'),
	('5c6654f0-7b1a-4962-9665-d16a246b1ae7', '05caad5f-e507-416c-aaa3-b679b346d827'),
	('50a540cb-673f-4837-9c33-7a012519c4f0', 'afee40e9-6632-4435-8124-5b768aed8855'),
	('50a540cb-673f-4837-9c33-7a012519c4f0', '05caad5f-e507-416c-aaa3-b679b346d827'),
	('50a540cb-673f-4837-9c33-7a012519c4f0', 'f15d64e8-f99a-4cc7-94a2-ddb890604bee'),
	('67624fe7-f7fb-4b8d-aefb-b4a45a333c02', 'afee40e9-6632-4435-8124-5b768aed8855'),
	('67624fe7-f7fb-4b8d-aefb-b4a45a333c02', 'd45c4737-7b02-412f-97df-9587711594e2'),
	('eca17e8c-b2b1-4d48-84b7-4b636310c443', 'afee40e9-6632-4435-8124-5b768aed8855'),
	('eca17e8c-b2b1-4d48-84b7-4b636310c443', 'd45c4737-7b02-412f-97df-9587711594e2'),
	('57d63447-39ed-4786-a222-8edb4d56781c', 'afee40e9-6632-4435-8124-5b768aed8855'),
	('57d63447-39ed-4786-a222-8edb4d56781c', 'd45c4737-7b02-412f-97df-9587711594e2'),
	('57d63447-39ed-4786-a222-8edb4d56781c', '83f48f8d-c973-4cd0-ab38-0782d8b99839'),
	('57d63447-39ed-4786-a222-8edb4d56781c', '05caad5f-e507-416c-aaa3-b679b346d827'),
	('57d63447-39ed-4786-a222-8edb4d56781c', 'f15d64e8-f99a-4cc7-94a2-ddb890604bee'),
	('4a0dbfec-00bf-4807-87ed-fcb7a72be8cc', 'afee40e9-6632-4435-8124-5b768aed8855'),
	('4a0dbfec-00bf-4807-87ed-fcb7a72be8cc', 'd45c4737-7b02-412f-97df-9587711594e2'),
	('4a0dbfec-00bf-4807-87ed-fcb7a72be8cc', '05caad5f-e507-416c-aaa3-b679b346d827'),
	('4a0dbfec-00bf-4807-87ed-fcb7a72be8cc', 'f15d64e8-f99a-4cc7-94a2-ddb890604bee'),
	('514dd5d0-d4be-4f4e-b9d4-7996d87bf821', 'afee40e9-6632-4435-8124-5b768aed8855'),
	('514dd5d0-d4be-4f4e-b9d4-7996d87bf821', 'd45c4737-7b02-412f-97df-9587711594e2'),
	('514dd5d0-d4be-4f4e-b9d4-7996d87bf821', '05caad5f-e507-416c-aaa3-b679b346d827'),
	('514dd5d0-d4be-4f4e-b9d4-7996d87bf821', 'f15d64e8-f99a-4cc7-94a2-ddb890604bee'),
	('e4cd93dd-acac-4dc1-b105-bcf584ae558a', 'afee40e9-6632-4435-8124-5b768aed8855'),
	('e4cd93dd-acac-4dc1-b105-bcf584ae558a', 'd45c4737-7b02-412f-97df-9587711594e2'),
	('e4cd93dd-acac-4dc1-b105-bcf584ae558a', '83f48f8d-c973-4cd0-ab38-0782d8b99839'),
	('e4cd93dd-acac-4dc1-b105-bcf584ae558a', '05caad5f-e507-416c-aaa3-b679b346d827'),
	('e4cd93dd-acac-4dc1-b105-bcf584ae558a', 'f15d64e8-f99a-4cc7-94a2-ddb890604bee'),
	('37f0360e-148a-4b4a-895f-710f5266af07', 'afee40e9-6632-4435-8124-5b768aed8855'),
	('37f0360e-148a-4b4a-895f-710f5266af07', 'd45c4737-7b02-412f-97df-9587711594e2'),
	('37f0360e-148a-4b4a-895f-710f5266af07', '05caad5f-e507-416c-aaa3-b679b346d827'),
	('37f0360e-148a-4b4a-895f-710f5266af07', 'f15d64e8-f99a-4cc7-94a2-ddb890604bee'),
	('d04f24b3-edc3-4c1f-af08-c451f4998917', 'afee40e9-6632-4435-8124-5b768aed8855'),
	('d04f24b3-edc3-4c1f-af08-c451f4998917', 'd45c4737-7b02-412f-97df-9587711594e2'),
	('d04f24b3-edc3-4c1f-af08-c451f4998917', '83f48f8d-c973-4cd0-ab38-0782d8b99839'),
	('d04f24b3-edc3-4c1f-af08-c451f4998917', '05caad5f-e507-416c-aaa3-b679b346d827'),
	('d04f24b3-edc3-4c1f-af08-c451f4998917', 'f15d64e8-f99a-4cc7-94a2-ddb890604bee'),
	('817eac20-91dc-4ff5-a572-7bf98c23ee9b', 'afee40e9-6632-4435-8124-5b768aed8855'),
	('817eac20-91dc-4ff5-a572-7bf98c23ee9b', 'd45c4737-7b02-412f-97df-9587711594e2'),
	('817eac20-91dc-4ff5-a572-7bf98c23ee9b', '05caad5f-e507-416c-aaa3-b679b346d827'),
	('817eac20-91dc-4ff5-a572-7bf98c23ee9b', 'f15d64e8-f99a-4cc7-94a2-ddb890604bee');


--
-- Data for Name: state_transitions; Type: TABLE DATA; Schema: public; Owner: postgres
--

INSERT INTO "ebt"."state_transitions" ("from_status", "to_status") VALUES
	('draft', 'submitted'),
	('submitted', 'signed_off'),
	('submitted', 'draft'),
	('signed_off', 'finalized'),
	('signed_off', 'submitted');


--
-- Data for Name: user_roles; Type: TABLE DATA; Schema: public; Owner: postgres
--

INSERT INTO "ebt"."user_roles" ("user_id", "role") VALUES
	('7668de40-8e88-4d7c-adc3-7a703b44215d', 'examiner'),
	('2c71fd2e-df7a-4ddb-ba82-e52f2b98b270', 'examiner'),
	('addb39b1-4011-4484-aa5c-cfb99acdbfad', 'examiner'),
	('37779171-c801-40b6-8a00-713228166547', 'examiner'),
	('c86fc17c-1951-4a37-badf-2882500bde3d', 'admin'),
	('0e5a6948-8491-449f-a817-ec65a641f746', 'examiner'),
	('b9ed8a87-c4c0-401a-aef9-b006b18f2653', 'fleet_manager'),
	('d9a88815-aa0d-4f7d-be56-bf8b7783c85f', 'fleet_manager'),
	('ba93ecf3-2bcb-4560-9e6f-ce919ed31692', 'fleet_manager'),
	('f3316fd7-11f9-40ab-a74d-87ebde1ed380', 'fleet_manager'),
	('43056076-8710-49a1-bef0-98c41550f3f9', 'examiner'),
	('3ae0bca1-89c4-43d7-8334-d620281b0717', 'fleet_manager'),
	('5f524f0a-123b-4a07-82de-9774701f6463', 'fleet_manager'),
	('7f2fa965-fbfd-420e-9e78-a05eaf2c8a62', 'examiner'),
	('02430ea2-d021-476b-8705-bcfbb1cc7dd2', 'fleet_manager'),
	('ecefd685-b942-4101-b9ad-57d9fb5e1471', 'examiner'),
	('c1fcb2d3-c5bd-47db-b508-effd4002d7fb', 'examiner'),
	('fe03bbfb-dcff-430f-99d0-657329186973', 'examiner'),
	('4cc9e3b9-f47d-4e3e-a127-a9c65808dfee', 'examiner'),
	('fee1dcde-f7b9-4f9f-af58-532831ccaabc', 'fleet_manager'),
	('6790f409-36d7-4992-bca0-7bc34fc74627', 'examiner'),
	('f92a91ba-97b0-4d38-b0fe-4e735ea4b527', 'examiner'),
	('76597b6a-72e6-4314-b1cc-83c55f66d05f', 'examiner'),
	('70511b53-b6ca-458e-8bb2-e8a73f135a56', 'fleet_manager'),
	('0680b405-a6c3-4362-9b47-82aa887d4790', 'examiner'),
	('5afd2f18-dfa7-4bb9-8099-27cd553307b8', 'fleet_manager'),
	('84a49fd3-8b66-4786-89de-18e0d6d0aa23', 'fleet_manager'),
	('6ba16977-b32e-4690-98c8-04f8f646e4cf', 'fleet_manager'),
	('94c095e1-5cc2-454f-8a75-8b4b663bd92d', 'fleet_manager'),
	('eb3c6397-f4cd-4f2b-81e2-f2001155fee5', 'examiner'),
	('151ae454-61a8-4140-9303-d6c8bc056790', 'examiner'),
	('47285b2e-5b1a-401a-9d8d-f7bd4a5734a6', 'examiner'),
	('501b838e-4d59-43d0-a85e-33079ca41d07', 'examiner'),
	('59dab0d0-c126-4de7-ae7d-712690fa98b3', 'examiner'),
	('1dfe3a39-9c59-41ba-8f13-ae46b3b2ad16', 'examiner'),
	('32954477-3df5-42e2-9d63-a57148a83d47', 'fleet_manager'),
	('4dd0b22c-0250-48bb-92c7-dde5928a3b3d', 'fleet_manager'),
	('27f45081-e7a3-4969-96e8-f42a3ac71d19', 'fleet_manager'),
	('abdfca0e-42b7-4310-808d-5384dc5bc6a3', 'fleet_manager'),
	('5a58cf4b-83ef-4f4e-ae13-18273e9cb400', 'examiner'),
	('bdc84b33-2198-4082-9949-c3857104f3cf', 'examiner'),
	('8761c140-2caf-40e9-85b3-d2fec18fcfdd', 'fleet_manager'),
	('2737d53f-bbde-4938-a518-09b29ec0c471', 'fleet_manager'),
	('f181d16f-6201-49a7-9db0-4187a5d85928', 'examiner'),
	('0d6f1a91-52e0-440b-9ef5-c3c9f7682d4d', 'fleet_manager'),
	('01a4b3fb-33b5-45db-9ed7-39b4adf66c6b', 'fleet_manager'),
	('d54f4121-cdca-4b57-bc3f-8e6cf0b62f1d', 'examiner'),
	('0302301a-4d2d-4d73-9d17-3e1ba63559db', 'admin'),
	('40a33e08-69bc-485d-90d8-98076834e950', 'examiner'),
	('16ed68ad-0621-467a-b2d9-87be87ee7c87', 'examiner'),
	('0ab52c9d-6e53-4af1-9095-f06c7801ab26', 'examiner'),
	('d27495d2-6a04-4ef7-b6f2-76a79d91cf2a', 'examiner'),
	('9801eacf-4f67-4f68-96d1-49b5f6744fde', 'examiner'),
	('7fdedae9-494f-482b-8137-2f28ac9ec931', 'examiner'),
	('292f8632-e8f0-4ac1-9508-1eb71d7a3a0b', 'fleet_manager'),
	('1ae86f94-7445-459a-812c-570b6549b74a', 'fleet_manager'),
	('297a2ae5-f71a-4c58-be05-b9ccc4432106', 'examiner'),
	('0e5021e3-93d6-4a0c-a952-8b96d6e9934b', 'fleet_manager'),
	('7d3fddb5-8749-4c89-8b1d-8d0ade84c575', 'examiner'),
	('7844a7d7-8a4f-4aac-99c5-908a067f7af9', 'examiner'),
	('612c73eb-44a5-4793-b845-bd8064487442', 'examiner'),
	('3d0a49ab-8629-4d73-a779-d3875ea2ddd6', 'fleet_manager'),
	('8456bc9e-872c-4006-80f5-8fbf7415eb30', 'examiner'),
	('24960135-fdc1-40eb-8064-06ce2bf776e0', 'examiner'),
	('165f9e42-909b-4380-a1d4-6e1bdbd22198', 'admin');


--
-- PostgreSQL database dump complete
--

-- \unrestrict wzySI0aSU4a9ewR6fq8JVQ6riVFmBmLDpNAXM1blTQgTDkuC9VbQ32aGEGezhkY

RESET ALL;

insert into "ebt"."pilot_ext" ("pilot_id","aircraft_type_id") values
  ('6c9478c6-594f-4c06-b5cf-973a763d954d', 'a70bb699-c8ea-4eef-92dd-ec701b783fa0'),
  ('84a5b504-08b0-470f-a7ec-431c1cb5529b', 'a70bb699-c8ea-4eef-92dd-ec701b783fa0'),
  ('1df41aae-b556-4563-b5b2-43d92c47b5fa', 'a70bb699-c8ea-4eef-92dd-ec701b783fa0'),
  ('1a490ad6-51c1-4627-8dc2-d751d043a202', 'a70bb699-c8ea-4eef-92dd-ec701b783fa0'),
  ('63375827-27bd-495f-8e76-d0d6beefd75d', 'a70bb699-c8ea-4eef-92dd-ec701b783fa0'),
  ('8bdab6b8-8f18-471c-80ff-65406f27cc63', 'a70bb699-c8ea-4eef-92dd-ec701b783fa0'),
  ('81a02873-0ee4-4a6b-823b-5f73b00e12b7', 'a70bb699-c8ea-4eef-92dd-ec701b783fa0'),
  ('cfdb499a-96f7-4859-8441-b3b1797d492e', 'a70bb699-c8ea-4eef-92dd-ec701b783fa0'),
  ('755c646a-e369-4cc5-92bf-2d24838c054d', 'a70bb699-c8ea-4eef-92dd-ec701b783fa0'),
  ('24ba455d-95ea-411f-a6d6-8e7f7a9ee18e', 'a70bb699-c8ea-4eef-92dd-ec701b783fa0'),
  ('7eac0a9a-a1ec-4ad9-98ee-be4852272e1a', 'a70bb699-c8ea-4eef-92dd-ec701b783fa0'),
  ('e2b5a78d-3c1f-428e-9124-e5f02c362746', 'a70bb699-c8ea-4eef-92dd-ec701b783fa0'),
  ('aa0b038e-05a0-409b-acaa-84deb222a25d', 'a70bb699-c8ea-4eef-92dd-ec701b783fa0'),
  ('2c82d0c5-10f7-46cb-bca5-5684cdb0bed4', 'a70bb699-c8ea-4eef-92dd-ec701b783fa0'),
  ('63ae7d44-c88f-44f3-b7bc-c369e8493e1d', 'a70bb699-c8ea-4eef-92dd-ec701b783fa0'),
  ('a12cca73-4acd-4a23-92a6-4dd361ed4e64', 'a70bb699-c8ea-4eef-92dd-ec701b783fa0'),
  ('99c17a12-c657-4a98-a3c1-c0bb1037aa06', 'a70bb699-c8ea-4eef-92dd-ec701b783fa0'),
  ('926ffcc7-a46d-4275-9077-6055f00f0051', 'a70bb699-c8ea-4eef-92dd-ec701b783fa0'),
  ('c11a9879-2fcf-4efb-bb63-ec985360f9eb', 'a70bb699-c8ea-4eef-92dd-ec701b783fa0'),
  ('d15163d3-8d5f-462b-8fdc-4138a6352bca', 'a70bb699-c8ea-4eef-92dd-ec701b783fa0'),
  ('75a8a05f-62b8-4e82-8e5b-7ef286066cc7', 'a70bb699-c8ea-4eef-92dd-ec701b783fa0'),
  ('7ac58220-d06b-4166-9c38-7fb8bbc7d09b', 'a70bb699-c8ea-4eef-92dd-ec701b783fa0'),
  ('f6da0ec3-b610-4b3c-80e8-da937d4508ec', 'a70bb699-c8ea-4eef-92dd-ec701b783fa0'),
  ('e4652105-7a4a-4a49-ae48-ccd6995f9f70', 'a70bb699-c8ea-4eef-92dd-ec701b783fa0'),
  ('c92c8825-1e46-4294-a8c3-43350d06280e', 'a70bb699-c8ea-4eef-92dd-ec701b783fa0'),
  ('4e7637b0-2bb6-403f-b0bb-8b546165a3ae', 'a70bb699-c8ea-4eef-92dd-ec701b783fa0'),
  ('3595d38b-8240-40ec-a867-58716c8d5828', 'a70bb699-c8ea-4eef-92dd-ec701b783fa0'),
  ('207553c3-0c32-4eb9-b878-db18ab10a3e6', 'a70bb699-c8ea-4eef-92dd-ec701b783fa0'),
  ('b6c7b1ee-1d3e-437d-8390-e8a403b07419', 'a70bb699-c8ea-4eef-92dd-ec701b783fa0'),
  ('8489db45-471f-4b86-8025-f4e2a3c8ebe9', 'a70bb699-c8ea-4eef-92dd-ec701b783fa0'),
  ('774f1634-2370-4179-8148-72165bba64de', 'a70bb699-c8ea-4eef-92dd-ec701b783fa0'),
  ('62858c09-57e9-4581-9598-a08b81c760fd', 'a70bb699-c8ea-4eef-92dd-ec701b783fa0'),
  ('1a1aa6bc-bf1e-4fd3-b710-efa490754a26', 'a70bb699-c8ea-4eef-92dd-ec701b783fa0'),
  ('e2f7639b-a341-46fd-ab4c-673c7f34add8', 'a70bb699-c8ea-4eef-92dd-ec701b783fa0'),
  ('a8f7abec-a88e-401e-a74c-5425dc07178b', 'a70bb699-c8ea-4eef-92dd-ec701b783fa0')
on conflict ("pilot_id") do nothing;

alter table "ebt"."aircraft_types" enable trigger user;
alter table "ebt"."check_types" enable trigger user;
alter table "ebt"."competencies" enable trigger user;
alter table "ebt"."grade_descriptors" enable trigger user;
alter table "ebt"."licences" enable trigger user;
alter table "ebt"."medicals" enable trigger user;
alter table "ebt"."observable_behaviours" enable trigger user;
alter table "ebt"."qualifications" enable trigger user;
alter table "ebt"."pilot_qualifications" enable trigger user;
alter table "ebt"."profiles" enable trigger user;
alter table "ebt"."record_retention" enable trigger user;
alter table "ebt"."training_reports" enable trigger user;
alter table "ebt"."report_carryover_focus" enable trigger user;
alter table "ebt"."report_competency_grades" enable trigger user;
alter table "ebt"."report_phases" enable trigger user;
alter table "ebt"."report_qualifications" enable trigger user;
alter table "ebt"."specialised_training" enable trigger user;
alter table "ebt"."report_specialised_training" enable trigger user;
alter table "ebt"."state_transitions" enable trigger user;
alter table "ebt"."user_roles" enable trigger user;
alter table "ebt"."remedial_requirements" enable trigger user;
alter table "ebt"."report_documents" enable trigger user;
alter table "ebt"."report_observed_behaviours" enable trigger user;
alter table "ebt"."report_signatures" enable trigger user;
alter table "ebt"."pilot_ext" enable trigger user;
